#
# There is insufficient memory for the Java Runtime Environment to continue.
# Native memory allocation (malloc) failed to allocate 426464 bytes. Error detail: Chunk::new
# Possible reasons:
#   The system is out of physical RAM or swap space
#   This process is running with CompressedOops enabled, and the Java Heap may be blocking the growth of the native heap
# Possible solutions:
#   Reduce memory load on the system
#   Increase physical memory or swap space
#   Check if swap backing store is full
#   Decrease Java heap size (-Xmx/-Xms)
#   Decrease number of Java threads
#   Decrease Java thread stack sizes (-Xss)
#   Set larger code cache with -XX:ReservedCodeCacheSize=
#   JVM is running with Unscaled Compressed Oops mode in which the Java heap is
#     placed in the first 4GB address space. The Java Heap base address is the
#     maximum limit for the native heap growth. Please use -XX:HeapBaseMinAddress
#     to set the Java Heap base and to place the Java Heap above 4GB virtual address.
# This output file may be truncated or incomplete.
#
#  Out of Memory Error (arena.cpp:168), pid=21964, tid=14712
#
# JRE version: OpenJDK Runtime Environment (21.0.10) (build 21.0.10+-14961533-b1163.108)
# Java VM: OpenJDK 64-Bit Server VM (21.0.10+-14961533-b1163.108, mixed mode, tiered, compressed oops, compressed class ptrs, g1 gc, windows-amd64)
# No core dump will be written. Minidumps are not enabled by default on client versions of Windows
#

---------------  S U M M A R Y ------------

Command Line: --add-opens=java.base/java.util=ALL-UNNAMED --add-opens=java.base/java.lang=ALL-UNNAMED --add-opens=java.base/java.lang.invoke=ALL-UNNAMED --add-opens=java.prefs/java.util.prefs=ALL-UNNAMED --add-exports=jdk.compiler/com.sun.tools.javac.api=ALL-UNNAMED --add-exports=jdk.compiler/com.sun.tools.javac.util=ALL-UNNAMED --add-opens=java.base/java.nio.charset=ALL-UNNAMED --add-opens=java.base/java.net=ALL-UNNAMED --add-opens=java.base/java.util.concurrent.atomic=ALL-UNNAMED -Xmx2048m -Dfile.encoding=UTF-8 -Duser.country=US -Duser.language=en -Duser.variant -javaagent:C:\Users\MSI\.gradle\wrapper\dists\gradle-8.9-bin\90cnw93cvbtalezasaz0blq0a\gradle-8.9\lib\agents\gradle-instrumentation-agent-8.9.jar org.gradle.launcher.daemon.bootstrap.GradleDaemon 8.9

Host: 12th Gen Intel(R) Core(TM) i7-12650H, 16 cores, 15G,  Windows 11 , 64 bit Build 26100 (10.0.26100.8246)
Time: Wed May  6 01:17:58 2026 W. Central Africa Standard Time elapsed time: 59.907648 seconds (0d 0h 0m 59s)

---------------  T H R E A D  ---------------

Current thread (0x000001f729a22af0):  JavaThread "C2 CompilerThread1" daemon [_thread_in_native, id=14712, stack(0x000000f24aa00000,0x000000f24ab00000) (1024K)]


Current CompileTask:
C2:59907 25522       4       org.gradle.internal.file.FileHierarchySet$PrefixFileSet::contains (10 bytes)

Stack: [0x000000f24aa00000,0x000000f24ab00000]
Native frames: (J=compiled Java code, j=interpreted, Vv=VM code, C=native code)
V  [jvm.dll+0x6d78a9]
V  [jvm.dll+0x8665b3]
V  [jvm.dll+0x868bde]
V  [jvm.dll+0x8692c3]
V  [jvm.dll+0x280ee6]
V  [jvm.dll+0xc07cd]
V  [jvm.dll+0xc0d03]
V  [jvm.dll+0x3ba0cb]
V  [jvm.dll+0x385df7]
V  [jvm.dll+0x38526a]
V  [jvm.dll+0x249bd2]
V  [jvm.dll+0x2491a1]
V  [jvm.dll+0x1c76e4]
V  [jvm.dll+0x25891e]
V  [jvm.dll+0x256e66]
V  [jvm.dll+0x3f513e]
V  [jvm.dll+0x80fd28]
V  [jvm.dll+0x6d60fd]
C  [ucrtbase.dll+0x37b0]
C  [KERNEL32.DLL+0x2e8d7]
C  [ntdll.dll+0x8c3fc]


---------------  P R O C E S S  ---------------

Threads class SMR info:
_java_thread_list=0x000001f72359e120, length=244, elements={
0x000001f7770790c0, 0x000001f7118852d0, 0x000001f711888960, 0x000001f7118869d0,
0x000001f711888050, 0x000001f7118b8210, 0x000001f7118934b0, 0x000001f7118c8a10,
0x000001f7118d6110, 0x000001f7118f6bc0, 0x000001f711b4bf00, 0x000001f718209c70,
0x000001f716ed7eb0, 0x000001f71792ee00, 0x000001f718521390, 0x000001f71858a100,
0x000001f7185809f0, 0x000001f718395f60, 0x000001f7185c3010, 0x000001f7185bfb90,
0x000001f7185c0220, 0x000001f7185c08b0, 0x000001f7185c15d0, 0x000001f7185c0f40,
0x000001f7185c22f0, 0x000001f7185c2980, 0x000001f71b4d8a70, 0x000001f71b4d7d50,
0x000001f71b4d7030, 0x000001f71b4d55f0, 0x000001f71b4d9100, 0x000001f71b4d76c0,
0x000001f71b4d9790, 0x000001f71b4d83e0, 0x000001f71b4dc580, 0x000001f71b4dab40,
0x000001f71b4dbef0, 0x000001f71b4db1d0, 0x000001f71bb10650, 0x000001f71bb12090,
0x000001f71bb12720, 0x000001f71bb10ce0, 0x000001f71bb0f2a0, 0x000001f71bb0f930,
0x000001f71bb11a00, 0x000001f71bb11370, 0x000001f71bb12db0, 0x000001f71bb13440,
0x000001f71bb0ffc0, 0x000001f71bb14160, 0x000001f71bb147f0, 0x000001f71bb14e80,
0x000001f71bb15510, 0x000001f71bb16230, 0x000001f71bb13ad0, 0x000001f71bb15ba0,
0x000001f71bb168c0, 0x000001f71a138f40, 0x000001f71a137500, 0x000001f71a1395d0,
0x000001f71a139c60, 0x000001f71a13a980, 0x000001f71a1388b0, 0x000001f71a13a2f0,
0x000001f71a137b90, 0x000001f71a138220, 0x000001f7169a0c90, 0x000001f7169a2040,
0x000001f7169a1320, 0x000001f7169a19b0, 0x000001f7169a0600, 0x000001f7169a33f0,
0x000001f7169a26d0, 0x000001f7169a2d60, 0x000001f71699ff70, 0x000001f7169a61e0,
0x000001f7169a6f00, 0x000001f7169a6870, 0x000001f7169a3a80, 0x000001f7169a7590,
0x000001f7169a4110, 0x000001f7169a47a0, 0x000001f7165ebf10, 0x000001f7165eb1f0,
0x000001f7165eab60, 0x000001f7165efa20, 0x000001f7165ee670, 0x000001f7165f2180,
0x000001f7165eed00, 0x000001f7165f00b0, 0x000001f7165f0740, 0x000001f71a788350,
0x000001f71a789700, 0x000001f71a7889e0, 0x000001f71a787630, 0x000001f71a789070,
0x000001f71a787cc0, 0x000001f71a786280, 0x000001f71a786fa0, 0x000001f71a789d90,
0x000001f71a786910, 0x000001f71a78b140, 0x000001f71a78aab0, 0x000001f71a78b7d0,
0x000001f71a78be60, 0x000001f71a78c4f0, 0x000001f71a78d210, 0x000001f71a78a420,
0x000001f71a78d8a0, 0x000001f71cc8e410, 0x000001f71cc8dd80, 0x000001f71cc8d6f0,
0x000001f71cc8eaa0, 0x000001f71cc8f130, 0x000001f71cc8f7c0, 0x000001f71cc8fe50,
0x000001f71cc925b0, 0x000001f71cc93ff0, 0x000001f71cc92c40, 0x000001f71cc93960,
0x000001f71cc932d0, 0x000001f71cc91200, 0x000001f71d9c4130, 0x000001f71d9c2d80,
0x000001f71d9c26f0, 0x000001f71d9c3410, 0x000001f71d9c3aa0, 0x000001f71d9c2060,
0x000001f71d9c47c0, 0x000001f71d9c1340, 0x000001f71d9c4e50, 0x000001f71d9c19d0,
0x000001f71d9c54e0, 0x000001f71d9c7c40, 0x000001f71d9c6f20, 0x000001f71d9c5b70,
0x000001f71d9c6200, 0x000001f71d9c75b0, 0x000001f71d9c82d0, 0x000001f71d9c8960,
0x000001f71a100300, 0x000001f71a0fe8c0, 0x000001f71a0fef50, 0x000001f71a100990,
0x000001f71a0ff5e0, 0x000001f71a0fd510, 0x000001f71a101020, 0x000001f71a0fdba0,
0x000001f71a0ffc70, 0x000001f71a1016b0, 0x000001f71a0fe230, 0x000001f71a102a60,
0x000001f71a103780, 0x000001f71a1030f0, 0x000001f71a103e10, 0x000001f71a104b30,
0x000001f71a101d40, 0x000001f71a1023d0, 0x000001f71a1044a0, 0x000001f719bda6a0,
0x000001f719bdc770, 0x000001f719bdc0e0, 0x000001f719bdd490, 0x000001f719bdce00,
0x000001f719bda010, 0x000001f719bdb3c0, 0x000001f719bdad30, 0x000001f719be0280,
0x000001f719bdf560, 0x000001f719bddb20, 0x000001f719bdfbf0, 0x000001f719be0910,
0x000001f719bde840, 0x000001f719be0fa0, 0x000001f719be1630, 0x000001f719bdeed0,
0x000001f719bde1b0, 0x000001f719be3700, 0x000001f719be3d90, 0x000001f719be4420,
0x000001f719be29e0, 0x000001f719be4ab0, 0x000001f719be5140, 0x000001f719be1cc0,
0x000001f719be57d0, 0x000001f719be2350, 0x000001f719be5e60, 0x000001f719be64f0,
0x000001f719be3070, 0x000001f719be78a0, 0x000001f719be85c0, 0x000001f719be6b80,
0x000001f719be7210, 0x000001f719be7f30, 0x000001f719be8c50, 0x000001f719be92e0,
0x000001f71cc904e0, 0x000001f71cc8d060, 0x000001f71cc90b70, 0x000001f71cc94680,
0x000001f71cc91f20, 0x000001f71cc91890, 0x000001f71aa46fe0, 0x000001f71aa48a20,
0x000001f71aa49740, 0x000001f71aa47670, 0x000001f71aa4b180, 0x000001f71aa49dd0,
0x000001f71aa490b0, 0x000001f71aa4a460, 0x000001f71aa48390, 0x000001f71aa4aaf0,
0x000001f71aa47d00, 0x000001f71aa4b810, 0x000001f71aa4df70, 0x000001f71aa4e600,
0x000001f729a23f60, 0x000001f728911bf0, 0x000001f728910ed0, 0x000001f728912280,
0x000001f727bb9d30, 0x000001f7169aa6e0, 0x000001f726838d90, 0x000001f7285b4b40,
0x000001f7169a7f80, 0x000001f726838700, 0x000001f7285b51d0, 0x000001f7169a8ca0,
0x000001f7250fbb30, 0x000001f7250f9a60, 0x000001f7285b5ef0, 0x000001f7250fb4a0,
0x000001f7285b6580, 0x000001f71cd091e0, 0x000001f729a22af0, 0x000001f729a24d00,
0x000001f7169aa050, 0x000001f7250fc1c0, 0x000001f726839420, 0x000001f7169a9330,
0x000001f7250f93d0, 0x000001f7295f14c0, 0x000001f7295f36d0, 0x000001f7295f3000
}

Java Threads: ( => current thread )
  0x000001f7770790c0 JavaThread "main"                              [_thread_blocked, id=4604, stack(0x000000f24ab00000,0x000000f24ac00000) (1024K)]
  0x000001f7118852d0 JavaThread "Common-Cleaner"             daemon [_thread_blocked, id=14888, stack(0x000000f24b300000,0x000000f24b400000) (1024K)]
  0x000001f711888960 JavaThread "Reference Handler"          daemon [_thread_blocked, id=10116, stack(0x000000f24b400000,0x000000f24b500000) (1024K)]
  0x000001f7118869d0 JavaThread "Finalizer"                  daemon [_thread_blocked, id=9528, stack(0x000000f24b500000,0x000000f24b600000) (1024K)]
  0x000001f711888050 JavaThread "Signal Dispatcher"          daemon [_thread_blocked, id=2248, stack(0x000000f24b600000,0x000000f24b700000) (1024K)]
  0x000001f7118b8210 JavaThread "Attach Listener"            daemon [_thread_blocked, id=18400, stack(0x000000f24b700000,0x000000f24b800000) (1024K)]
  0x000001f7118934b0 JavaThread "Service Thread"             daemon [_thread_blocked, id=9708, stack(0x000000f24b800000,0x000000f24b900000) (1024K)]
  0x000001f7118c8a10 JavaThread "Monitor Deflation Thread"   daemon [_thread_blocked, id=10048, stack(0x000000f24b900000,0x000000f24ba00000) (1024K)]
  0x000001f7118d6110 JavaThread "C2 CompilerThread0"         daemon [_thread_in_native, id=16488, stack(0x000000f24ba00000,0x000000f24bb00000) (1024K)]
  0x000001f7118f6bc0 JavaThread "C1 CompilerThread0"         daemon [_thread_blocked, id=12252, stack(0x000000f24bb00000,0x000000f24bc00000) (1024K)]
  0x000001f711b4bf00 JavaThread "Notification Thread"        daemon [_thread_blocked, id=20700, stack(0x000000f24bf00000,0x000000f24c000000) (1024K)]
  0x000001f718209c70 JavaThread "Daemon health stats"               [_thread_blocked, id=2108, stack(0x000000f24c800000,0x000000f24c900000) (1024K)]
  0x000001f716ed7eb0 JavaThread "Incoming local TCP Connector on port 52936"        [_thread_in_native, id=24408, stack(0x000000f24c900000,0x000000f24ca00000) (1024K)]
  0x000001f71792ee00 JavaThread "Daemon periodic checks"            [_thread_blocked, id=15468, stack(0x000000f24ca00000,0x000000f24cb00000) (1024K)]
  0x000001f718521390 JavaThread "Daemon"                            [_thread_blocked, id=18096, stack(0x000000f24cb00000,0x000000f24cc00000) (1024K)]
  0x000001f71858a100 JavaThread "Handler for socket connection from /127.0.0.1:52936 to /127.0.0.1:52937"        [_thread_in_native, id=3268, stack(0x000000f24cc00000,0x000000f24cd00000) (1024K)]
  0x000001f7185809f0 JavaThread "Cancel handler"                    [_thread_blocked, id=17752, stack(0x000000f24cd00000,0x000000f24ce00000) (1024K)]
  0x000001f718395f60 JavaThread "Daemon worker"                     [_thread_in_vm, id=14176, stack(0x000000f24ce00000,0x000000f24cf00000) (1024K)]
  0x000001f7185c3010 JavaThread "Asynchronous log dispatcher for DefaultDaemonConnection: socket connection from /127.0.0.1:52936 to /127.0.0.1:52937"        [_thread_blocked, id=7636, stack(0x000000f24cf00000,0x000000f24d000000) (1024K)]
  0x000001f7185bfb90 JavaThread "Stdin handler"                     [_thread_blocked, id=24328, stack(0x000000f24d000000,0x000000f24d100000) (1024K)]
  0x000001f7185c0220 JavaThread "Daemon client event forwarder"        [_thread_blocked, id=18316, stack(0x000000f24d100000,0x000000f24d200000) (1024K)]
  0x000001f7185c08b0 JavaThread "Cache worker for journal cache (C:\Users\MSI\.gradle\caches\journal-1)"        [_thread_blocked, id=2776, stack(0x000000f24db00000,0x000000f24dc00000) (1024K)]
  0x000001f7185c15d0 JavaThread "File lock request listener"        [_thread_in_native, id=4992, stack(0x000000f24dc00000,0x000000f24dd00000) (1024K)]
  0x000001f7185c0f40 JavaThread "Cache worker for file hash cache (C:\Users\MSI\.gradle\caches\8.9\fileHashes)"        [_thread_blocked, id=7388, stack(0x000000f24dd00000,0x000000f24de00000) (1024K)]
  0x000001f7185c22f0 JavaThread "Cache worker for file hash cache (C:\Users\MSI\Downloads\mobile2\.gradle\8.9\fileHashes)"        [_thread_blocked, id=23100, stack(0x000000f24de00000,0x000000f24df00000) (1024K)]
  0x000001f7185c2980 JavaThread "Cache worker for Build Output Cleanup Cache (C:\Users\MSI\Downloads\mobile2\.gradle\buildOutputCleanup)"        [_thread_blocked, id=24428, stack(0x000000f24df00000,0x000000f24e000000) (1024K)]
  0x000001f71b4d8a70 JavaThread "File watcher server"        daemon [_thread_in_native, id=12828, stack(0x000000f24e000000,0x000000f24e100000) (1024K)]
  0x000001f71b4d7d50 JavaThread "File watcher consumer"      daemon [_thread_blocked, id=9476, stack(0x000000f24e100000,0x000000f24e200000) (1024K)]
  0x000001f71b4d7030 JavaThread "Cache worker for checksums cache (C:\Users\MSI\Downloads\mobile2\.gradle\8.9\checksums)"        [_thread_blocked, id=7264, stack(0x000000f24e200000,0x000000f24e300000) (1024K)]
  0x000001f71b4d55f0 JavaThread "Cache worker for file content cache (C:\Users\MSI\.gradle\caches\8.9\fileContent)"        [_thread_blocked, id=2748, stack(0x000000f24e300000,0x000000f24e400000) (1024K)]
  0x000001f71b4d9100 JavaThread "Cache worker for cache directory md-rule (C:\Users\MSI\.gradle\caches\8.9\md-rule)"        [_thread_blocked, id=8020, stack(0x000000f24e400000,0x000000f24e500000) (1024K)]
  0x000001f71b4d76c0 JavaThread "Cache worker for cache directory md-supplier (C:\Users\MSI\.gradle\caches\8.9\md-supplier)"        [_thread_blocked, id=2016, stack(0x000000f24e500000,0x000000f24e600000) (1024K)]
  0x000001f71b4d9790 JavaThread "jar transforms"                    [_thread_blocked, id=20968, stack(0x000000f24e700000,0x000000f24e800000) (1024K)]
  0x000001f71b4d83e0 JavaThread "jar transforms Thread 2"           [_thread_blocked, id=21108, stack(0x000000f24e800000,0x000000f24e900000) (1024K)]
  0x000001f71b4dc580 JavaThread "jar transforms Thread 3"           [_thread_blocked, id=15064, stack(0x000000f24e900000,0x000000f24ea00000) (1024K)]
  0x000001f71b4dab40 JavaThread "Unconstrained build operations"        [_thread_blocked, id=12148, stack(0x000000f24e600000,0x000000f24e700000) (1024K)]
  0x000001f71b4dbef0 JavaThread "Unconstrained build operations Thread 2"        [_thread_blocked, id=16456, stack(0x000000f24ea00000,0x000000f24eb00000) (1024K)]
  0x000001f71b4db1d0 JavaThread "Unconstrained build operations Thread 3"        [_thread_blocked, id=6480, stack(0x000000f24eb00000,0x000000f24ec00000) (1024K)]
  0x000001f71bb10650 JavaThread "Unconstrained build operations Thread 4"        [_thread_blocked, id=6832, stack(0x000000f24ec00000,0x000000f24ed00000) (1024K)]
  0x000001f71bb12090 JavaThread "Unconstrained build operations Thread 5"        [_thread_blocked, id=6272, stack(0x000000f24ed00000,0x000000f24ee00000) (1024K)]
  0x000001f71bb12720 JavaThread "Unconstrained build operations Thread 6"        [_thread_blocked, id=18408, stack(0x000000f24ee00000,0x000000f24ef00000) (1024K)]
  0x000001f71bb10ce0 JavaThread "Unconstrained build operations Thread 7"        [_thread_blocked, id=2292, stack(0x000000f24ef00000,0x000000f24f000000) (1024K)]
  0x000001f71bb0f2a0 JavaThread "Unconstrained build operations Thread 8"        [_thread_blocked, id=2068, stack(0x000000f24f000000,0x000000f24f100000) (1024K)]
  0x000001f71bb0f930 JavaThread "Unconstrained build operations Thread 9"        [_thread_blocked, id=20504, stack(0x000000f24f100000,0x000000f24f200000) (1024K)]
  0x000001f71bb11a00 JavaThread "Unconstrained build operations Thread 10"        [_thread_blocked, id=22376, stack(0x000000f24f200000,0x000000f24f300000) (1024K)]
  0x000001f71bb11370 JavaThread "Unconstrained build operations Thread 11"        [_thread_blocked, id=6336, stack(0x000000f24f300000,0x000000f24f400000) (1024K)]
  0x000001f71bb12db0 JavaThread "Unconstrained build operations Thread 12"        [_thread_blocked, id=2008, stack(0x000000f24f400000,0x000000f24f500000) (1024K)]
  0x000001f71bb13440 JavaThread "Unconstrained build operations Thread 13"        [_thread_blocked, id=3408, stack(0x000000f24f500000,0x000000f24f600000) (1024K)]
  0x000001f71bb0ffc0 JavaThread "Unconstrained build operations Thread 14"        [_thread_blocked, id=6964, stack(0x000000f24f600000,0x000000f24f700000) (1024K)]
  0x000001f71bb14160 JavaThread "Unconstrained build operations Thread 15"        [_thread_blocked, id=8136, stack(0x000000f24f700000,0x000000f24f800000) (1024K)]
  0x000001f71bb147f0 JavaThread "Unconstrained build operations Thread 16"        [_thread_blocked, id=20232, stack(0x000000f24f800000,0x000000f24f900000) (1024K)]
  0x000001f71bb14e80 JavaThread "Unconstrained build operations Thread 17"        [_thread_blocked, id=11640, stack(0x000000f24f900000,0x000000f24fa00000) (1024K)]
  0x000001f71bb15510 JavaThread "Unconstrained build operations Thread 18"        [_thread_blocked, id=5416, stack(0x000000f24fa00000,0x000000f24fb00000) (1024K)]
  0x000001f71bb16230 JavaThread "Unconstrained build operations Thread 19"        [_thread_blocked, id=3048, stack(0x000000f24fb00000,0x000000f24fc00000) (1024K)]
  0x000001f71bb13ad0 JavaThread "Unconstrained build operations Thread 20"        [_thread_blocked, id=23092, stack(0x000000f24fc00000,0x000000f24fd00000) (1024K)]
  0x000001f71bb15ba0 JavaThread "Unconstrained build operations Thread 21"        [_thread_blocked, id=22500, stack(0x000000f24fd00000,0x000000f24fe00000) (1024K)]
  0x000001f71bb168c0 JavaThread "Unconstrained build operations Thread 22"        [_thread_blocked, id=15740, stack(0x000000f24fe00000,0x000000f24ff00000) (1024K)]
  0x000001f71a138f40 JavaThread "Unconstrained build operations Thread 23"        [_thread_blocked, id=7036, stack(0x000000f24ff00000,0x000000f250000000) (1024K)]
  0x000001f71a137500 JavaThread "Unconstrained build operations Thread 24"        [_thread_blocked, id=24260, stack(0x000000f250000000,0x000000f250100000) (1024K)]
  0x000001f71a1395d0 JavaThread "Unconstrained build operations Thread 25"        [_thread_blocked, id=7004, stack(0x000000f250100000,0x000000f250200000) (1024K)]
  0x000001f71a139c60 JavaThread "Unconstrained build operations Thread 26"        [_thread_blocked, id=12800, stack(0x000000f250200000,0x000000f250300000) (1024K)]
  0x000001f71a13a980 JavaThread "Unconstrained build operations Thread 27"        [_thread_blocked, id=8608, stack(0x000000f250300000,0x000000f250400000) (1024K)]
  0x000001f71a1388b0 JavaThread "Unconstrained build operations Thread 28"        [_thread_blocked, id=24384, stack(0x000000f250400000,0x000000f250500000) (1024K)]
  0x000001f71a13a2f0 JavaThread "Unconstrained build operations Thread 29"        [_thread_blocked, id=18076, stack(0x000000f250500000,0x000000f250600000) (1024K)]
  0x000001f71a137b90 JavaThread "Unconstrained build operations Thread 30"        [_thread_blocked, id=7488, stack(0x000000f250600000,0x000000f250700000) (1024K)]
  0x000001f71a138220 JavaThread "Unconstrained build operations Thread 31"        [_thread_blocked, id=18084, stack(0x000000f250700000,0x000000f250800000) (1024K)]
  0x000001f7169a0c90 JavaThread "Unconstrained build operations Thread 32"        [_thread_blocked, id=23976, stack(0x000000f250800000,0x000000f250900000) (1024K)]
  0x000001f7169a2040 JavaThread "Unconstrained build operations Thread 33"        [_thread_blocked, id=15108, stack(0x000000f250900000,0x000000f250a00000) (1024K)]
  0x000001f7169a1320 JavaThread "Unconstrained build operations Thread 34"        [_thread_blocked, id=14420, stack(0x000000f250a00000,0x000000f250b00000) (1024K)]
  0x000001f7169a19b0 JavaThread "Unconstrained build operations Thread 35"        [_thread_blocked, id=19756, stack(0x000000f250b00000,0x000000f250c00000) (1024K)]
  0x000001f7169a0600 JavaThread "Unconstrained build operations Thread 36"        [_thread_blocked, id=3676, stack(0x000000f250c00000,0x000000f250d00000) (1024K)]
  0x000001f7169a33f0 JavaThread "Unconstrained build operations Thread 37"        [_thread_blocked, id=22432, stack(0x000000f250d00000,0x000000f250e00000) (1024K)]
  0x000001f7169a26d0 JavaThread "Unconstrained build operations Thread 38"        [_thread_blocked, id=10336, stack(0x000000f250e00000,0x000000f250f00000) (1024K)]
  0x000001f7169a2d60 JavaThread "Unconstrained build operations Thread 39"        [_thread_blocked, id=13064, stack(0x000000f250f00000,0x000000f251000000) (1024K)]
  0x000001f71699ff70 JavaThread "Unconstrained build operations Thread 40"        [_thread_blocked, id=20904, stack(0x000000f251000000,0x000000f251100000) (1024K)]
  0x000001f7169a61e0 JavaThread "Unconstrained build operations Thread 41"        [_thread_blocked, id=12704, stack(0x000000f251100000,0x000000f251200000) (1024K)]
  0x000001f7169a6f00 JavaThread "Unconstrained build operations Thread 42"        [_thread_blocked, id=24252, stack(0x000000f251200000,0x000000f251300000) (1024K)]
  0x000001f7169a6870 JavaThread "Unconstrained build operations Thread 43"        [_thread_blocked, id=19500, stack(0x000000f251300000,0x000000f251400000) (1024K)]
  0x000001f7169a3a80 JavaThread "Unconstrained build operations Thread 44"        [_thread_blocked, id=20788, stack(0x000000f251400000,0x000000f251500000) (1024K)]
  0x000001f7169a7590 JavaThread "Unconstrained build operations Thread 45"        [_thread_blocked, id=1960, stack(0x000000f251500000,0x000000f251600000) (1024K)]
  0x000001f7169a4110 JavaThread "jar transforms Thread 4"           [_thread_blocked, id=13028, stack(0x000000f251600000,0x000000f251700000) (1024K)]
  0x000001f7169a47a0 JavaThread "jar transforms Thread 5"           [_thread_blocked, id=15092, stack(0x000000f251700000,0x000000f251800000) (1024K)]
  0x000001f7165ebf10 JavaThread "Memory manager"                    [_thread_blocked, id=9484, stack(0x000000f24c100000,0x000000f24c200000) (1024K)]
  0x000001f7165eb1f0 JavaThread "jar transforms Thread 6"           [_thread_blocked, id=22224, stack(0x000000f251800000,0x000000f251900000) (1024K)]
  0x000001f7165eab60 JavaThread "included builds"                   [_thread_blocked, id=5124, stack(0x000000f251900000,0x000000f251a00000) (1024K)]
  0x000001f7165efa20 JavaThread "Execution worker"                  [_thread_blocked, id=14172, stack(0x000000f251a00000,0x000000f251b00000) (1024K)]
  0x000001f7165ee670 JavaThread "Execution worker Thread 2"         [_thread_blocked, id=21260, stack(0x000000f251b00000,0x000000f251c00000) (1024K)]
  0x000001f7165f2180 JavaThread "Execution worker Thread 3"         [_thread_blocked, id=18392, stack(0x000000f251c00000,0x000000f251d00000) (1024K)]
  0x000001f7165eed00 JavaThread "Execution worker Thread 4"         [_thread_blocked, id=24068, stack(0x000000f251d00000,0x000000f251e00000) (1024K)]
  0x000001f7165f00b0 JavaThread "Execution worker Thread 5"         [_thread_blocked, id=10980, stack(0x000000f251e00000,0x000000f251f00000) (1024K)]
  0x000001f7165f0740 JavaThread "Execution worker Thread 6"         [_thread_blocked, id=4252, stack(0x000000f251f00000,0x000000f252000000) (1024K)]
  0x000001f71a788350 JavaThread "Execution worker Thread 7"         [_thread_blocked, id=11900, stack(0x000000f252000000,0x000000f252100000) (1024K)]
  0x000001f71a789700 JavaThread "Execution worker Thread 8"         [_thread_blocked, id=10260, stack(0x000000f252100000,0x000000f252200000) (1024K)]
  0x000001f71a7889e0 JavaThread "Execution worker Thread 9"         [_thread_blocked, id=14616, stack(0x000000f252200000,0x000000f252300000) (1024K)]
  0x000001f71a787630 JavaThread "Execution worker Thread 10"        [_thread_blocked, id=9084, stack(0x000000f252300000,0x000000f252400000) (1024K)]
  0x000001f71a789070 JavaThread "Execution worker Thread 11"        [_thread_blocked, id=5036, stack(0x000000f252400000,0x000000f252500000) (1024K)]
  0x000001f71a787cc0 JavaThread "Execution worker Thread 12"        [_thread_blocked, id=23912, stack(0x000000f252500000,0x000000f252600000) (1024K)]
  0x000001f71a786280 JavaThread "Execution worker Thread 13"        [_thread_blocked, id=5812, stack(0x000000f252600000,0x000000f252700000) (1024K)]
  0x000001f71a786fa0 JavaThread "Execution worker Thread 14"        [_thread_blocked, id=15156, stack(0x000000f252700000,0x000000f252800000) (1024K)]
  0x000001f71a789d90 JavaThread "Execution worker Thread 15"        [_thread_blocked, id=9372, stack(0x000000f252800000,0x000000f252900000) (1024K)]
  0x000001f71a786910 JavaThread "Cache worker for execution history cache (C:\Users\MSI\Downloads\mobile2\.gradle\8.9\executionHistory)"        [_thread_blocked, id=15164, stack(0x000000f252900000,0x000000f252a00000) (1024K)]
  0x000001f71a78b140 JavaThread "Unconstrained build operations Thread 46"        [_thread_blocked, id=19844, stack(0x000000f252a00000,0x000000f252b00000) (1024K)]
  0x000001f71a78aab0 JavaThread "Unconstrained build operations Thread 47"        [_thread_blocked, id=7516, stack(0x000000f252b00000,0x000000f252c00000) (1024K)]
  0x000001f71a78b7d0 JavaThread "Unconstrained build operations Thread 48"        [_thread_blocked, id=19808, stack(0x000000f252c00000,0x000000f252d00000) (1024K)]
  0x000001f71a78be60 JavaThread "Unconstrained build operations Thread 49"        [_thread_blocked, id=12232, stack(0x000000f252d00000,0x000000f252e00000) (1024K)]
  0x000001f71a78c4f0 JavaThread "Unconstrained build operations Thread 50"        [_thread_blocked, id=12164, stack(0x000000f252e00000,0x000000f252f00000) (1024K)]
  0x000001f71a78d210 JavaThread "Unconstrained build operations Thread 51"        [_thread_blocked, id=6636, stack(0x000000f252f00000,0x000000f253000000) (1024K)]
  0x000001f71a78a420 JavaThread "Unconstrained build operations Thread 52"        [_thread_blocked, id=2804, stack(0x000000f253000000,0x000000f253100000) (1024K)]
  0x000001f71a78d8a0 JavaThread "Unconstrained build operations Thread 53"        [_thread_blocked, id=16580, stack(0x000000f253100000,0x000000f253200000) (1024K)]
  0x000001f71cc8e410 JavaThread "Unconstrained build operations Thread 54"        [_thread_blocked, id=11416, stack(0x000000f253200000,0x000000f253300000) (1024K)]
  0x000001f71cc8dd80 JavaThread "Unconstrained build operations Thread 55"        [_thread_blocked, id=24300, stack(0x000000f253300000,0x000000f253400000) (1024K)]
  0x000001f71cc8d6f0 JavaThread "Unconstrained build operations Thread 56"        [_thread_blocked, id=6628, stack(0x000000f253400000,0x000000f253500000) (1024K)]
  0x000001f71cc8eaa0 JavaThread "Unconstrained build operations Thread 57"        [_thread_blocked, id=13728, stack(0x000000f253500000,0x000000f253600000) (1024K)]
  0x000001f71cc8f130 JavaThread "Unconstrained build operations Thread 58"        [_thread_blocked, id=23460, stack(0x000000f253600000,0x000000f253700000) (1024K)]
  0x000001f71cc8f7c0 JavaThread "Unconstrained build operations Thread 59"        [_thread_blocked, id=1700, stack(0x000000f253700000,0x000000f253800000) (1024K)]
  0x000001f71cc8fe50 JavaThread "Unconstrained build operations Thread 60"        [_thread_blocked, id=11644, stack(0x000000f253800000,0x000000f253900000) (1024K)]
  0x000001f71cc925b0 JavaThread "Unconstrained build operations Thread 61"        [_thread_blocked, id=24368, stack(0x000000f24c700000,0x000000f24c800000) (1024K)]
  0x000001f71cc93ff0 JavaThread "Unconstrained build operations Thread 62"        [_thread_blocked, id=24112, stack(0x000000f253900000,0x000000f253a00000) (1024K)]
  0x000001f71cc92c40 JavaThread "Unconstrained build operations Thread 63"        [_thread_blocked, id=20768, stack(0x000000f253a00000,0x000000f253b00000) (1024K)]
  0x000001f71cc93960 JavaThread "Unconstrained build operations Thread 64"        [_thread_blocked, id=11776, stack(0x000000f253b00000,0x000000f253c00000) (1024K)]
  0x000001f71cc932d0 JavaThread "Unconstrained build operations Thread 65"        [_thread_blocked, id=7628, stack(0x000000f253c00000,0x000000f253d00000) (1024K)]
  0x000001f71cc91200 JavaThread "Unconstrained build operations Thread 66"        [_thread_blocked, id=2800, stack(0x000000f253d00000,0x000000f253e00000) (1024K)]
  0x000001f71d9c4130 JavaThread "Unconstrained build operations Thread 67"        [_thread_blocked, id=22072, stack(0x000000f253e00000,0x000000f253f00000) (1024K)]
  0x000001f71d9c2d80 JavaThread "Unconstrained build operations Thread 68"        [_thread_blocked, id=14976, stack(0x000000f253f00000,0x000000f254000000) (1024K)]
  0x000001f71d9c26f0 JavaThread "Unconstrained build operations Thread 69"        [_thread_blocked, id=19860, stack(0x000000f254000000,0x000000f254100000) (1024K)]
  0x000001f71d9c3410 JavaThread "Unconstrained build operations Thread 70"        [_thread_blocked, id=6284, stack(0x000000f254100000,0x000000f254200000) (1024K)]
  0x000001f71d9c3aa0 JavaThread "Unconstrained build operations Thread 71"        [_thread_blocked, id=12672, stack(0x000000f254200000,0x000000f254300000) (1024K)]
  0x000001f71d9c2060 JavaThread "Unconstrained build operations Thread 72"        [_thread_blocked, id=13884, stack(0x000000f254300000,0x000000f254400000) (1024K)]
  0x000001f71d9c47c0 JavaThread "Unconstrained build operations Thread 73"        [_thread_blocked, id=14436, stack(0x000000f254400000,0x000000f254500000) (1024K)]
  0x000001f71d9c1340 JavaThread "Unconstrained build operations Thread 74"        [_thread_blocked, id=23200, stack(0x000000f254500000,0x000000f254600000) (1024K)]
  0x000001f71d9c4e50 JavaThread "Unconstrained build operations Thread 75"        [_thread_blocked, id=21312, stack(0x000000f254600000,0x000000f254700000) (1024K)]
  0x000001f71d9c19d0 JavaThread "Unconstrained build operations Thread 76"        [_thread_blocked, id=10152, stack(0x000000f254700000,0x000000f254800000) (1024K)]
  0x000001f71d9c54e0 JavaThread "Unconstrained build operations Thread 77"        [_thread_blocked, id=2540, stack(0x000000f254800000,0x000000f254900000) (1024K)]
  0x000001f71d9c7c40 JavaThread "Unconstrained build operations Thread 78"        [_thread_blocked, id=10484, stack(0x000000f254900000,0x000000f254a00000) (1024K)]
  0x000001f71d9c6f20 JavaThread "Unconstrained build operations Thread 79"        [_thread_blocked, id=13968, stack(0x000000f254a00000,0x000000f254b00000) (1024K)]
  0x000001f71d9c5b70 JavaThread "Unconstrained build operations Thread 80"        [_thread_blocked, id=5472, stack(0x000000f254b00000,0x000000f254c00000) (1024K)]
  0x000001f71d9c6200 JavaThread "Unconstrained build operations Thread 81"        [_thread_blocked, id=18360, stack(0x000000f254c00000,0x000000f254d00000) (1024K)]
  0x000001f71d9c75b0 JavaThread "Unconstrained build operations Thread 82"        [_thread_blocked, id=20432, stack(0x000000f254d00000,0x000000f254e00000) (1024K)]
  0x000001f71d9c82d0 JavaThread "Unconstrained build operations Thread 83"        [_thread_blocked, id=1156, stack(0x000000f254e00000,0x000000f254f00000) (1024K)]
  0x000001f71d9c8960 JavaThread "Unconstrained build operations Thread 84"        [_thread_blocked, id=18372, stack(0x000000f254f00000,0x000000f255000000) (1024K)]
  0x000001f71a100300 JavaThread "Unconstrained build operations Thread 85"        [_thread_blocked, id=2944, stack(0x000000f255000000,0x000000f255100000) (1024K)]
  0x000001f71a0fe8c0 JavaThread "Unconstrained build operations Thread 86"        [_thread_blocked, id=19608, stack(0x000000f255100000,0x000000f255200000) (1024K)]
  0x000001f71a0fef50 JavaThread "Unconstrained build operations Thread 87"        [_thread_blocked, id=23204, stack(0x000000f255200000,0x000000f255300000) (1024K)]
  0x000001f71a100990 JavaThread "Unconstrained build operations Thread 88"        [_thread_blocked, id=4900, stack(0x000000f255300000,0x000000f255400000) (1024K)]
  0x000001f71a0ff5e0 JavaThread "Unconstrained build operations Thread 89"        [_thread_blocked, id=2672, stack(0x000000f255400000,0x000000f255500000) (1024K)]
  0x000001f71a0fd510 JavaThread "Unconstrained build operations Thread 90"        [_thread_blocked, id=3056, stack(0x000000f255500000,0x000000f255600000) (1024K)]
  0x000001f71a101020 JavaThread "Unconstrained build operations Thread 91"        [_thread_blocked, id=14788, stack(0x000000f255600000,0x000000f255700000) (1024K)]
  0x000001f71a0fdba0 JavaThread "Unconstrained build operations Thread 92"        [_thread_blocked, id=8108, stack(0x000000f255700000,0x000000f255800000) (1024K)]
  0x000001f71a0ffc70 JavaThread "Unconstrained build operations Thread 93"        [_thread_blocked, id=6572, stack(0x000000f255800000,0x000000f255900000) (1024K)]
  0x000001f71a1016b0 JavaThread "Unconstrained build operations Thread 94"        [_thread_blocked, id=20864, stack(0x000000f255900000,0x000000f255a00000) (1024K)]
  0x000001f71a0fe230 JavaThread "Unconstrained build operations Thread 95"        [_thread_blocked, id=13080, stack(0x000000f255a00000,0x000000f255b00000) (1024K)]
  0x000001f71a102a60 JavaThread "Unconstrained build operations Thread 96"        [_thread_blocked, id=5412, stack(0x000000f255b00000,0x000000f255c00000) (1024K)]
  0x000001f71a103780 JavaThread "Unconstrained build operations Thread 97"        [_thread_blocked, id=10772, stack(0x000000f255c00000,0x000000f255d00000) (1024K)]
  0x000001f71a1030f0 JavaThread "Unconstrained build operations Thread 98"        [_thread_blocked, id=3316, stack(0x000000f255d00000,0x000000f255e00000) (1024K)]
  0x000001f71a103e10 JavaThread "Unconstrained build operations Thread 99"        [_thread_blocked, id=8220, stack(0x000000f255e00000,0x000000f255f00000) (1024K)]
  0x000001f71a104b30 JavaThread "Unconstrained build operations Thread 100"        [_thread_blocked, id=16412, stack(0x000000f255f00000,0x000000f256000000) (1024K)]
  0x000001f71a101d40 JavaThread "Unconstrained build operations Thread 101"        [_thread_blocked, id=16044, stack(0x000000f256000000,0x000000f256100000) (1024K)]
  0x000001f71a1023d0 JavaThread "Unconstrained build operations Thread 102"        [_thread_blocked, id=17024, stack(0x000000f256100000,0x000000f256200000) (1024K)]
  0x000001f71a1044a0 JavaThread "Unconstrained build operations Thread 103"        [_thread_blocked, id=21616, stack(0x000000f256200000,0x000000f256300000) (1024K)]
  0x000001f719bda6a0 JavaThread "Unconstrained build operations Thread 104"        [_thread_blocked, id=24560, stack(0x000000f256300000,0x000000f256400000) (1024K)]
  0x000001f719bdc770 JavaThread "Unconstrained build operations Thread 105"        [_thread_blocked, id=9132, stack(0x000000f256400000,0x000000f256500000) (1024K)]
  0x000001f719bdc0e0 JavaThread "Unconstrained build operations Thread 106"        [_thread_blocked, id=7836, stack(0x000000f256500000,0x000000f256600000) (1024K)]
  0x000001f719bdd490 JavaThread "Unconstrained build operations Thread 107"        [_thread_blocked, id=23248, stack(0x000000f256600000,0x000000f256700000) (1024K)]
  0x000001f719bdce00 JavaThread "Unconstrained build operations Thread 108"        [_thread_blocked, id=9908, stack(0x000000f256700000,0x000000f256800000) (1024K)]
  0x000001f719bda010 JavaThread "Unconstrained build operations Thread 109"        [_thread_blocked, id=17796, stack(0x000000f256800000,0x000000f256900000) (1024K)]
  0x000001f719bdb3c0 JavaThread "Unconstrained build operations Thread 110"        [_thread_blocked, id=6816, stack(0x000000f256900000,0x000000f256a00000) (1024K)]
  0x000001f719bdad30 JavaThread "Unconstrained build operations Thread 111"        [_thread_blocked, id=8372, stack(0x000000f256a00000,0x000000f256b00000) (1024K)]
  0x000001f719be0280 JavaThread "Unconstrained build operations Thread 112"        [_thread_blocked, id=23016, stack(0x000000f256b00000,0x000000f256c00000) (1024K)]
  0x000001f719bdf560 JavaThread "Unconstrained build operations Thread 113"        [_thread_blocked, id=5744, stack(0x000000f256c00000,0x000000f256d00000) (1024K)]
  0x000001f719bddb20 JavaThread "Unconstrained build operations Thread 114"        [_thread_blocked, id=12084, stack(0x000000f256d00000,0x000000f256e00000) (1024K)]
  0x000001f719bdfbf0 JavaThread "Unconstrained build operations Thread 115"        [_thread_blocked, id=20032, stack(0x000000f256e00000,0x000000f256f00000) (1024K)]
  0x000001f719be0910 JavaThread "Unconstrained build operations Thread 116"        [_thread_blocked, id=9124, stack(0x000000f256f00000,0x000000f257000000) (1024K)]
  0x000001f719bde840 JavaThread "Unconstrained build operations Thread 117"        [_thread_blocked, id=24296, stack(0x000000f257000000,0x000000f257100000) (1024K)]
  0x000001f719be0fa0 JavaThread "Unconstrained build operations Thread 118"        [_thread_blocked, id=7600, stack(0x000000f257100000,0x000000f257200000) (1024K)]
  0x000001f719be1630 JavaThread "Unconstrained build operations Thread 119"        [_thread_blocked, id=20936, stack(0x000000f257200000,0x000000f257300000) (1024K)]
  0x000001f719bdeed0 JavaThread "Unconstrained build operations Thread 120"        [_thread_blocked, id=8196, stack(0x000000f257300000,0x000000f257400000) (1024K)]
  0x000001f719bde1b0 JavaThread "Unconstrained build operations Thread 121"        [_thread_blocked, id=1416, stack(0x000000f257400000,0x000000f257500000) (1024K)]
  0x000001f719be3700 JavaThread "Unconstrained build operations Thread 122"        [_thread_blocked, id=16244, stack(0x000000f257500000,0x000000f257600000) (1024K)]
  0x000001f719be3d90 JavaThread "Unconstrained build operations Thread 123"        [_thread_blocked, id=13260, stack(0x000000f257600000,0x000000f257700000) (1024K)]
  0x000001f719be4420 JavaThread "Unconstrained build operations Thread 124"        [_thread_blocked, id=16180, stack(0x000000f257700000,0x000000f257800000) (1024K)]
  0x000001f719be29e0 JavaThread "Unconstrained build operations Thread 125"        [_thread_blocked, id=8232, stack(0x000000f257800000,0x000000f257900000) (1024K)]
  0x000001f719be4ab0 JavaThread "Unconstrained build operations Thread 126"        [_thread_blocked, id=20436, stack(0x000000f257900000,0x000000f257a00000) (1024K)]
  0x000001f719be5140 JavaThread "Unconstrained build operations Thread 127"        [_thread_blocked, id=19964, stack(0x000000f257a00000,0x000000f257b00000) (1024K)]
  0x000001f719be1cc0 JavaThread "Unconstrained build operations Thread 128"        [_thread_blocked, id=14776, stack(0x000000f257b00000,0x000000f257c00000) (1024K)]
  0x000001f719be57d0 JavaThread "Unconstrained build operations Thread 129"        [_thread_blocked, id=13544, stack(0x000000f257c00000,0x000000f257d00000) (1024K)]
  0x000001f719be2350 JavaThread "Unconstrained build operations Thread 130"        [_thread_blocked, id=15608, stack(0x000000f257d00000,0x000000f257e00000) (1024K)]
  0x000001f719be5e60 JavaThread "Unconstrained build operations Thread 131"        [_thread_blocked, id=23604, stack(0x000000f257e00000,0x000000f257f00000) (1024K)]
  0x000001f719be64f0 JavaThread "Unconstrained build operations Thread 132"        [_thread_blocked, id=18956, stack(0x000000f257f00000,0x000000f258000000) (1024K)]
  0x000001f719be3070 JavaThread "Unconstrained build operations Thread 133"        [_thread_blocked, id=6936, stack(0x000000f258000000,0x000000f258100000) (1024K)]
  0x000001f719be78a0 JavaThread "Unconstrained build operations Thread 134"        [_thread_blocked, id=20040, stack(0x000000f258100000,0x000000f258200000) (1024K)]
  0x000001f719be85c0 JavaThread "Unconstrained build operations Thread 135"        [_thread_blocked, id=18220, stack(0x000000f258200000,0x000000f258300000) (1024K)]
  0x000001f719be6b80 JavaThread "Unconstrained build operations Thread 136"        [_thread_blocked, id=9024, stack(0x000000f258300000,0x000000f258400000) (1024K)]
  0x000001f719be7210 JavaThread "Unconstrained build operations Thread 137"        [_thread_blocked, id=9056, stack(0x000000f258400000,0x000000f258500000) (1024K)]
  0x000001f719be7f30 JavaThread "Unconstrained build operations Thread 138"        [_thread_blocked, id=23800, stack(0x000000f258500000,0x000000f258600000) (1024K)]
  0x000001f719be8c50 JavaThread "Unconstrained build operations Thread 139"        [_thread_blocked, id=24568, stack(0x000000f258600000,0x000000f258700000) (1024K)]
  0x000001f719be92e0 JavaThread "Unconstrained build operations Thread 140"        [_thread_blocked, id=12168, stack(0x000000f258700000,0x000000f258800000) (1024K)]
  0x000001f71cc904e0 JavaThread "Unconstrained build operations Thread 141"        [_thread_blocked, id=17216, stack(0x000000f258800000,0x000000f258900000) (1024K)]
  0x000001f71cc8d060 JavaThread "Unconstrained build operations Thread 142"        [_thread_blocked, id=10076, stack(0x000000f258900000,0x000000f258a00000) (1024K)]
  0x000001f71cc90b70 JavaThread "Unconstrained build operations Thread 143"        [_thread_blocked, id=12212, stack(0x000000f258a00000,0x000000f258b00000) (1024K)]
  0x000001f71cc94680 JavaThread "Unconstrained build operations Thread 144"        [_thread_blocked, id=10284, stack(0x000000f258b00000,0x000000f258c00000) (1024K)]
  0x000001f71cc91f20 JavaThread "Unconstrained build operations Thread 145"        [_thread_blocked, id=15280, stack(0x000000f258c00000,0x000000f258d00000) (1024K)]
  0x000001f71cc91890 JavaThread "Unconstrained build operations Thread 146"        [_thread_blocked, id=7288, stack(0x000000f258d00000,0x000000f258e00000) (1024K)]
  0x000001f71aa46fe0 JavaThread "Unconstrained build operations Thread 147"        [_thread_blocked, id=1916, stack(0x000000f258e00000,0x000000f258f00000) (1024K)]
  0x000001f71aa48a20 JavaThread "Unconstrained build operations Thread 148"        [_thread_blocked, id=21188, stack(0x000000f258f00000,0x000000f259000000) (1024K)]
  0x000001f71aa49740 JavaThread "Unconstrained build operations Thread 149"        [_thread_blocked, id=4472, stack(0x000000f259000000,0x000000f259100000) (1024K)]
  0x000001f71aa47670 JavaThread "Unconstrained build operations Thread 150"        [_thread_blocked, id=4988, stack(0x000000f259100000,0x000000f259200000) (1024K)]
  0x000001f71aa4b180 JavaThread "Unconstrained build operations Thread 151"        [_thread_blocked, id=21604, stack(0x000000f259200000,0x000000f259300000) (1024K)]
  0x000001f71aa49dd0 JavaThread "Unconstrained build operations Thread 152"        [_thread_blocked, id=9012, stack(0x000000f259300000,0x000000f259400000) (1024K)]
  0x000001f71aa490b0 JavaThread "Unconstrained build operations Thread 153"        [_thread_blocked, id=17224, stack(0x000000f259400000,0x000000f259500000) (1024K)]
  0x000001f71aa4a460 JavaThread "Unconstrained build operations Thread 154"        [_thread_blocked, id=20892, stack(0x000000f259500000,0x000000f259600000) (1024K)]
  0x000001f71aa48390 JavaThread "Unconstrained build operations Thread 155"        [_thread_blocked, id=9676, stack(0x000000f259600000,0x000000f259700000) (1024K)]
  0x000001f71aa4aaf0 JavaThread "Unconstrained build operations Thread 156"        [_thread_blocked, id=15584, stack(0x000000f259700000,0x000000f259800000) (1024K)]
  0x000001f71aa47d00 JavaThread "Unconstrained build operations Thread 157"        [_thread_blocked, id=8940, stack(0x000000f259800000,0x000000f259900000) (1024K)]
  0x000001f71aa4b810 JavaThread "Unconstrained build operations Thread 158"        [_thread_blocked, id=22964, stack(0x000000f259900000,0x000000f259a00000) (1024K)]
  0x000001f71aa4df70 JavaThread "Unconstrained build operations Thread 159"        [_thread_blocked, id=3744, stack(0x000000f259a00000,0x000000f259b00000) (1024K)]
  0x000001f71aa4e600 JavaThread "Unconstrained build operations Thread 160"        [_thread_blocked, id=8660, stack(0x000000f259b00000,0x000000f259c00000) (1024K)]
  0x000001f729a23f60 JavaThread "C1 CompilerThread1"         daemon [_thread_blocked, id=10040, stack(0x000000f24bc00000,0x000000f24bd00000) (1024K)]
  0x000001f728911bf0 JavaThread "WorkerExecutor Queue"              [_thread_blocked, id=17236, stack(0x000000f24c000000,0x000000f24c100000) (1024K)]
  0x000001f728910ed0 JavaThread "WorkerExecutor Queue Thread 2"        [_thread_blocked, id=24000, stack(0x000000f259c00000,0x000000f259d00000) (1024K)]
  0x000001f728912280 JavaThread "WorkerExecutor Queue Thread 4"        [_thread_blocked, id=4328, stack(0x000000f259e00000,0x000000f259f00000) (1024K)]
  0x000001f727bb9d30 JavaThread "WorkerExecutor Queue Thread 5"        [_thread_blocked, id=10488, stack(0x000000f259f00000,0x000000f25a000000) (1024K)]
  0x000001f7169aa6e0 JavaThread "WorkerExecutor Queue Thread 6"        [_thread_blocked, id=11880, stack(0x000000f25a000000,0x000000f25a100000) (1024K)]
  0x000001f726838d90 JavaThread "WorkerExecutor Queue Thread 7"        [_thread_blocked, id=3412, stack(0x000000f25a100000,0x000000f25a200000) (1024K)]
  0x000001f7285b4b40 JavaThread "WorkerExecutor Queue Thread 8"        [_thread_blocked, id=8892, stack(0x000000f25a200000,0x000000f25a300000) (1024K)]
  0x000001f7169a7f80 JavaThread "WorkerExecutor Queue Thread 9"        [_thread_blocked, id=15460, stack(0x000000f25a300000,0x000000f25a400000) (1024K)]
  0x000001f726838700 JavaThread "WorkerExecutor Queue Thread 10"        [_thread_blocked, id=22080, stack(0x000000f25a400000,0x000000f25a500000) (1024K)]
  0x000001f7285b51d0 JavaThread "WorkerExecutor Queue Thread 11"        [_thread_blocked, id=9700, stack(0x000000f25a500000,0x000000f25a600000) (1024K)]
  0x000001f7169a8ca0 JavaThread "WorkerExecutor Queue Thread 12"        [_thread_blocked, id=7088, stack(0x000000f25a600000,0x000000f25a700000) (1024K)]
  0x000001f7250fbb30 JavaThread "WorkerExecutor Queue Thread 13"        [_thread_blocked, id=15540, stack(0x000000f25a700000,0x000000f25a800000) (1024K)]
  0x000001f7250f9a60 JavaThread "WorkerExecutor Queue Thread 14"        [_thread_blocked, id=12240, stack(0x000000f25aa00000,0x000000f25ab00000) (1024K)]
  0x000001f7285b5ef0 JavaThread "WorkerExecutor Queue Thread 15"        [_thread_blocked, id=9304, stack(0x000000f25ab00000,0x000000f25ac00000) (1024K)]
  0x000001f7250fb4a0 JavaThread "WorkerExecutor Queue Thread 16"        [_thread_blocked, id=18404, stack(0x000000f25ac00000,0x000000f25ad00000) (1024K)]
  0x000001f7285b6580 JavaThread "WorkerExecutor Queue Thread 17"        [_thread_blocked, id=19816, stack(0x000000f25ad00000,0x000000f25ae00000) (1024K)]
  0x000001f71cd091e0 JavaThread "C1 CompilerThread2"         daemon [_thread_blocked, id=20796, stack(0x000000f25bd00000,0x000000f25be00000) (1024K)]
=>0x000001f729a22af0 JavaThread "C2 CompilerThread1"         daemon [_thread_in_native, id=14712, stack(0x000000f24aa00000,0x000000f24ab00000) (1024K)]
  0x000001f729a24d00 JavaThread "C2 CompilerThread2"         daemon [_thread_blocked, id=15700, stack(0x000000f24bd00000,0x000000f24be00000) (1024K)]
  0x000001f7169aa050 JavaThread "ForkJoinPool.commonPool-worker-1" daemon [_thread_blocked, id=18468, stack(0x000000f24be00000,0x000000f24bf00000) (1024K)]
  0x000001f7250fc1c0 JavaThread "ForkJoinPool.commonPool-worker-2" daemon [_thread_blocked, id=15032, stack(0x000000f259d00000,0x000000f259e00000) (1024K)]
  0x000001f726839420 JavaThread "ForkJoinPool.commonPool-worker-3" daemon [_thread_blocked, id=15072, stack(0x000000f25ae00000,0x000000f25af00000) (1024K)]
  0x000001f7169a9330 JavaThread "ForkJoinPool.commonPool-worker-4" daemon [_thread_blocked, id=2044, stack(0x000000f25af00000,0x000000f25b000000) (1024K)]
  0x000001f7250f93d0 JavaThread "ForkJoinPool.commonPool-worker-5" daemon [_thread_blocked, id=2460, stack(0x000000f25b000000,0x000000f25b100000) (1024K)]
  0x000001f7295f14c0 JavaThread "C2 CompilerThread3"         daemon [_thread_in_native, id=15692, stack(0x000000f25b100000,0x000000f25b200000) (1024K)]
  0x000001f7295f36d0 JavaThread "C2 CompilerThread4"         daemon [_thread_in_native, id=19768, stack(0x000000f25b200000,0x000000f25b300000) (1024K)]
  0x000001f7295f3000 JavaThread "C2 CompilerThread5"         daemon [_thread_blocked, id=14204, stack(0x000000f25b300000,0x000000f25b400000) (1024K)]
Total: 244

Other Threads:
  0x000001f71174e000 VMThread "VM Thread"                           [id=23308, stack(0x000000f24b200000,0x000000f24b300000) (1024K)]
  0x000001f7117d09d0 WatcherThread "VM Periodic Task Thread"        [id=7764, stack(0x000000f24b100000,0x000000f24b200000) (1024K)]
  0x000001f779456670 WorkerThread "GC Thread#0"                     [id=20676, stack(0x000000f24ac00000,0x000000f24ad00000) (1024K)]
  0x000001f716981870 WorkerThread "GC Thread#1"                     [id=500, stack(0x000000f24c200000,0x000000f24c300000) (1024K)]
  0x000001f716981c20 WorkerThread "GC Thread#2"                     [id=5324, stack(0x000000f24c300000,0x000000f24c400000) (1024K)]
  0x000001f716981fd0 WorkerThread "GC Thread#3"                     [id=6588, stack(0x000000f24c400000,0x000000f24c500000) (1024K)]
  0x000001f71665f890 WorkerThread "GC Thread#4"                     [id=6592, stack(0x000000f24c500000,0x000000f24c600000) (1024K)]
  0x000001f71665fc40 WorkerThread "GC Thread#5"                     [id=8628, stack(0x000000f24c600000,0x000000f24c700000) (1024K)]
  0x000001f71857f8f0 WorkerThread "GC Thread#6"                     [id=17508, stack(0x000000f24d200000,0x000000f24d300000) (1024K)]
  0x000001f71856b9c0 WorkerThread "GC Thread#7"                     [id=1572, stack(0x000000f24d300000,0x000000f24d400000) (1024K)]
  0x000001f718633c30 WorkerThread "GC Thread#8"                     [id=15664, stack(0x000000f24d400000,0x000000f24d500000) (1024K)]
  0x000001f7185ae5a0 WorkerThread "GC Thread#9"                     [id=20056, stack(0x000000f24d500000,0x000000f24d600000) (1024K)]
  0x000001f7185ae950 WorkerThread "GC Thread#10"                    [id=13556, stack(0x000000f24d600000,0x000000f24d700000) (1024K)]
  0x000001f7185acf80 WorkerThread "GC Thread#11"                    [id=4084, stack(0x000000f24d700000,0x000000f24d800000) (1024K)]
  0x000001f7185ada90 WorkerThread "GC Thread#12"                    [id=968, stack(0x000000f24d800000,0x000000f24d900000) (1024K)]
  0x000001f779467570 ConcurrentGCThread "G1 Main Marker"            [id=7248, stack(0x000000f24ad00000,0x000000f24ae00000) (1024K)]
  0x000001f779468dd0 WorkerThread "G1 Conc#0"                       [id=1968, stack(0x000000f24ae00000,0x000000f24af00000) (1024K)]
  0x000001f7185ae1f0 WorkerThread "G1 Conc#1"                       [id=19968, stack(0x000000f24d900000,0x000000f24da00000) (1024K)]
  0x000001f7185ad330 WorkerThread "G1 Conc#2"                       [id=22728, stack(0x000000f24da00000,0x000000f24db00000) (1024K)]
  0x000001f711639350 ConcurrentGCThread "G1 Refine#0"               [id=10960, stack(0x000000f24af00000,0x000000f24b000000) (1024K)]
  0x000001f71163b090 ConcurrentGCThread "G1 Service"                [id=2004, stack(0x000000f24b000000,0x000000f24b100000) (1024K)]
Total: 21

Threads with active compile tasks:
C2 CompilerThread1  59948 25522       4       org.gradle.internal.file.FileHierarchySet$PrefixFileSet::contains (10 bytes)
C2 CompilerThread3  59948 25525       4       org.gradle.internal.watch.registry.impl.WatchableHierarchies$$Lambda/0x0000000101330770::test (12 bytes)
C2 CompilerThread4  59949 25524       4       org.gradle.internal.watch.registry.impl.WatchableHierarchies$InvalidatorVisitor::visitEntry (44 bytes)
Total: 3

VM state: not at safepoint (normal execution)

VM Mutex/Monitor currently owned by a thread: None

Heap address: 0x0000000080000000, size: 2048 MB, Compressed Oops mode: 32-bit

CDS archive(s) not mapped
Compressed class space mapped at: 0x0000000100000000-0x0000000140000000, reserved size: 1073741824
Narrow klass base: 0x0000000000000000, Narrow klass shift: 3, Narrow klass range: 0x140000000

GC Precious Log:
 CardTable entry size: 512
 Card Set container configuration: InlinePtr #cards 5 size 8 Array Of Cards #cards 12 size 40 Howl #buckets 4 coarsen threshold 1843 Howl Bitmap #cards 512 size 80 coarsen threshold 460 Card regions per heap region 1 cards per card region 2048
 CPUs: 16 total, 16 available
 Memory: 16085M
 Large Page Support: Disabled
 NUMA Support: Disabled
 Compressed Oops: Enabled (32-bit)
 Heap Region Size: 1M
 Heap Min Capacity: 8M
 Heap Initial Capacity: 252M
 Heap Max Capacity: 2G
 Pre-touch: Disabled
 Parallel Workers: 13
 Concurrent Workers: 3
 Concurrent Refinement Workers: 13
 Periodic GC: Disabled

Heap:
 garbage-first heap   total 574464K, used 390991K [0x0000000080000000, 0x0000000100000000)
  region size 1024K, 84 young (86016K), 12 survivors (12288K)
 Metaspace       used 134434K, committed 136448K, reserved 1179648K
  class space    used 18594K, committed 19584K, reserved 1048576K

Heap Regions: E=young(eden), S=young(survivor), O=old, HS=humongous(starts), HC=humongous(continues), CS=collection set, F=free, TAMS=top-at-mark-start, PB=parsable bottom
|   0|0x0000000080000000, 0x0000000080100000, 0x0000000080100000|100%|HS|  |TAMS 0x0000000080000000| PB 0x0000000080000000| Complete 
|   1|0x0000000080100000, 0x0000000080200000, 0x0000000080200000|100%|HC|  |TAMS 0x0000000080100000| PB 0x0000000080100000| Complete 
|   2|0x0000000080200000, 0x0000000080300000, 0x0000000080300000|100%|HC|  |TAMS 0x0000000080200000| PB 0x0000000080200000| Complete 
|   3|0x0000000080300000, 0x0000000080400000, 0x0000000080400000|100%|HC|  |TAMS 0x0000000080300000| PB 0x0000000080300000| Complete 
|   4|0x0000000080400000, 0x0000000080500000, 0x0000000080500000|100%| O|  |TAMS 0x0000000080400000| PB 0x0000000080400000| Untracked 
|   5|0x0000000080500000, 0x0000000080600000, 0x0000000080600000|100%| O|  |TAMS 0x0000000080500000| PB 0x0000000080500000| Untracked 
|   6|0x0000000080600000, 0x0000000080700000, 0x0000000080700000|100%|HS|  |TAMS 0x0000000080600000| PB 0x0000000080600000| Complete 
|   7|0x0000000080700000, 0x0000000080800000, 0x0000000080800000|100%| O|  |TAMS 0x0000000080700000| PB 0x0000000080700000| Untracked 
|   8|0x0000000080800000, 0x0000000080900000, 0x0000000080900000|100%| O|  |TAMS 0x0000000080800000| PB 0x0000000080800000| Untracked 
|   9|0x0000000080900000, 0x0000000080a00000, 0x0000000080a00000|100%| O|  |TAMS 0x0000000080900000| PB 0x0000000080900000| Untracked 
|  10|0x0000000080a00000, 0x0000000080b00000, 0x0000000080b00000|100%| O|  |TAMS 0x0000000080a00000| PB 0x0000000080a00000| Untracked 
|  11|0x0000000080b00000, 0x0000000080c00000, 0x0000000080c00000|100%| O|  |TAMS 0x0000000080b00000| PB 0x0000000080b00000| Untracked 
|  12|0x0000000080c00000, 0x0000000080d00000, 0x0000000080d00000|100%| O|  |TAMS 0x0000000080c00000| PB 0x0000000080c00000| Untracked 
|  13|0x0000000080d00000, 0x0000000080e00000, 0x0000000080e00000|100%| O|  |TAMS 0x0000000080d00000| PB 0x0000000080d00000| Untracked 
|  14|0x0000000080e00000, 0x0000000080f00000, 0x0000000080f00000|100%| O|  |TAMS 0x0000000080e00000| PB 0x0000000080e00000| Untracked 
|  15|0x0000000080f00000, 0x0000000081000000, 0x0000000081000000|100%| O|  |TAMS 0x0000000080f00000| PB 0x0000000080f00000| Untracked 
|  16|0x0000000081000000, 0x0000000081100000, 0x0000000081100000|100%| O|  |TAMS 0x0000000081000000| PB 0x0000000081000000| Untracked 
|  17|0x0000000081100000, 0x0000000081200000, 0x0000000081200000|100%|HS|  |TAMS 0x0000000081100000| PB 0x0000000081100000| Complete 
|  18|0x0000000081200000, 0x0000000081300000, 0x0000000081300000|100%| O|  |TAMS 0x0000000081200000| PB 0x0000000081200000| Untracked 
|  19|0x0000000081300000, 0x0000000081400000, 0x0000000081400000|100%| O|  |TAMS 0x0000000081300000| PB 0x0000000081300000| Untracked 
|  20|0x0000000081400000, 0x0000000081500000, 0x0000000081500000|100%| O|  |TAMS 0x0000000081400000| PB 0x0000000081400000| Untracked 
|  21|0x0000000081500000, 0x0000000081600000, 0x0000000081600000|100%| O|  |TAMS 0x0000000081500000| PB 0x0000000081500000| Untracked 
|  22|0x0000000081600000, 0x0000000081700000, 0x0000000081700000|100%| O|  |TAMS 0x0000000081600000| PB 0x0000000081600000| Untracked 
|  23|0x0000000081700000, 0x0000000081800000, 0x0000000081800000|100%| O|  |TAMS 0x0000000081700000| PB 0x0000000081700000| Untracked 
|  24|0x0000000081800000, 0x0000000081900000, 0x0000000081900000|100%| O|  |TAMS 0x0000000081800000| PB 0x0000000081800000| Untracked 
|  25|0x0000000081900000, 0x0000000081a00000, 0x0000000081a00000|100%| O|  |TAMS 0x0000000081900000| PB 0x0000000081900000| Untracked 
|  26|0x0000000081a00000, 0x0000000081b00000, 0x0000000081b00000|100%| O|  |TAMS 0x0000000081a00000| PB 0x0000000081a00000| Untracked 
|  27|0x0000000081b00000, 0x0000000081c00000, 0x0000000081c00000|100%| O|  |TAMS 0x0000000081b00000| PB 0x0000000081b00000| Untracked 
|  28|0x0000000081c00000, 0x0000000081d00000, 0x0000000081d00000|100%| O|  |TAMS 0x0000000081c00000| PB 0x0000000081c00000| Untracked 
|  29|0x0000000081d00000, 0x0000000081e00000, 0x0000000081e00000|100%| O|  |TAMS 0x0000000081d00000| PB 0x0000000081d00000| Untracked 
|  30|0x0000000081e00000, 0x0000000081f00000, 0x0000000081f00000|100%| O|  |TAMS 0x0000000081e00000| PB 0x0000000081e00000| Untracked 
|  31|0x0000000081f00000, 0x0000000082000000, 0x0000000082000000|100%| O|  |TAMS 0x0000000081f00000| PB 0x0000000081f00000| Untracked 
|  32|0x0000000082000000, 0x0000000082100000, 0x0000000082100000|100%| O|  |TAMS 0x0000000082000000| PB 0x0000000082000000| Untracked 
|  33|0x0000000082100000, 0x0000000082200000, 0x0000000082200000|100%| O|  |TAMS 0x0000000082100000| PB 0x0000000082100000| Untracked 
|  34|0x0000000082200000, 0x0000000082300000, 0x0000000082300000|100%|HS|  |TAMS 0x0000000082200000| PB 0x0000000082200000| Complete 
|  35|0x0000000082300000, 0x0000000082400000, 0x0000000082400000|100%|HS|  |TAMS 0x0000000082300000| PB 0x0000000082300000| Complete 
|  36|0x0000000082400000, 0x0000000082500000, 0x0000000082500000|100%|HS|  |TAMS 0x0000000082400000| PB 0x0000000082400000| Complete 
|  37|0x0000000082500000, 0x0000000082600000, 0x0000000082600000|100%|HS|  |TAMS 0x0000000082500000| PB 0x0000000082500000| Complete 
|  38|0x0000000082600000, 0x0000000082700000, 0x0000000082700000|100%| O|  |TAMS 0x0000000082600000| PB 0x0000000082600000| Untracked 
|  39|0x0000000082700000, 0x0000000082800000, 0x0000000082800000|100%|HS|  |TAMS 0x0000000082700000| PB 0x0000000082700000| Complete 
|  40|0x0000000082800000, 0x0000000082900000, 0x0000000082900000|100%| O|  |TAMS 0x0000000082800000| PB 0x0000000082800000| Untracked 
|  41|0x0000000082900000, 0x0000000082a00000, 0x0000000082a00000|100%| O|  |TAMS 0x0000000082900000| PB 0x0000000082900000| Untracked 
|  42|0x0000000082a00000, 0x0000000082b00000, 0x0000000082b00000|100%| O|  |TAMS 0x0000000082a00000| PB 0x0000000082a00000| Untracked 
|  43|0x0000000082b00000, 0x0000000082c00000, 0x0000000082c00000|100%| O|  |TAMS 0x0000000082b00000| PB 0x0000000082b00000| Untracked 
|  44|0x0000000082c00000, 0x0000000082d00000, 0x0000000082d00000|100%| O|  |TAMS 0x0000000082c00000| PB 0x0000000082c00000| Untracked 
|  45|0x0000000082d00000, 0x0000000082e00000, 0x0000000082e00000|100%| O|  |TAMS 0x0000000082d00000| PB 0x0000000082d00000| Untracked 
|  46|0x0000000082e00000, 0x0000000082f00000, 0x0000000082f00000|100%| O|  |TAMS 0x0000000082e00000| PB 0x0000000082e00000| Untracked 
|  47|0x0000000082f00000, 0x0000000083000000, 0x0000000083000000|100%| O|  |TAMS 0x0000000082f00000| PB 0x0000000082f00000| Untracked 
|  48|0x0000000083000000, 0x0000000083100000, 0x0000000083100000|100%| O|  |TAMS 0x0000000083000000| PB 0x0000000083000000| Untracked 
|  49|0x0000000083100000, 0x0000000083200000, 0x0000000083200000|100%| O|  |TAMS 0x0000000083100000| PB 0x0000000083100000| Untracked 
|  50|0x0000000083200000, 0x0000000083300000, 0x0000000083300000|100%| O|  |TAMS 0x0000000083200000| PB 0x0000000083200000| Untracked 
|  51|0x0000000083300000, 0x0000000083400000, 0x0000000083400000|100%| O|  |TAMS 0x0000000083300000| PB 0x0000000083300000| Untracked 
|  52|0x0000000083400000, 0x0000000083500000, 0x0000000083500000|100%| O|  |TAMS 0x0000000083400000| PB 0x0000000083400000| Untracked 
|  53|0x0000000083500000, 0x0000000083600000, 0x0000000083600000|100%| O|  |TAMS 0x0000000083500000| PB 0x0000000083500000| Untracked 
|  54|0x0000000083600000, 0x0000000083700000, 0x0000000083700000|100%| O|  |TAMS 0x0000000083600000| PB 0x0000000083600000| Untracked 
|  55|0x0000000083700000, 0x0000000083800000, 0x0000000083800000|100%|HS|  |TAMS 0x0000000083700000| PB 0x0000000083700000| Complete 
|  56|0x0000000083800000, 0x0000000083900000, 0x0000000083900000|100%| O|  |TAMS 0x0000000083800000| PB 0x0000000083800000| Untracked 
|  57|0x0000000083900000, 0x0000000083a00000, 0x0000000083a00000|100%| O|  |TAMS 0x0000000083900000| PB 0x0000000083900000| Untracked 
|  58|0x0000000083a00000, 0x0000000083b00000, 0x0000000083b00000|100%| O|  |TAMS 0x0000000083a00000| PB 0x0000000083a00000| Untracked 
|  59|0x0000000083b00000, 0x0000000083c00000, 0x0000000083c00000|100%| O|  |TAMS 0x0000000083b00000| PB 0x0000000083b00000| Untracked 
|  60|0x0000000083c00000, 0x0000000083d00000, 0x0000000083d00000|100%| O|  |TAMS 0x0000000083c00000| PB 0x0000000083c00000| Untracked 
|  61|0x0000000083d00000, 0x0000000083e00000, 0x0000000083e00000|100%| O|  |TAMS 0x0000000083d00000| PB 0x0000000083d00000| Untracked 
|  62|0x0000000083e00000, 0x0000000083f00000, 0x0000000083f00000|100%| O|  |TAMS 0x0000000083e00000| PB 0x0000000083e00000| Untracked 
|  63|0x0000000083f00000, 0x0000000084000000, 0x0000000084000000|100%| O|  |TAMS 0x0000000083f00000| PB 0x0000000083f00000| Untracked 
|  64|0x0000000084000000, 0x0000000084100000, 0x0000000084100000|100%| O|  |TAMS 0x0000000084000000| PB 0x0000000084000000| Untracked 
|  65|0x0000000084100000, 0x0000000084200000, 0x0000000084200000|100%| O|Cm|TAMS 0x0000000084100000| PB 0x0000000084100000| Complete 
|  66|0x0000000084200000, 0x0000000084300000, 0x0000000084300000|100%| O|  |TAMS 0x0000000084200000| PB 0x0000000084200000| Untracked 
|  67|0x0000000084300000, 0x0000000084400000, 0x0000000084400000|100%| O|  |TAMS 0x0000000084300000| PB 0x0000000084300000| Untracked 
|  68|0x0000000084400000, 0x0000000084500000, 0x0000000084500000|100%| O|  |TAMS 0x0000000084400000| PB 0x0000000084400000| Untracked 
|  69|0x0000000084500000, 0x0000000084600000, 0x0000000084600000|100%| O|  |TAMS 0x0000000084500000| PB 0x0000000084500000| Untracked 
|  70|0x0000000084600000, 0x0000000084700000, 0x0000000084700000|100%| O|  |TAMS 0x0000000084600000| PB 0x0000000084600000| Untracked 
|  71|0x0000000084700000, 0x0000000084800000, 0x0000000084800000|100%| O|  |TAMS 0x0000000084700000| PB 0x0000000084700000| Untracked 
|  72|0x0000000084800000, 0x0000000084900000, 0x0000000084900000|100%| O|  |TAMS 0x0000000084800000| PB 0x0000000084800000| Untracked 
|  73|0x0000000084900000, 0x0000000084a00000, 0x0000000084a00000|100%| O|  |TAMS 0x0000000084900000| PB 0x0000000084900000| Untracked 
|  74|0x0000000084a00000, 0x0000000084b00000, 0x0000000084b00000|100%| O|  |TAMS 0x0000000084a00000| PB 0x0000000084a00000| Untracked 
|  75|0x0000000084b00000, 0x0000000084c00000, 0x0000000084c00000|100%| O|  |TAMS 0x0000000084b00000| PB 0x0000000084b00000| Untracked 
|  76|0x0000000084c00000, 0x0000000084c00000, 0x0000000084d00000|  0%| F|  |TAMS 0x0000000084c00000| PB 0x0000000084c00000| Untracked 
|  77|0x0000000084d00000, 0x0000000084e00000, 0x0000000084e00000|100%|HS|  |TAMS 0x0000000084d00000| PB 0x0000000084d00000| Complete 
|  78|0x0000000084e00000, 0x0000000084f00000, 0x0000000084f00000|100%| O|  |TAMS 0x0000000084e00000| PB 0x0000000084e00000| Untracked 
|  79|0x0000000084f00000, 0x0000000085000000, 0x0000000085000000|100%|HS|  |TAMS 0x0000000084f00000| PB 0x0000000084f00000| Complete 
|  80|0x0000000085000000, 0x0000000085100000, 0x0000000085100000|100%|HC|  |TAMS 0x0000000085000000| PB 0x0000000085000000| Complete 
|  81|0x0000000085100000, 0x0000000085200000, 0x0000000085200000|100%|HS|  |TAMS 0x0000000085100000| PB 0x0000000085100000| Complete 
|  82|0x0000000085200000, 0x0000000085300000, 0x0000000085300000|100%| O|Cm|TAMS 0x0000000085200000| PB 0x0000000085200000| Complete 
|  83|0x0000000085300000, 0x0000000085400000, 0x0000000085400000|100%| O|  |TAMS 0x0000000085300000| PB 0x0000000085300000| Untracked 
|  84|0x0000000085400000, 0x0000000085400000, 0x0000000085500000|  0%| F|  |TAMS 0x0000000085400000| PB 0x0000000085400000| Untracked 
|  85|0x0000000085500000, 0x0000000085600000, 0x0000000085600000|100%| O|Cm|TAMS 0x0000000085500000| PB 0x0000000085500000| Complete 
|  86|0x0000000085600000, 0x0000000085700000, 0x0000000085700000|100%| O|  |TAMS 0x0000000085600000| PB 0x0000000085600000| Untracked 
|  87|0x0000000085700000, 0x0000000085800000, 0x0000000085800000|100%| O|  |TAMS 0x0000000085700000| PB 0x0000000085700000| Untracked 
|  88|0x0000000085800000, 0x0000000085900000, 0x0000000085900000|100%| O|  |TAMS 0x0000000085800000| PB 0x0000000085800000| Untracked 
|  89|0x0000000085900000, 0x0000000085900000, 0x0000000085a00000|  0%| F|  |TAMS 0x0000000085900000| PB 0x0000000085900000| Untracked 
|  90|0x0000000085a00000, 0x0000000085b00000, 0x0000000085b00000|100%|HS|  |TAMS 0x0000000085a00000| PB 0x0000000085a00000| Complete 
|  91|0x0000000085b00000, 0x0000000085c00000, 0x0000000085c00000|100%|HS|  |TAMS 0x0000000085b00000| PB 0x0000000085b00000| Complete 
|  92|0x0000000085c00000, 0x0000000085d00000, 0x0000000085d00000|100%| O|  |TAMS 0x0000000085c00000| PB 0x0000000085c00000| Untracked 
|  93|0x0000000085d00000, 0x0000000085e00000, 0x0000000085e00000|100%|HS|  |TAMS 0x0000000085d00000| PB 0x0000000085d00000| Complete 
|  94|0x0000000085e00000, 0x0000000085f00000, 0x0000000085f00000|100%|HC|  |TAMS 0x0000000085e00000| PB 0x0000000085e00000| Complete 
|  95|0x0000000085f00000, 0x0000000086000000, 0x0000000086000000|100%|HS|  |TAMS 0x0000000085f00000| PB 0x0000000085f00000| Complete 
|  96|0x0000000086000000, 0x0000000086100000, 0x0000000086100000|100%|HC|  |TAMS 0x0000000086000000| PB 0x0000000086000000| Complete 
|  97|0x0000000086100000, 0x0000000086200000, 0x0000000086200000|100%|HS|  |TAMS 0x0000000086100000| PB 0x0000000086100000| Complete 
|  98|0x0000000086200000, 0x0000000086200000, 0x0000000086300000|  0%| F|  |TAMS 0x0000000086200000| PB 0x0000000086200000| Untracked 
|  99|0x0000000086300000, 0x0000000086400000, 0x0000000086400000|100%|HS|  |TAMS 0x0000000086300000| PB 0x0000000086300000| Complete 
| 100|0x0000000086400000, 0x0000000086400000, 0x0000000086500000|  0%| F|  |TAMS 0x0000000086400000| PB 0x0000000086400000| Untracked 
| 101|0x0000000086500000, 0x0000000086600000, 0x0000000086600000|100%| O|  |TAMS 0x0000000086500000| PB 0x0000000086500000| Untracked 
| 102|0x0000000086600000, 0x0000000086700000, 0x0000000086700000|100%| O|Cm|TAMS 0x0000000086600000| PB 0x0000000086600000| Complete 
| 103|0x0000000086700000, 0x0000000086700000, 0x0000000086800000|  0%| F|  |TAMS 0x0000000086700000| PB 0x0000000086700000| Untracked 
| 104|0x0000000086800000, 0x0000000086900000, 0x0000000086900000|100%| O|Cm|TAMS 0x0000000086800000| PB 0x0000000086800000| Complete 
| 105|0x0000000086900000, 0x0000000086a00000, 0x0000000086a00000|100%| O|  |TAMS 0x0000000086900000| PB 0x0000000086900000| Untracked 
| 106|0x0000000086a00000, 0x0000000086b00000, 0x0000000086b00000|100%| O|  |TAMS 0x0000000086a00000| PB 0x0000000086a00000| Untracked 
| 107|0x0000000086b00000, 0x0000000086c00000, 0x0000000086c00000|100%|HS|  |TAMS 0x0000000086b00000| PB 0x0000000086b00000| Complete 
| 108|0x0000000086c00000, 0x0000000086d00000, 0x0000000086d00000|100%|HC|  |TAMS 0x0000000086c00000| PB 0x0000000086c00000| Complete 
| 109|0x0000000086d00000, 0x0000000086d00000, 0x0000000086e00000|  0%| F|  |TAMS 0x0000000086d00000| PB 0x0000000086d00000| Untracked 
| 110|0x0000000086e00000, 0x0000000086e00000, 0x0000000086f00000|  0%| F|  |TAMS 0x0000000086e00000| PB 0x0000000086e00000| Untracked 
| 111|0x0000000086f00000, 0x0000000086f00000, 0x0000000087000000|  0%| F|  |TAMS 0x0000000086f00000| PB 0x0000000086f00000| Untracked 
| 112|0x0000000087000000, 0x0000000087000000, 0x0000000087100000|  0%| F|  |TAMS 0x0000000087000000| PB 0x0000000087000000| Untracked 
| 113|0x0000000087100000, 0x0000000087200000, 0x0000000087200000|100%| O|Cm|TAMS 0x0000000087100000| PB 0x0000000087100000| Complete 
| 114|0x0000000087200000, 0x0000000087300000, 0x0000000087300000|100%| O|Cm|TAMS 0x0000000087200000| PB 0x0000000087200000| Complete 
| 115|0x0000000087300000, 0x0000000087400000, 0x0000000087400000|100%| O|Cm|TAMS 0x0000000087300000| PB 0x0000000087300000| Complete 
| 116|0x0000000087400000, 0x0000000087500000, 0x0000000087500000|100%| O|Cm|TAMS 0x0000000087400000| PB 0x0000000087400000| Complete 
| 117|0x0000000087500000, 0x0000000087600000, 0x0000000087600000|100%| O|Cm|TAMS 0x0000000087500000| PB 0x0000000087500000| Complete 
| 118|0x0000000087600000, 0x0000000087700000, 0x0000000087700000|100%| O|Cm|TAMS 0x0000000087600000| PB 0x0000000087600000| Complete 
| 119|0x0000000087700000, 0x0000000087800000, 0x0000000087800000|100%| O|Cm|TAMS 0x0000000087700000| PB 0x0000000087700000| Complete 
| 120|0x0000000087800000, 0x0000000087800000, 0x0000000087900000|  0%| F|  |TAMS 0x0000000087800000| PB 0x0000000087800000| Untracked 
| 121|0x0000000087900000, 0x0000000087900000, 0x0000000087a00000|  0%| F|  |TAMS 0x0000000087900000| PB 0x0000000087900000| Untracked 
| 122|0x0000000087a00000, 0x0000000087b00000, 0x0000000087b00000|100%| O|Cm|TAMS 0x0000000087a00000| PB 0x0000000087a00000| Complete 
| 123|0x0000000087b00000, 0x0000000087c00000, 0x0000000087c00000|100%| O|Cm|TAMS 0x0000000087b00000| PB 0x0000000087b00000| Complete 
| 124|0x0000000087c00000, 0x0000000087d00000, 0x0000000087d00000|100%| O|  |TAMS 0x0000000087c00000| PB 0x0000000087c00000| Untracked 
| 125|0x0000000087d00000, 0x0000000087e00000, 0x0000000087e00000|100%| O|Cm|TAMS 0x0000000087d00000| PB 0x0000000087d00000| Complete 
| 126|0x0000000087e00000, 0x0000000087e00000, 0x0000000087f00000|  0%| F|  |TAMS 0x0000000087e00000| PB 0x0000000087e00000| Untracked 
| 127|0x0000000087f00000, 0x0000000088000000, 0x0000000088000000|100%| O|Cm|TAMS 0x0000000087f00000| PB 0x0000000087f00000| Complete 
| 128|0x0000000088000000, 0x0000000088100000, 0x0000000088100000|100%| O|Cm|TAMS 0x0000000088000000| PB 0x0000000088000000| Complete 
| 129|0x0000000088100000, 0x0000000088100000, 0x0000000088200000|  0%| F|  |TAMS 0x0000000088100000| PB 0x0000000088100000| Untracked 
| 130|0x0000000088200000, 0x0000000088300000, 0x0000000088300000|100%| O|Cm|TAMS 0x0000000088200000| PB 0x0000000088200000| Complete 
| 131|0x0000000088300000, 0x0000000088400000, 0x0000000088400000|100%|HS|  |TAMS 0x0000000088300000| PB 0x0000000088300000| Complete 
| 132|0x0000000088400000, 0x0000000088400000, 0x0000000088500000|  0%| F|  |TAMS 0x0000000088400000| PB 0x0000000088400000| Untracked 
| 133|0x0000000088500000, 0x0000000088500000, 0x0000000088600000|  0%| F|  |TAMS 0x0000000088500000| PB 0x0000000088500000| Untracked 
| 134|0x0000000088600000, 0x0000000088700000, 0x0000000088700000|100%|HS|  |TAMS 0x0000000088600000| PB 0x0000000088600000| Complete 
| 135|0x0000000088700000, 0x0000000088800000, 0x0000000088800000|100%| O|Cm|TAMS 0x0000000088700000| PB 0x0000000088700000| Complete 
| 136|0x0000000088800000, 0x0000000088900000, 0x0000000088900000|100%| O|Cm|TAMS 0x0000000088800000| PB 0x0000000088800000| Complete 
| 137|0x0000000088900000, 0x0000000088900000, 0x0000000088a00000|  0%| F|  |TAMS 0x0000000088900000| PB 0x0000000088900000| Untracked 
| 138|0x0000000088a00000, 0x0000000088a00000, 0x0000000088b00000|  0%| F|  |TAMS 0x0000000088a00000| PB 0x0000000088a00000| Untracked 
| 139|0x0000000088b00000, 0x0000000088c00000, 0x0000000088c00000|100%| O|Cm|TAMS 0x0000000088b00000| PB 0x0000000088b00000| Complete 
| 140|0x0000000088c00000, 0x0000000088d00000, 0x0000000088d00000|100%| O|Cm|TAMS 0x0000000088c00000| PB 0x0000000088c00000| Complete 
| 141|0x0000000088d00000, 0x0000000088d00000, 0x0000000088e00000|  0%| F|  |TAMS 0x0000000088d00000| PB 0x0000000088d00000| Untracked 
| 142|0x0000000088e00000, 0x0000000088f00000, 0x0000000088f00000|100%| O|  |TAMS 0x0000000088e00000| PB 0x0000000088e00000| Untracked 
| 143|0x0000000088f00000, 0x0000000088f00000, 0x0000000089000000|  0%| F|  |TAMS 0x0000000088f00000| PB 0x0000000088f00000| Untracked 
| 144|0x0000000089000000, 0x0000000089100000, 0x0000000089100000|100%| O|Cm|TAMS 0x0000000089000000| PB 0x0000000089000000| Complete 
| 145|0x0000000089100000, 0x0000000089200000, 0x0000000089200000|100%| O|Cm|TAMS 0x0000000089100000| PB 0x0000000089100000| Complete 
| 146|0x0000000089200000, 0x0000000089300000, 0x0000000089300000|100%| O|Cm|TAMS 0x0000000089200000| PB 0x0000000089200000| Complete 
| 147|0x0000000089300000, 0x0000000089400000, 0x0000000089400000|100%| O|Cm|TAMS 0x0000000089300000| PB 0x0000000089300000| Complete 
| 148|0x0000000089400000, 0x0000000089400000, 0x0000000089500000|  0%| F|  |TAMS 0x0000000089400000| PB 0x0000000089400000| Untracked 
| 149|0x0000000089500000, 0x0000000089600000, 0x0000000089600000|100%| O|  |TAMS 0x0000000089500000| PB 0x0000000089500000| Untracked 
| 150|0x0000000089600000, 0x0000000089600000, 0x0000000089700000|  0%| F|  |TAMS 0x0000000089600000| PB 0x0000000089600000| Untracked 
| 151|0x0000000089700000, 0x0000000089800000, 0x0000000089800000|100%| O|Cm|TAMS 0x0000000089700000| PB 0x0000000089700000| Complete 
| 152|0x0000000089800000, 0x0000000089900000, 0x0000000089900000|100%| O|Cm|TAMS 0x0000000089800000| PB 0x0000000089800000| Complete 
| 153|0x0000000089900000, 0x0000000089a00000, 0x0000000089a00000|100%| O|  |TAMS 0x0000000089900000| PB 0x0000000089900000| Untracked 
| 154|0x0000000089a00000, 0x0000000089a00000, 0x0000000089b00000|  0%| F|  |TAMS 0x0000000089a00000| PB 0x0000000089a00000| Untracked 
| 155|0x0000000089b00000, 0x0000000089c00000, 0x0000000089c00000|100%| O|Cm|TAMS 0x0000000089b00000| PB 0x0000000089b00000| Complete 
| 156|0x0000000089c00000, 0x0000000089c00000, 0x0000000089d00000|  0%| F|  |TAMS 0x0000000089c00000| PB 0x0000000089c00000| Untracked 
| 157|0x0000000089d00000, 0x0000000089e00000, 0x0000000089e00000|100%| O|Cm|TAMS 0x0000000089d00000| PB 0x0000000089d00000| Complete 
| 158|0x0000000089e00000, 0x0000000089f00000, 0x0000000089f00000|100%| O|Cm|TAMS 0x0000000089e00000| PB 0x0000000089e00000| Complete 
| 159|0x0000000089f00000, 0x000000008a000000, 0x000000008a000000|100%| O|Cm|TAMS 0x0000000089f00000| PB 0x0000000089f00000| Complete 
| 160|0x000000008a000000, 0x000000008a100000, 0x000000008a100000|100%| O|Cm|TAMS 0x000000008a000000| PB 0x000000008a000000| Complete 
| 161|0x000000008a100000, 0x000000008a100000, 0x000000008a200000|  0%| F|  |TAMS 0x000000008a100000| PB 0x000000008a100000| Untracked 
| 162|0x000000008a200000, 0x000000008a300000, 0x000000008a300000|100%| O|Cm|TAMS 0x000000008a200000| PB 0x000000008a200000| Complete 
| 163|0x000000008a300000, 0x000000008a400000, 0x000000008a400000|100%| O|Cm|TAMS 0x000000008a300000| PB 0x000000008a300000| Complete 
| 164|0x000000008a400000, 0x000000008a500000, 0x000000008a500000|100%| O|  |TAMS 0x000000008a400000| PB 0x000000008a400000| Untracked 
| 165|0x000000008a500000, 0x000000008a600000, 0x000000008a600000|100%| O|Cm|TAMS 0x000000008a500000| PB 0x000000008a500000| Complete 
| 166|0x000000008a600000, 0x000000008a700000, 0x000000008a700000|100%| O|Cm|TAMS 0x000000008a600000| PB 0x000000008a600000| Complete 
| 167|0x000000008a700000, 0x000000008a700000, 0x000000008a800000|  0%| F|  |TAMS 0x000000008a700000| PB 0x000000008a700000| Untracked 
| 168|0x000000008a800000, 0x000000008a900000, 0x000000008a900000|100%| O|Cm|TAMS 0x000000008a800000| PB 0x000000008a800000| Complete 
| 169|0x000000008a900000, 0x000000008aa00000, 0x000000008aa00000|100%| O|  |TAMS 0x000000008a900000| PB 0x000000008a900000| Untracked 
| 170|0x000000008aa00000, 0x000000008ab00000, 0x000000008ab00000|100%| O|Cm|TAMS 0x000000008aa00000| PB 0x000000008aa00000| Complete 
| 171|0x000000008ab00000, 0x000000008ab00000, 0x000000008ac00000|  0%| F|  |TAMS 0x000000008ab00000| PB 0x000000008ab00000| Untracked 
| 172|0x000000008ac00000, 0x000000008ad00000, 0x000000008ad00000|100%| O|  |TAMS 0x000000008ac00000| PB 0x000000008ac00000| Untracked 
| 173|0x000000008ad00000, 0x000000008ae00000, 0x000000008ae00000|100%| O|  |TAMS 0x000000008ad00000| PB 0x000000008ad00000| Untracked 
| 174|0x000000008ae00000, 0x000000008ae00000, 0x000000008af00000|  0%| F|  |TAMS 0x000000008ae00000| PB 0x000000008ae00000| Untracked 
| 175|0x000000008af00000, 0x000000008af00000, 0x000000008b000000|  0%| F|  |TAMS 0x000000008af00000| PB 0x000000008af00000| Untracked 
| 176|0x000000008b000000, 0x000000008b000000, 0x000000008b100000|  0%| F|  |TAMS 0x000000008b000000| PB 0x000000008b000000| Untracked 
| 177|0x000000008b100000, 0x000000008b200000, 0x000000008b200000|100%| O|  |TAMS 0x000000008b100000| PB 0x000000008b100000| Untracked 
| 178|0x000000008b200000, 0x000000008b200000, 0x000000008b300000|  0%| F|  |TAMS 0x000000008b200000| PB 0x000000008b200000| Untracked 
| 179|0x000000008b300000, 0x000000008b300000, 0x000000008b400000|  0%| F|  |TAMS 0x000000008b300000| PB 0x000000008b300000| Untracked 
| 180|0x000000008b400000, 0x000000008b400000, 0x000000008b500000|  0%| F|  |TAMS 0x000000008b400000| PB 0x000000008b400000| Untracked 
| 181|0x000000008b500000, 0x000000008b600000, 0x000000008b600000|100%| O|  |TAMS 0x000000008b500000| PB 0x000000008b500000| Untracked 
| 182|0x000000008b600000, 0x000000008b600000, 0x000000008b700000|  0%| F|  |TAMS 0x000000008b600000| PB 0x000000008b600000| Untracked 
| 183|0x000000008b700000, 0x000000008b800000, 0x000000008b800000|100%|HS|  |TAMS 0x000000008b700000| PB 0x000000008b700000| Complete 
| 184|0x000000008b800000, 0x000000008b900000, 0x000000008b900000|100%|HC|  |TAMS 0x000000008b800000| PB 0x000000008b800000| Complete 
| 185|0x000000008b900000, 0x000000008ba00000, 0x000000008ba00000|100%|HC|  |TAMS 0x000000008b900000| PB 0x000000008b900000| Complete 
| 186|0x000000008ba00000, 0x000000008bb00000, 0x000000008bb00000|100%|HC|  |TAMS 0x000000008ba00000| PB 0x000000008ba00000| Complete 
| 187|0x000000008bb00000, 0x000000008bc00000, 0x000000008bc00000|100%|HC|  |TAMS 0x000000008bb00000| PB 0x000000008bb00000| Complete 
| 188|0x000000008bc00000, 0x000000008bd00000, 0x000000008bd00000|100%|HC|  |TAMS 0x000000008bc00000| PB 0x000000008bc00000| Complete 
| 189|0x000000008bd00000, 0x000000008be00000, 0x000000008be00000|100%|HC|  |TAMS 0x000000008bd00000| PB 0x000000008bd00000| Complete 
| 190|0x000000008be00000, 0x000000008be00000, 0x000000008bf00000|  0%| F|  |TAMS 0x000000008be00000| PB 0x000000008be00000| Untracked 
| 191|0x000000008bf00000, 0x000000008c000000, 0x000000008c000000|100%| O|  |TAMS 0x000000008bf00000| PB 0x000000008bf00000| Untracked 
| 192|0x000000008c000000, 0x000000008c000000, 0x000000008c100000|  0%| F|  |TAMS 0x000000008c000000| PB 0x000000008c000000| Untracked 
| 193|0x000000008c100000, 0x000000008c200000, 0x000000008c200000|100%| O|  |TAMS 0x000000008c100000| PB 0x000000008c100000| Untracked 
| 194|0x000000008c200000, 0x000000008c300000, 0x000000008c300000|100%| O|Cm|TAMS 0x000000008c200000| PB 0x000000008c200000| Complete 
| 195|0x000000008c300000, 0x000000008c400000, 0x000000008c400000|100%| O|  |TAMS 0x000000008c300000| PB 0x000000008c300000| Untracked 
| 196|0x000000008c400000, 0x000000008c500000, 0x000000008c500000|100%| O|  |TAMS 0x000000008c400000| PB 0x000000008c400000| Untracked 
| 197|0x000000008c500000, 0x000000008c600000, 0x000000008c600000|100%| O|Cm|TAMS 0x000000008c500000| PB 0x000000008c500000| Complete 
| 198|0x000000008c600000, 0x000000008c700000, 0x000000008c700000|100%| O|  |TAMS 0x000000008c600000| PB 0x000000008c600000| Untracked 
| 199|0x000000008c700000, 0x000000008c700000, 0x000000008c800000|  0%| F|  |TAMS 0x000000008c700000| PB 0x000000008c700000| Untracked 
| 200|0x000000008c800000, 0x000000008c800000, 0x000000008c900000|  0%| F|  |TAMS 0x000000008c800000| PB 0x000000008c800000| Untracked 
| 201|0x000000008c900000, 0x000000008ca00000, 0x000000008ca00000|100%|HS|  |TAMS 0x000000008c900000| PB 0x000000008c900000| Complete 
| 202|0x000000008ca00000, 0x000000008cb00000, 0x000000008cb00000|100%|HC|  |TAMS 0x000000008ca00000| PB 0x000000008ca00000| Complete 
| 203|0x000000008cb00000, 0x000000008cb00000, 0x000000008cc00000|  0%| F|  |TAMS 0x000000008cb00000| PB 0x000000008cb00000| Untracked 
| 204|0x000000008cc00000, 0x000000008cd00000, 0x000000008cd00000|100%| O|Cm|TAMS 0x000000008cc00000| PB 0x000000008cc00000| Complete 
| 205|0x000000008cd00000, 0x000000008ce00000, 0x000000008ce00000|100%| O|Cm|TAMS 0x000000008cd00000| PB 0x000000008cd00000| Complete 
| 206|0x000000008ce00000, 0x000000008ce00000, 0x000000008cf00000|  0%| F|  |TAMS 0x000000008ce00000| PB 0x000000008ce00000| Untracked 
| 207|0x000000008cf00000, 0x000000008d000000, 0x000000008d000000|100%|HS|  |TAMS 0x000000008cf00000| PB 0x000000008cf00000| Complete 
| 208|0x000000008d000000, 0x000000008d100000, 0x000000008d100000|100%|HC|  |TAMS 0x000000008d000000| PB 0x000000008d000000| Complete 
| 209|0x000000008d100000, 0x000000008d200000, 0x000000008d200000|100%| O|  |TAMS 0x000000008d100000| PB 0x000000008d100000| Untracked 
| 210|0x000000008d200000, 0x000000008d300000, 0x000000008d300000|100%| O|  |TAMS 0x000000008d200000| PB 0x000000008d200000| Untracked 
| 211|0x000000008d300000, 0x000000008d400000, 0x000000008d400000|100%| O|  |TAMS 0x000000008d300000| PB 0x000000008d300000| Untracked 
| 212|0x000000008d400000, 0x000000008d500000, 0x000000008d500000|100%| O|  |TAMS 0x000000008d400000| PB 0x000000008d400000| Untracked 
| 213|0x000000008d500000, 0x000000008d600000, 0x000000008d600000|100%| O|  |TAMS 0x000000008d500000| PB 0x000000008d500000| Untracked 
| 214|0x000000008d600000, 0x000000008d700000, 0x000000008d700000|100%| O|Cm|TAMS 0x000000008d600000| PB 0x000000008d600000| Complete 
| 215|0x000000008d700000, 0x000000008d800000, 0x000000008d800000|100%| O|  |TAMS 0x000000008d700000| PB 0x000000008d700000| Untracked 
| 216|0x000000008d800000, 0x000000008d900000, 0x000000008d900000|100%| O|  |TAMS 0x000000008d800000| PB 0x000000008d800000| Untracked 
| 217|0x000000008d900000, 0x000000008da00000, 0x000000008da00000|100%| O|  |TAMS 0x000000008d900000| PB 0x000000008d900000| Untracked 
| 218|0x000000008da00000, 0x000000008db00000, 0x000000008db00000|100%| O|  |TAMS 0x000000008da00000| PB 0x000000008da00000| Untracked 
| 219|0x000000008db00000, 0x000000008dc00000, 0x000000008dc00000|100%| O|  |TAMS 0x000000008db00000| PB 0x000000008db00000| Untracked 
| 220|0x000000008dc00000, 0x000000008dd00000, 0x000000008dd00000|100%| O|  |TAMS 0x000000008dc00000| PB 0x000000008dc00000| Untracked 
| 221|0x000000008dd00000, 0x000000008de00000, 0x000000008de00000|100%|HS|  |TAMS 0x000000008dd00000| PB 0x000000008dd00000| Complete 
| 222|0x000000008de00000, 0x000000008df00000, 0x000000008df00000|100%|HS|  |TAMS 0x000000008de00000| PB 0x000000008de00000| Complete 
| 223|0x000000008df00000, 0x000000008e000000, 0x000000008e000000|100%|HC|  |TAMS 0x000000008df00000| PB 0x000000008df00000| Complete 
| 224|0x000000008e000000, 0x000000008e100000, 0x000000008e100000|100%|HS|  |TAMS 0x000000008e000000| PB 0x000000008e000000| Complete 
| 225|0x000000008e100000, 0x000000008e200000, 0x000000008e200000|100%|HC|  |TAMS 0x000000008e100000| PB 0x000000008e100000| Complete 
| 226|0x000000008e200000, 0x000000008e300000, 0x000000008e300000|100%|HS|  |TAMS 0x000000008e200000| PB 0x000000008e200000| Complete 
| 227|0x000000008e300000, 0x000000008e400000, 0x000000008e400000|100%|HC|  |TAMS 0x000000008e300000| PB 0x000000008e300000| Complete 
| 228|0x000000008e400000, 0x000000008e500000, 0x000000008e500000|100%|HC|  |TAMS 0x000000008e400000| PB 0x000000008e400000| Complete 
| 229|0x000000008e500000, 0x000000008e600000, 0x000000008e600000|100%|HS|  |TAMS 0x000000008e500000| PB 0x000000008e500000| Complete 
| 230|0x000000008e600000, 0x000000008e700000, 0x000000008e700000|100%|HC|  |TAMS 0x000000008e600000| PB 0x000000008e600000| Complete 
| 231|0x000000008e700000, 0x000000008e800000, 0x000000008e800000|100%|HC|  |TAMS 0x000000008e700000| PB 0x000000008e700000| Complete 
| 232|0x000000008e800000, 0x000000008e900000, 0x000000008e900000|100%|HC|  |TAMS 0x000000008e800000| PB 0x000000008e800000| Complete 
| 233|0x000000008e900000, 0x000000008ea00000, 0x000000008ea00000|100%|HC|  |TAMS 0x000000008e900000| PB 0x000000008e900000| Complete 
| 234|0x000000008ea00000, 0x000000008eb00000, 0x000000008eb00000|100%|HC|  |TAMS 0x000000008ea00000| PB 0x000000008ea00000| Complete 
| 235|0x000000008eb00000, 0x000000008ec00000, 0x000000008ec00000|100%|HC|  |TAMS 0x000000008eb00000| PB 0x000000008eb00000| Complete 
| 236|0x000000008ec00000, 0x000000008ed00000, 0x000000008ed00000|100%| O|  |TAMS 0x000000008ec00000| PB 0x000000008ec00000| Untracked 
| 237|0x000000008ed00000, 0x000000008ee00000, 0x000000008ee00000|100%| O|  |TAMS 0x000000008ed00000| PB 0x000000008ed00000| Untracked 
| 238|0x000000008ee00000, 0x000000008ef00000, 0x000000008ef00000|100%| O|  |TAMS 0x000000008ee00000| PB 0x000000008ee00000| Untracked 
| 239|0x000000008ef00000, 0x000000008f000000, 0x000000008f000000|100%| O|  |TAMS 0x000000008ef00000| PB 0x000000008ef00000| Untracked 
| 240|0x000000008f000000, 0x000000008f100000, 0x000000008f100000|100%| O|Cm|TAMS 0x000000008f000000| PB 0x000000008f000000| Complete 
| 241|0x000000008f100000, 0x000000008f200000, 0x000000008f200000|100%| O|  |TAMS 0x000000008f100000| PB 0x000000008f100000| Untracked 
| 242|0x000000008f200000, 0x000000008f300000, 0x000000008f300000|100%| O|  |TAMS 0x000000008f200000| PB 0x000000008f200000| Untracked 
| 243|0x000000008f300000, 0x000000008f400000, 0x000000008f400000|100%| O|  |TAMS 0x000000008f300000| PB 0x000000008f300000| Untracked 
| 244|0x000000008f400000, 0x000000008f500000, 0x000000008f500000|100%| O|  |TAMS 0x000000008f400000| PB 0x000000008f400000| Untracked 
| 245|0x000000008f500000, 0x000000008f600000, 0x000000008f600000|100%| O|  |TAMS 0x000000008f500000| PB 0x000000008f500000| Untracked 
| 246|0x000000008f600000, 0x000000008f700000, 0x000000008f700000|100%| O|  |TAMS 0x000000008f600000| PB 0x000000008f600000| Untracked 
| 247|0x000000008f700000, 0x000000008f800000, 0x000000008f800000|100%| O|  |TAMS 0x000000008f700000| PB 0x000000008f700000| Untracked 
| 248|0x000000008f800000, 0x000000008f900000, 0x000000008f900000|100%| O|  |TAMS 0x000000008f800000| PB 0x000000008f800000| Untracked 
| 249|0x000000008f900000, 0x000000008fa00000, 0x000000008fa00000|100%| O|  |TAMS 0x000000008f900000| PB 0x000000008f900000| Untracked 
| 250|0x000000008fa00000, 0x000000008fb00000, 0x000000008fb00000|100%|HS|  |TAMS 0x000000008fa00000| PB 0x000000008fa00000| Complete 
| 251|0x000000008fb00000, 0x000000008fc00000, 0x000000008fc00000|100%|HS|  |TAMS 0x000000008fb00000| PB 0x000000008fb00000| Complete 
| 252|0x000000008fc00000, 0x000000008fd00000, 0x000000008fd00000|100%|HC|  |TAMS 0x000000008fc00000| PB 0x000000008fc00000| Complete 
| 253|0x000000008fd00000, 0x000000008fe00000, 0x000000008fe00000|100%|HC|  |TAMS 0x000000008fd00000| PB 0x000000008fd00000| Complete 
| 254|0x000000008fe00000, 0x000000008ff00000, 0x000000008ff00000|100%|HC|  |TAMS 0x000000008fe00000| PB 0x000000008fe00000| Complete 
| 255|0x000000008ff00000, 0x0000000090000000, 0x0000000090000000|100%|HC|  |TAMS 0x000000008ff00000| PB 0x000000008ff00000| Complete 
| 256|0x0000000090000000, 0x0000000090100000, 0x0000000090100000|100%|HC|  |TAMS 0x0000000090000000| PB 0x0000000090000000| Complete 
| 257|0x0000000090100000, 0x0000000090200000, 0x0000000090200000|100%|HC|  |TAMS 0x0000000090100000| PB 0x0000000090100000| Complete 
| 258|0x0000000090200000, 0x0000000090300000, 0x0000000090300000|100%|HC|  |TAMS 0x0000000090200000| PB 0x0000000090200000| Complete 
| 259|0x0000000090300000, 0x0000000090400000, 0x0000000090400000|100%|HC|  |TAMS 0x0000000090300000| PB 0x0000000090300000| Complete 
| 260|0x0000000090400000, 0x0000000090500000, 0x0000000090500000|100%|HC|  |TAMS 0x0000000090400000| PB 0x0000000090400000| Complete 
| 261|0x0000000090500000, 0x0000000090600000, 0x0000000090600000|100%|HC|  |TAMS 0x0000000090500000| PB 0x0000000090500000| Complete 
| 262|0x0000000090600000, 0x0000000090700000, 0x0000000090700000|100%|HC|  |TAMS 0x0000000090600000| PB 0x0000000090600000| Complete 
| 263|0x0000000090700000, 0x0000000090800000, 0x0000000090800000|100%|HC|  |TAMS 0x0000000090700000| PB 0x0000000090700000| Complete 
| 264|0x0000000090800000, 0x0000000090900000, 0x0000000090900000|100%|HS|  |TAMS 0x0000000090800000| PB 0x0000000090800000| Complete 
| 265|0x0000000090900000, 0x0000000090a00000, 0x0000000090a00000|100%|HC|  |TAMS 0x0000000090900000| PB 0x0000000090900000| Complete 
| 266|0x0000000090a00000, 0x0000000090b00000, 0x0000000090b00000|100%|HC|  |TAMS 0x0000000090a00000| PB 0x0000000090a00000| Complete 
| 267|0x0000000090b00000, 0x0000000090c00000, 0x0000000090c00000|100%|HC|  |TAMS 0x0000000090b00000| PB 0x0000000090b00000| Complete 
| 268|0x0000000090c00000, 0x0000000090d00000, 0x0000000090d00000|100%|HC|  |TAMS 0x0000000090c00000| PB 0x0000000090c00000| Complete 
| 269|0x0000000090d00000, 0x0000000090e00000, 0x0000000090e00000|100%|HC|  |TAMS 0x0000000090d00000| PB 0x0000000090d00000| Complete 
| 270|0x0000000090e00000, 0x0000000090f00000, 0x0000000090f00000|100%|HC|  |TAMS 0x0000000090e00000| PB 0x0000000090e00000| Complete 
| 271|0x0000000090f00000, 0x0000000091000000, 0x0000000091000000|100%|HS|  |TAMS 0x0000000090f00000| PB 0x0000000090f00000| Complete 
| 272|0x0000000091000000, 0x0000000091100000, 0x0000000091100000|100%|HC|  |TAMS 0x0000000091000000| PB 0x0000000091000000| Complete 
| 273|0x0000000091100000, 0x0000000091200000, 0x0000000091200000|100%|HC|  |TAMS 0x0000000091100000| PB 0x0000000091100000| Complete 
| 274|0x0000000091200000, 0x0000000091300000, 0x0000000091300000|100%|HC|  |TAMS 0x0000000091200000| PB 0x0000000091200000| Complete 
| 275|0x0000000091300000, 0x0000000091400000, 0x0000000091400000|100%|HC|  |TAMS 0x0000000091300000| PB 0x0000000091300000| Complete 
| 276|0x0000000091400000, 0x0000000091500000, 0x0000000091500000|100%|HC|  |TAMS 0x0000000091400000| PB 0x0000000091400000| Complete 
| 277|0x0000000091500000, 0x0000000091600000, 0x0000000091600000|100%|HC|  |TAMS 0x0000000091500000| PB 0x0000000091500000| Complete 
| 278|0x0000000091600000, 0x0000000091600000, 0x0000000091700000|  0%| F|  |TAMS 0x0000000091600000| PB 0x0000000091600000| Untracked 
| 279|0x0000000091700000, 0x0000000091700000, 0x0000000091800000|  0%| F|  |TAMS 0x0000000091700000| PB 0x0000000091700000| Untracked 
| 280|0x0000000091800000, 0x0000000091800000, 0x0000000091900000|  0%| F|  |TAMS 0x0000000091800000| PB 0x0000000091800000| Untracked 
| 281|0x0000000091900000, 0x0000000091900000, 0x0000000091a00000|  0%| F|  |TAMS 0x0000000091900000| PB 0x0000000091900000| Untracked 
| 282|0x0000000091a00000, 0x0000000091a00000, 0x0000000091b00000|  0%| F|  |TAMS 0x0000000091a00000| PB 0x0000000091a00000| Untracked 
| 283|0x0000000091b00000, 0x0000000091b00000, 0x0000000091c00000|  0%| F|  |TAMS 0x0000000091b00000| PB 0x0000000091b00000| Untracked 
| 284|0x0000000091c00000, 0x0000000091c00000, 0x0000000091d00000|  0%| F|  |TAMS 0x0000000091c00000| PB 0x0000000091c00000| Untracked 
| 285|0x0000000091d00000, 0x0000000091d00000, 0x0000000091e00000|  0%| F|  |TAMS 0x0000000091d00000| PB 0x0000000091d00000| Untracked 
| 286|0x0000000091e00000, 0x0000000091e00000, 0x0000000091f00000|  0%| F|  |TAMS 0x0000000091e00000| PB 0x0000000091e00000| Untracked 
| 287|0x0000000091f00000, 0x0000000091f00000, 0x0000000092000000|  0%| F|  |TAMS 0x0000000091f00000| PB 0x0000000091f00000| Untracked 
| 288|0x0000000092000000, 0x0000000092000000, 0x0000000092100000|  0%| F|  |TAMS 0x0000000092000000| PB 0x0000000092000000| Untracked 
| 289|0x0000000092100000, 0x0000000092100000, 0x0000000092200000|  0%| F|  |TAMS 0x0000000092100000| PB 0x0000000092100000| Untracked 
| 290|0x0000000092200000, 0x0000000092200000, 0x0000000092300000|  0%| F|  |TAMS 0x0000000092200000| PB 0x0000000092200000| Untracked 
| 291|0x0000000092300000, 0x0000000092300000, 0x0000000092400000|  0%| F|  |TAMS 0x0000000092300000| PB 0x0000000092300000| Untracked 
| 292|0x0000000092400000, 0x0000000092400000, 0x0000000092500000|  0%| F|  |TAMS 0x0000000092400000| PB 0x0000000092400000| Untracked 
| 293|0x0000000092500000, 0x0000000092500000, 0x0000000092600000|  0%| F|  |TAMS 0x0000000092500000| PB 0x0000000092500000| Untracked 
| 294|0x0000000092600000, 0x0000000092600000, 0x0000000092700000|  0%| F|  |TAMS 0x0000000092600000| PB 0x0000000092600000| Untracked 
| 295|0x0000000092700000, 0x0000000092700000, 0x0000000092800000|  0%| F|  |TAMS 0x0000000092700000| PB 0x0000000092700000| Untracked 
| 296|0x0000000092800000, 0x0000000092800000, 0x0000000092900000|  0%| F|  |TAMS 0x0000000092800000| PB 0x0000000092800000| Untracked 
| 297|0x0000000092900000, 0x0000000092900000, 0x0000000092a00000|  0%| F|  |TAMS 0x0000000092900000| PB 0x0000000092900000| Untracked 
| 298|0x0000000092a00000, 0x0000000092a00000, 0x0000000092b00000|  0%| F|  |TAMS 0x0000000092a00000| PB 0x0000000092a00000| Untracked 
| 299|0x0000000092b00000, 0x0000000092b00000, 0x0000000092c00000|  0%| F|  |TAMS 0x0000000092b00000| PB 0x0000000092b00000| Untracked 
| 300|0x0000000092c00000, 0x0000000092c00000, 0x0000000092d00000|  0%| F|  |TAMS 0x0000000092c00000| PB 0x0000000092c00000| Untracked 
| 301|0x0000000092d00000, 0x0000000092d00000, 0x0000000092e00000|  0%| F|  |TAMS 0x0000000092d00000| PB 0x0000000092d00000| Untracked 
| 302|0x0000000092e00000, 0x0000000092e00000, 0x0000000092f00000|  0%| F|  |TAMS 0x0000000092e00000| PB 0x0000000092e00000| Untracked 
| 303|0x0000000092f00000, 0x0000000092f00000, 0x0000000093000000|  0%| F|  |TAMS 0x0000000092f00000| PB 0x0000000092f00000| Untracked 
| 304|0x0000000093000000, 0x0000000093000000, 0x0000000093100000|  0%| F|  |TAMS 0x0000000093000000| PB 0x0000000093000000| Untracked 
| 305|0x0000000093100000, 0x0000000093100000, 0x0000000093200000|  0%| F|  |TAMS 0x0000000093100000| PB 0x0000000093100000| Untracked 
| 306|0x0000000093200000, 0x0000000093200000, 0x0000000093300000|  0%| F|  |TAMS 0x0000000093200000| PB 0x0000000093200000| Untracked 
| 307|0x0000000093300000, 0x0000000093300000, 0x0000000093400000|  0%| F|  |TAMS 0x0000000093300000| PB 0x0000000093300000| Untracked 
| 308|0x0000000093400000, 0x0000000093400000, 0x0000000093500000|  0%| F|  |TAMS 0x0000000093400000| PB 0x0000000093400000| Untracked 
| 309|0x0000000093500000, 0x0000000093500000, 0x0000000093600000|  0%| F|  |TAMS 0x0000000093500000| PB 0x0000000093500000| Untracked 
| 310|0x0000000093600000, 0x0000000093600000, 0x0000000093700000|  0%| F|  |TAMS 0x0000000093600000| PB 0x0000000093600000| Untracked 
| 311|0x0000000093700000, 0x0000000093700000, 0x0000000093800000|  0%| F|  |TAMS 0x0000000093700000| PB 0x0000000093700000| Untracked 
| 312|0x0000000093800000, 0x0000000093800000, 0x0000000093900000|  0%| F|  |TAMS 0x0000000093800000| PB 0x0000000093800000| Untracked 
| 313|0x0000000093900000, 0x0000000093900000, 0x0000000093a00000|  0%| F|  |TAMS 0x0000000093900000| PB 0x0000000093900000| Untracked 
| 314|0x0000000093a00000, 0x0000000093a00000, 0x0000000093b00000|  0%| F|  |TAMS 0x0000000093a00000| PB 0x0000000093a00000| Untracked 
| 315|0x0000000093b00000, 0x0000000093b00000, 0x0000000093c00000|  0%| F|  |TAMS 0x0000000093b00000| PB 0x0000000093b00000| Untracked 
| 316|0x0000000093c00000, 0x0000000093c00000, 0x0000000093d00000|  0%| F|  |TAMS 0x0000000093c00000| PB 0x0000000093c00000| Untracked 
| 317|0x0000000093d00000, 0x0000000093d00000, 0x0000000093e00000|  0%| F|  |TAMS 0x0000000093d00000| PB 0x0000000093d00000| Untracked 
| 318|0x0000000093e00000, 0x0000000093e00000, 0x0000000093f00000|  0%| F|  |TAMS 0x0000000093e00000| PB 0x0000000093e00000| Untracked 
| 319|0x0000000093f00000, 0x0000000093f00000, 0x0000000094000000|  0%| F|  |TAMS 0x0000000093f00000| PB 0x0000000093f00000| Untracked 
| 320|0x0000000094000000, 0x0000000094000000, 0x0000000094100000|  0%| F|  |TAMS 0x0000000094000000| PB 0x0000000094000000| Untracked 
| 321|0x0000000094100000, 0x0000000094100000, 0x0000000094200000|  0%| F|  |TAMS 0x0000000094100000| PB 0x0000000094100000| Untracked 
| 322|0x0000000094200000, 0x0000000094200000, 0x0000000094300000|  0%| F|  |TAMS 0x0000000094200000| PB 0x0000000094200000| Untracked 
| 323|0x0000000094300000, 0x0000000094300000, 0x0000000094400000|  0%| F|  |TAMS 0x0000000094300000| PB 0x0000000094300000| Untracked 
| 324|0x0000000094400000, 0x0000000094400000, 0x0000000094500000|  0%| F|  |TAMS 0x0000000094400000| PB 0x0000000094400000| Untracked 
| 325|0x0000000094500000, 0x0000000094500000, 0x0000000094600000|  0%| F|  |TAMS 0x0000000094500000| PB 0x0000000094500000| Untracked 
| 326|0x0000000094600000, 0x0000000094600000, 0x0000000094700000|  0%| F|  |TAMS 0x0000000094600000| PB 0x0000000094600000| Untracked 
| 327|0x0000000094700000, 0x0000000094700000, 0x0000000094800000|  0%| F|  |TAMS 0x0000000094700000| PB 0x0000000094700000| Untracked 
| 328|0x0000000094800000, 0x0000000094800000, 0x0000000094900000|  0%| F|  |TAMS 0x0000000094800000| PB 0x0000000094800000| Untracked 
| 329|0x0000000094900000, 0x0000000094900000, 0x0000000094a00000|  0%| F|  |TAMS 0x0000000094900000| PB 0x0000000094900000| Untracked 
| 330|0x0000000094a00000, 0x0000000094a00000, 0x0000000094b00000|  0%| F|  |TAMS 0x0000000094a00000| PB 0x0000000094a00000| Untracked 
| 331|0x0000000094b00000, 0x0000000094b00000, 0x0000000094c00000|  0%| F|  |TAMS 0x0000000094b00000| PB 0x0000000094b00000| Untracked 
| 332|0x0000000094c00000, 0x0000000094c00000, 0x0000000094d00000|  0%| F|  |TAMS 0x0000000094c00000| PB 0x0000000094c00000| Untracked 
| 333|0x0000000094d00000, 0x0000000094d00000, 0x0000000094e00000|  0%| F|  |TAMS 0x0000000094d00000| PB 0x0000000094d00000| Untracked 
| 334|0x0000000094e00000, 0x0000000094e00000, 0x0000000094f00000|  0%| F|  |TAMS 0x0000000094e00000| PB 0x0000000094e00000| Untracked 
| 335|0x0000000094f00000, 0x0000000094f00000, 0x0000000095000000|  0%| F|  |TAMS 0x0000000094f00000| PB 0x0000000094f00000| Untracked 
| 336|0x0000000095000000, 0x0000000095000000, 0x0000000095100000|  0%| F|  |TAMS 0x0000000095000000| PB 0x0000000095000000| Untracked 
| 337|0x0000000095100000, 0x0000000095100000, 0x0000000095200000|  0%| F|  |TAMS 0x0000000095100000| PB 0x0000000095100000| Untracked 
| 338|0x0000000095200000, 0x0000000095200000, 0x0000000095300000|  0%| F|  |TAMS 0x0000000095200000| PB 0x0000000095200000| Untracked 
| 339|0x0000000095300000, 0x0000000095300000, 0x0000000095400000|  0%| F|  |TAMS 0x0000000095300000| PB 0x0000000095300000| Untracked 
| 340|0x0000000095400000, 0x0000000095400000, 0x0000000095500000|  0%| F|  |TAMS 0x0000000095400000| PB 0x0000000095400000| Untracked 
| 341|0x0000000095500000, 0x0000000095500000, 0x0000000095600000|  0%| F|  |TAMS 0x0000000095500000| PB 0x0000000095500000| Untracked 
| 342|0x0000000095600000, 0x0000000095600000, 0x0000000095700000|  0%| F|  |TAMS 0x0000000095600000| PB 0x0000000095600000| Untracked 
| 343|0x0000000095700000, 0x0000000095700000, 0x0000000095800000|  0%| F|  |TAMS 0x0000000095700000| PB 0x0000000095700000| Untracked 
| 344|0x0000000095800000, 0x0000000095800000, 0x0000000095900000|  0%| F|  |TAMS 0x0000000095800000| PB 0x0000000095800000| Untracked 
| 345|0x0000000095900000, 0x0000000095900000, 0x0000000095a00000|  0%| F|  |TAMS 0x0000000095900000| PB 0x0000000095900000| Untracked 
| 346|0x0000000095a00000, 0x0000000095a00000, 0x0000000095b00000|  0%| F|  |TAMS 0x0000000095a00000| PB 0x0000000095a00000| Untracked 
| 347|0x0000000095b00000, 0x0000000095b00000, 0x0000000095c00000|  0%| F|  |TAMS 0x0000000095b00000| PB 0x0000000095b00000| Untracked 
| 348|0x0000000095c00000, 0x0000000095c00000, 0x0000000095d00000|  0%| F|  |TAMS 0x0000000095c00000| PB 0x0000000095c00000| Untracked 
| 349|0x0000000095d00000, 0x0000000095d00000, 0x0000000095e00000|  0%| F|  |TAMS 0x0000000095d00000| PB 0x0000000095d00000| Untracked 
| 350|0x0000000095e00000, 0x0000000095e00000, 0x0000000095f00000|  0%| F|  |TAMS 0x0000000095e00000| PB 0x0000000095e00000| Untracked 
| 351|0x0000000095f00000, 0x0000000095f00000, 0x0000000096000000|  0%| F|  |TAMS 0x0000000095f00000| PB 0x0000000095f00000| Untracked 
| 352|0x0000000096000000, 0x0000000096000000, 0x0000000096100000|  0%| F|  |TAMS 0x0000000096000000| PB 0x0000000096000000| Untracked 
| 353|0x0000000096100000, 0x0000000096100000, 0x0000000096200000|  0%| F|  |TAMS 0x0000000096100000| PB 0x0000000096100000| Untracked 
| 354|0x0000000096200000, 0x0000000096200000, 0x0000000096300000|  0%| F|  |TAMS 0x0000000096200000| PB 0x0000000096200000| Untracked 
| 355|0x0000000096300000, 0x0000000096300000, 0x0000000096400000|  0%| F|  |TAMS 0x0000000096300000| PB 0x0000000096300000| Untracked 
| 356|0x0000000096400000, 0x0000000096400000, 0x0000000096500000|  0%| F|  |TAMS 0x0000000096400000| PB 0x0000000096400000| Untracked 
| 357|0x0000000096500000, 0x0000000096500000, 0x0000000096600000|  0%| F|  |TAMS 0x0000000096500000| PB 0x0000000096500000| Untracked 
| 358|0x0000000096600000, 0x0000000096600000, 0x0000000096700000|  0%| F|  |TAMS 0x0000000096600000| PB 0x0000000096600000| Untracked 
| 359|0x0000000096700000, 0x0000000096700000, 0x0000000096800000|  0%| F|  |TAMS 0x0000000096700000| PB 0x0000000096700000| Untracked 
| 360|0x0000000096800000, 0x0000000096800000, 0x0000000096900000|  0%| F|  |TAMS 0x0000000096800000| PB 0x0000000096800000| Untracked 
| 361|0x0000000096900000, 0x0000000096900000, 0x0000000096a00000|  0%| F|  |TAMS 0x0000000096900000| PB 0x0000000096900000| Untracked 
| 362|0x0000000096a00000, 0x0000000096a00000, 0x0000000096b00000|  0%| F|  |TAMS 0x0000000096a00000| PB 0x0000000096a00000| Untracked 
| 363|0x0000000096b00000, 0x0000000096b00000, 0x0000000096c00000|  0%| F|  |TAMS 0x0000000096b00000| PB 0x0000000096b00000| Untracked 
| 364|0x0000000096c00000, 0x0000000096c00000, 0x0000000096d00000|  0%| F|  |TAMS 0x0000000096c00000| PB 0x0000000096c00000| Untracked 
| 365|0x0000000096d00000, 0x0000000096d00000, 0x0000000096e00000|  0%| F|  |TAMS 0x0000000096d00000| PB 0x0000000096d00000| Untracked 
| 366|0x0000000096e00000, 0x0000000096e00000, 0x0000000096f00000|  0%| F|  |TAMS 0x0000000096e00000| PB 0x0000000096e00000| Untracked 
| 367|0x0000000096f00000, 0x0000000096f00000, 0x0000000097000000|  0%| F|  |TAMS 0x0000000096f00000| PB 0x0000000096f00000| Untracked 
| 368|0x0000000097000000, 0x0000000097000000, 0x0000000097100000|  0%| F|  |TAMS 0x0000000097000000| PB 0x0000000097000000| Untracked 
| 369|0x0000000097100000, 0x0000000097100000, 0x0000000097200000|  0%| F|  |TAMS 0x0000000097100000| PB 0x0000000097100000| Untracked 
| 370|0x0000000097200000, 0x0000000097200000, 0x0000000097300000|  0%| F|  |TAMS 0x0000000097200000| PB 0x0000000097200000| Untracked 
| 371|0x0000000097300000, 0x0000000097300000, 0x0000000097400000|  0%| F|  |TAMS 0x0000000097300000| PB 0x0000000097300000| Untracked 
| 372|0x0000000097400000, 0x0000000097400000, 0x0000000097500000|  0%| F|  |TAMS 0x0000000097400000| PB 0x0000000097400000| Untracked 
| 373|0x0000000097500000, 0x0000000097500000, 0x0000000097600000|  0%| F|  |TAMS 0x0000000097500000| PB 0x0000000097500000| Untracked 
| 374|0x0000000097600000, 0x0000000097600000, 0x0000000097700000|  0%| F|  |TAMS 0x0000000097600000| PB 0x0000000097600000| Untracked 
| 375|0x0000000097700000, 0x0000000097700000, 0x0000000097800000|  0%| F|  |TAMS 0x0000000097700000| PB 0x0000000097700000| Untracked 
| 376|0x0000000097800000, 0x0000000097800000, 0x0000000097900000|  0%| F|  |TAMS 0x0000000097800000| PB 0x0000000097800000| Untracked 
| 377|0x0000000097900000, 0x0000000097900000, 0x0000000097a00000|  0%| F|  |TAMS 0x0000000097900000| PB 0x0000000097900000| Untracked 
| 378|0x0000000097a00000, 0x0000000097a00000, 0x0000000097b00000|  0%| F|  |TAMS 0x0000000097a00000| PB 0x0000000097a00000| Untracked 
| 379|0x0000000097b00000, 0x0000000097b00000, 0x0000000097c00000|  0%| F|  |TAMS 0x0000000097b00000| PB 0x0000000097b00000| Untracked 
| 380|0x0000000097c00000, 0x0000000097c00000, 0x0000000097d00000|  0%| F|  |TAMS 0x0000000097c00000| PB 0x0000000097c00000| Untracked 
| 381|0x0000000097d00000, 0x0000000097d00000, 0x0000000097e00000|  0%| F|  |TAMS 0x0000000097d00000| PB 0x0000000097d00000| Untracked 
| 382|0x0000000097e00000, 0x0000000097e00000, 0x0000000097f00000|  0%| F|  |TAMS 0x0000000097e00000| PB 0x0000000097e00000| Untracked 
| 383|0x0000000097f00000, 0x0000000097f00000, 0x0000000098000000|  0%| F|  |TAMS 0x0000000097f00000| PB 0x0000000097f00000| Untracked 
| 384|0x0000000098000000, 0x0000000098000000, 0x0000000098100000|  0%| F|  |TAMS 0x0000000098000000| PB 0x0000000098000000| Untracked 
| 385|0x0000000098100000, 0x0000000098100000, 0x0000000098200000|  0%| F|  |TAMS 0x0000000098100000| PB 0x0000000098100000| Untracked 
| 386|0x0000000098200000, 0x0000000098200000, 0x0000000098300000|  0%| F|  |TAMS 0x0000000098200000| PB 0x0000000098200000| Untracked 
| 387|0x0000000098300000, 0x0000000098300000, 0x0000000098400000|  0%| F|  |TAMS 0x0000000098300000| PB 0x0000000098300000| Untracked 
| 388|0x0000000098400000, 0x0000000098400000, 0x0000000098500000|  0%| F|  |TAMS 0x0000000098400000| PB 0x0000000098400000| Untracked 
| 389|0x0000000098500000, 0x0000000098500000, 0x0000000098600000|  0%| F|  |TAMS 0x0000000098500000| PB 0x0000000098500000| Untracked 
| 390|0x0000000098600000, 0x0000000098600000, 0x0000000098700000|  0%| F|  |TAMS 0x0000000098600000| PB 0x0000000098600000| Untracked 
| 391|0x0000000098700000, 0x0000000098700000, 0x0000000098800000|  0%| F|  |TAMS 0x0000000098700000| PB 0x0000000098700000| Untracked 
| 392|0x0000000098800000, 0x0000000098800000, 0x0000000098900000|  0%| F|  |TAMS 0x0000000098800000| PB 0x0000000098800000| Untracked 
| 393|0x0000000098900000, 0x0000000098900000, 0x0000000098a00000|  0%| F|  |TAMS 0x0000000098900000| PB 0x0000000098900000| Untracked 
| 394|0x0000000098a00000, 0x0000000098a00000, 0x0000000098b00000|  0%| F|  |TAMS 0x0000000098a00000| PB 0x0000000098a00000| Untracked 
| 395|0x0000000098b00000, 0x0000000098b00000, 0x0000000098c00000|  0%| F|  |TAMS 0x0000000098b00000| PB 0x0000000098b00000| Untracked 
| 396|0x0000000098c00000, 0x0000000098c00000, 0x0000000098d00000|  0%| F|  |TAMS 0x0000000098c00000| PB 0x0000000098c00000| Untracked 
| 397|0x0000000098d00000, 0x0000000098d00000, 0x0000000098e00000|  0%| F|  |TAMS 0x0000000098d00000| PB 0x0000000098d00000| Untracked 
| 398|0x0000000098e00000, 0x0000000098e00000, 0x0000000098f00000|  0%| F|  |TAMS 0x0000000098e00000| PB 0x0000000098e00000| Untracked 
| 399|0x0000000098f00000, 0x0000000098f00000, 0x0000000099000000|  0%| F|  |TAMS 0x0000000098f00000| PB 0x0000000098f00000| Untracked 
| 400|0x0000000099000000, 0x0000000099000000, 0x0000000099100000|  0%| F|  |TAMS 0x0000000099000000| PB 0x0000000099000000| Untracked 
| 401|0x0000000099100000, 0x0000000099100000, 0x0000000099200000|  0%| F|  |TAMS 0x0000000099100000| PB 0x0000000099100000| Untracked 
| 402|0x0000000099200000, 0x0000000099200000, 0x0000000099300000|  0%| F|  |TAMS 0x0000000099200000| PB 0x0000000099200000| Untracked 
| 403|0x0000000099300000, 0x0000000099300000, 0x0000000099400000|  0%| F|  |TAMS 0x0000000099300000| PB 0x0000000099300000| Untracked 
| 404|0x0000000099400000, 0x0000000099400000, 0x0000000099500000|  0%| F|  |TAMS 0x0000000099400000| PB 0x0000000099400000| Untracked 
| 405|0x0000000099500000, 0x0000000099500000, 0x0000000099600000|  0%| F|  |TAMS 0x0000000099500000| PB 0x0000000099500000| Untracked 
| 406|0x0000000099600000, 0x0000000099600000, 0x0000000099700000|  0%| F|  |TAMS 0x0000000099600000| PB 0x0000000099600000| Untracked 
| 407|0x0000000099700000, 0x0000000099700000, 0x0000000099800000|  0%| F|  |TAMS 0x0000000099700000| PB 0x0000000099700000| Untracked 
| 408|0x0000000099800000, 0x0000000099800000, 0x0000000099900000|  0%| F|  |TAMS 0x0000000099800000| PB 0x0000000099800000| Untracked 
| 409|0x0000000099900000, 0x0000000099900000, 0x0000000099a00000|  0%| F|  |TAMS 0x0000000099900000| PB 0x0000000099900000| Untracked 
| 410|0x0000000099a00000, 0x0000000099a00000, 0x0000000099b00000|  0%| F|  |TAMS 0x0000000099a00000| PB 0x0000000099a00000| Untracked 
| 411|0x0000000099b00000, 0x0000000099b00000, 0x0000000099c00000|  0%| F|  |TAMS 0x0000000099b00000| PB 0x0000000099b00000| Untracked 
| 412|0x0000000099c00000, 0x0000000099c00000, 0x0000000099d00000|  0%| F|  |TAMS 0x0000000099c00000| PB 0x0000000099c00000| Untracked 
| 413|0x0000000099d00000, 0x0000000099d00000, 0x0000000099e00000|  0%| F|  |TAMS 0x0000000099d00000| PB 0x0000000099d00000| Untracked 
| 414|0x0000000099e00000, 0x0000000099e00000, 0x0000000099f00000|  0%| F|  |TAMS 0x0000000099e00000| PB 0x0000000099e00000| Untracked 
| 415|0x0000000099f00000, 0x000000009a000000, 0x000000009a000000|100%| E|  |TAMS 0x0000000099f00000| PB 0x0000000099f00000| Complete 
| 416|0x000000009a000000, 0x000000009a100000, 0x000000009a100000|100%| E|CS|TAMS 0x000000009a000000| PB 0x000000009a000000| Complete 
| 417|0x000000009a100000, 0x000000009a200000, 0x000000009a200000|100%| E|CS|TAMS 0x000000009a100000| PB 0x000000009a100000| Complete 
| 418|0x000000009a200000, 0x000000009a300000, 0x000000009a300000|100%| E|CS|TAMS 0x000000009a200000| PB 0x000000009a200000| Complete 
| 419|0x000000009a300000, 0x000000009a400000, 0x000000009a400000|100%| E|CS|TAMS 0x000000009a300000| PB 0x000000009a300000| Complete 
| 420|0x000000009a400000, 0x000000009a500000, 0x000000009a500000|100%| E|CS|TAMS 0x000000009a400000| PB 0x000000009a400000| Complete 
| 421|0x000000009a500000, 0x000000009a600000, 0x000000009a600000|100%| E|CS|TAMS 0x000000009a500000| PB 0x000000009a500000| Complete 
| 422|0x000000009a600000, 0x000000009a700000, 0x000000009a700000|100%| E|  |TAMS 0x000000009a600000| PB 0x000000009a600000| Complete 
| 423|0x000000009a700000, 0x000000009a800000, 0x000000009a800000|100%| E|CS|TAMS 0x000000009a700000| PB 0x000000009a700000| Complete 
| 424|0x000000009a800000, 0x000000009a900000, 0x000000009a900000|100%| E|CS|TAMS 0x000000009a800000| PB 0x000000009a800000| Complete 
| 425|0x000000009a900000, 0x000000009aa00000, 0x000000009aa00000|100%| E|CS|TAMS 0x000000009a900000| PB 0x000000009a900000| Complete 
| 426|0x000000009aa00000, 0x000000009ab00000, 0x000000009ab00000|100%| E|CS|TAMS 0x000000009aa00000| PB 0x000000009aa00000| Complete 
| 427|0x000000009ab00000, 0x000000009ac00000, 0x000000009ac00000|100%| E|CS|TAMS 0x000000009ab00000| PB 0x000000009ab00000| Complete 
| 428|0x000000009ac00000, 0x000000009ad00000, 0x000000009ad00000|100%| E|CS|TAMS 0x000000009ac00000| PB 0x000000009ac00000| Complete 
| 429|0x000000009ad00000, 0x000000009ae00000, 0x000000009ae00000|100%| E|CS|TAMS 0x000000009ad00000| PB 0x000000009ad00000| Complete 
| 430|0x000000009ae00000, 0x000000009af00000, 0x000000009af00000|100%| E|CS|TAMS 0x000000009ae00000| PB 0x000000009ae00000| Complete 
| 431|0x000000009af00000, 0x000000009b000000, 0x000000009b000000|100%| E|CS|TAMS 0x000000009af00000| PB 0x000000009af00000| Complete 
| 432|0x000000009b000000, 0x000000009b100000, 0x000000009b100000|100%| E|CS|TAMS 0x000000009b000000| PB 0x000000009b000000| Complete 
| 433|0x000000009b100000, 0x000000009b200000, 0x000000009b200000|100%| E|CS|TAMS 0x000000009b100000| PB 0x000000009b100000| Complete 
| 434|0x000000009b200000, 0x000000009b300000, 0x000000009b300000|100%| E|CS|TAMS 0x000000009b200000| PB 0x000000009b200000| Complete 
| 435|0x000000009b300000, 0x000000009b400000, 0x000000009b400000|100%| E|CS|TAMS 0x000000009b300000| PB 0x000000009b300000| Complete 
| 436|0x000000009b400000, 0x000000009b500000, 0x000000009b500000|100%| E|CS|TAMS 0x000000009b400000| PB 0x000000009b400000| Complete 
| 437|0x000000009b500000, 0x000000009b600000, 0x000000009b600000|100%| E|CS|TAMS 0x000000009b500000| PB 0x000000009b500000| Complete 
| 438|0x000000009b600000, 0x000000009b700000, 0x000000009b700000|100%| E|CS|TAMS 0x000000009b600000| PB 0x000000009b600000| Complete 
| 439|0x000000009b700000, 0x000000009b800000, 0x000000009b800000|100%| E|CS|TAMS 0x000000009b700000| PB 0x000000009b700000| Complete 
| 440|0x000000009b800000, 0x000000009b900000, 0x000000009b900000|100%| E|CS|TAMS 0x000000009b800000| PB 0x000000009b800000| Complete 
| 441|0x000000009b900000, 0x000000009ba00000, 0x000000009ba00000|100%| E|CS|TAMS 0x000000009b900000| PB 0x000000009b900000| Complete 
| 442|0x000000009ba00000, 0x000000009bb00000, 0x000000009bb00000|100%| E|CS|TAMS 0x000000009ba00000| PB 0x000000009ba00000| Complete 
| 443|0x000000009bb00000, 0x000000009bc00000, 0x000000009bc00000|100%| E|CS|TAMS 0x000000009bb00000| PB 0x000000009bb00000| Complete 
| 444|0x000000009bc00000, 0x000000009bd00000, 0x000000009bd00000|100%| E|CS|TAMS 0x000000009bc00000| PB 0x000000009bc00000| Complete 
| 445|0x000000009bd00000, 0x000000009be00000, 0x000000009be00000|100%| E|CS|TAMS 0x000000009bd00000| PB 0x000000009bd00000| Complete 
| 446|0x000000009be00000, 0x000000009bf00000, 0x000000009bf00000|100%| E|CS|TAMS 0x000000009be00000| PB 0x000000009be00000| Complete 
| 447|0x000000009bf00000, 0x000000009c000000, 0x000000009c000000|100%| E|CS|TAMS 0x000000009bf00000| PB 0x000000009bf00000| Complete 
| 448|0x000000009c000000, 0x000000009c100000, 0x000000009c100000|100%| E|CS|TAMS 0x000000009c000000| PB 0x000000009c000000| Complete 
| 449|0x000000009c100000, 0x000000009c200000, 0x000000009c200000|100%| E|CS|TAMS 0x000000009c100000| PB 0x000000009c100000| Complete 
| 450|0x000000009c200000, 0x000000009c300000, 0x000000009c300000|100%| E|CS|TAMS 0x000000009c200000| PB 0x000000009c200000| Complete 
| 451|0x000000009c300000, 0x000000009c400000, 0x000000009c400000|100%| E|CS|TAMS 0x000000009c300000| PB 0x000000009c300000| Complete 
| 452|0x000000009c400000, 0x000000009c500000, 0x000000009c500000|100%| E|CS|TAMS 0x000000009c400000| PB 0x000000009c400000| Complete 
| 453|0x000000009c500000, 0x000000009c5d3c40, 0x000000009c600000| 82%| S|CS|TAMS 0x000000009c500000| PB 0x000000009c500000| Complete 
| 454|0x000000009c600000, 0x000000009c700000, 0x000000009c700000|100%| S|CS|TAMS 0x000000009c600000| PB 0x000000009c600000| Complete 
| 455|0x000000009c700000, 0x000000009c800000, 0x000000009c800000|100%| S|CS|TAMS 0x000000009c700000| PB 0x000000009c700000| Complete 
| 456|0x000000009c800000, 0x000000009c900000, 0x000000009c900000|100%| S|CS|TAMS 0x000000009c800000| PB 0x000000009c800000| Complete 
| 457|0x000000009c900000, 0x000000009ca00000, 0x000000009ca00000|100%| S|CS|TAMS 0x000000009c900000| PB 0x000000009c900000| Complete 
| 458|0x000000009ca00000, 0x000000009cb00000, 0x000000009cb00000|100%| S|CS|TAMS 0x000000009ca00000| PB 0x000000009ca00000| Complete 
| 459|0x000000009cb00000, 0x000000009cc00000, 0x000000009cc00000|100%| S|CS|TAMS 0x000000009cb00000| PB 0x000000009cb00000| Complete 
| 460|0x000000009cc00000, 0x000000009cd00000, 0x000000009cd00000|100%| S|CS|TAMS 0x000000009cc00000| PB 0x000000009cc00000| Complete 
| 461|0x000000009cd00000, 0x000000009ce00000, 0x000000009ce00000|100%| S|CS|TAMS 0x000000009cd00000| PB 0x000000009cd00000| Complete 
| 462|0x000000009ce00000, 0x000000009cf00000, 0x000000009cf00000|100%| S|CS|TAMS 0x000000009ce00000| PB 0x000000009ce00000| Complete 
| 463|0x000000009cf00000, 0x000000009d000000, 0x000000009d000000|100%| S|CS|TAMS 0x000000009cf00000| PB 0x000000009cf00000| Complete 
| 464|0x000000009d000000, 0x000000009d100000, 0x000000009d100000|100%| S|CS|TAMS 0x000000009d000000| PB 0x000000009d000000| Complete 
| 465|0x000000009d100000, 0x000000009d200000, 0x000000009d200000|100%| E|CS|TAMS 0x000000009d100000| PB 0x000000009d100000| Complete 
| 466|0x000000009d200000, 0x000000009d300000, 0x000000009d300000|100%| E|CS|TAMS 0x000000009d200000| PB 0x000000009d200000| Complete 
| 467|0x000000009d300000, 0x000000009d400000, 0x000000009d400000|100%| E|CS|TAMS 0x000000009d300000| PB 0x000000009d300000| Complete 
| 468|0x000000009d400000, 0x000000009d500000, 0x000000009d500000|100%| E|CS|TAMS 0x000000009d400000| PB 0x000000009d400000| Complete 
| 469|0x000000009d500000, 0x000000009d600000, 0x000000009d600000|100%| E|CS|TAMS 0x000000009d500000| PB 0x000000009d500000| Complete 
| 470|0x000000009d600000, 0x000000009d700000, 0x000000009d700000|100%| E|CS|TAMS 0x000000009d600000| PB 0x000000009d600000| Complete 
| 471|0x000000009d700000, 0x000000009d800000, 0x000000009d800000|100%| E|CS|TAMS 0x000000009d700000| PB 0x000000009d700000| Complete 
| 472|0x000000009d800000, 0x000000009d900000, 0x000000009d900000|100%| E|CS|TAMS 0x000000009d800000| PB 0x000000009d800000| Complete 
| 473|0x000000009d900000, 0x000000009da00000, 0x000000009da00000|100%| E|CS|TAMS 0x000000009d900000| PB 0x000000009d900000| Complete 
| 474|0x000000009da00000, 0x000000009db00000, 0x000000009db00000|100%| E|CS|TAMS 0x000000009da00000| PB 0x000000009da00000| Complete 
| 475|0x000000009db00000, 0x000000009dc00000, 0x000000009dc00000|100%| E|CS|TAMS 0x000000009db00000| PB 0x000000009db00000| Complete 
| 476|0x000000009dc00000, 0x000000009dd00000, 0x000000009dd00000|100%| E|CS|TAMS 0x000000009dc00000| PB 0x000000009dc00000| Complete 
| 477|0x000000009dd00000, 0x000000009de00000, 0x000000009de00000|100%| E|CS|TAMS 0x000000009dd00000| PB 0x000000009dd00000| Complete 
| 478|0x000000009de00000, 0x000000009df00000, 0x000000009df00000|100%| E|CS|TAMS 0x000000009de00000| PB 0x000000009de00000| Complete 
| 479|0x000000009df00000, 0x000000009e000000, 0x000000009e000000|100%| E|CS|TAMS 0x000000009df00000| PB 0x000000009df00000| Complete 
| 480|0x000000009e000000, 0x000000009e100000, 0x000000009e100000|100%| E|CS|TAMS 0x000000009e000000| PB 0x000000009e000000| Complete 
| 481|0x000000009e100000, 0x000000009e200000, 0x000000009e200000|100%| E|CS|TAMS 0x000000009e100000| PB 0x000000009e100000| Complete 
| 482|0x000000009e200000, 0x000000009e300000, 0x000000009e300000|100%| E|CS|TAMS 0x000000009e200000| PB 0x000000009e200000| Complete 
| 483|0x000000009e300000, 0x000000009e400000, 0x000000009e400000|100%| E|CS|TAMS 0x000000009e300000| PB 0x000000009e300000| Complete 
| 484|0x000000009e400000, 0x000000009e500000, 0x000000009e500000|100%| E|CS|TAMS 0x000000009e400000| PB 0x000000009e400000| Complete 
| 485|0x000000009e500000, 0x000000009e600000, 0x000000009e600000|100%| E|CS|TAMS 0x000000009e500000| PB 0x000000009e500000| Complete 
| 486|0x000000009e600000, 0x000000009e700000, 0x000000009e700000|100%| E|CS|TAMS 0x000000009e600000| PB 0x000000009e600000| Complete 
| 487|0x000000009e700000, 0x000000009e800000, 0x000000009e800000|100%| E|CS|TAMS 0x000000009e700000| PB 0x000000009e700000| Complete 
| 488|0x000000009e800000, 0x000000009e900000, 0x000000009e900000|100%| E|CS|TAMS 0x000000009e800000| PB 0x000000009e800000| Complete 
| 489|0x000000009e900000, 0x000000009ea00000, 0x000000009ea00000|100%| E|CS|TAMS 0x000000009e900000| PB 0x000000009e900000| Complete 
| 490|0x000000009ea00000, 0x000000009eb00000, 0x000000009eb00000|100%| E|CS|TAMS 0x000000009ea00000| PB 0x000000009ea00000| Complete 
| 491|0x000000009eb00000, 0x000000009ec00000, 0x000000009ec00000|100%| E|CS|TAMS 0x000000009eb00000| PB 0x000000009eb00000| Complete 
| 492|0x000000009ec00000, 0x000000009ed00000, 0x000000009ed00000|100%| E|CS|TAMS 0x000000009ec00000| PB 0x000000009ec00000| Complete 
| 493|0x000000009ed00000, 0x000000009ee00000, 0x000000009ee00000|100%| E|CS|TAMS 0x000000009ed00000| PB 0x000000009ed00000| Complete 
|1981|0x00000000fbd00000, 0x00000000fbe00000, 0x00000000fbe00000|100%| O|Cm|TAMS 0x00000000fbd00000| PB 0x00000000fbd00000| Complete 
|1982|0x00000000fbe00000, 0x00000000fbf00000, 0x00000000fbf00000|100%| O|  |TAMS 0x00000000fbe00000| PB 0x00000000fbe00000| Untracked 
|1983|0x00000000fbf00000, 0x00000000fc000000, 0x00000000fc000000|100%| O|  |TAMS 0x00000000fbf00000| PB 0x00000000fbf00000| Untracked 
|1984|0x00000000fc000000, 0x00000000fc100000, 0x00000000fc100000|100%| O|  |TAMS 0x00000000fc000000| PB 0x00000000fc000000| Untracked 
|1985|0x00000000fc100000, 0x00000000fc200000, 0x00000000fc200000|100%| O|  |TAMS 0x00000000fc100000| PB 0x00000000fc100000| Untracked 
|1986|0x00000000fc200000, 0x00000000fc300000, 0x00000000fc300000|100%| O|  |TAMS 0x00000000fc200000| PB 0x00000000fc200000| Untracked 
|1987|0x00000000fc300000, 0x00000000fc400000, 0x00000000fc400000|100%| O|  |TAMS 0x00000000fc300000| PB 0x00000000fc300000| Untracked 
|1988|0x00000000fc400000, 0x00000000fc500000, 0x00000000fc500000|100%| O|  |TAMS 0x00000000fc400000| PB 0x00000000fc400000| Untracked 
|1989|0x00000000fc500000, 0x00000000fc600000, 0x00000000fc600000|100%| O|  |TAMS 0x00000000fc500000| PB 0x00000000fc500000| Untracked 
|1990|0x00000000fc600000, 0x00000000fc700000, 0x00000000fc700000|100%| O|  |TAMS 0x00000000fc600000| PB 0x00000000fc600000| Untracked 
|1991|0x00000000fc700000, 0x00000000fc800000, 0x00000000fc800000|100%| O|  |TAMS 0x00000000fc700000| PB 0x00000000fc700000| Untracked 
|1992|0x00000000fc800000, 0x00000000fc900000, 0x00000000fc900000|100%| O|  |TAMS 0x00000000fc800000| PB 0x00000000fc800000| Untracked 
|1993|0x00000000fc900000, 0x00000000fca00000, 0x00000000fca00000|100%| O|  |TAMS 0x00000000fc900000| PB 0x00000000fc900000| Untracked 
|1994|0x00000000fca00000, 0x00000000fcb00000, 0x00000000fcb00000|100%| O|  |TAMS 0x00000000fca00000| PB 0x00000000fca00000| Untracked 
|1995|0x00000000fcb00000, 0x00000000fcc00000, 0x00000000fcc00000|100%| O|  |TAMS 0x00000000fcb00000| PB 0x00000000fcb00000| Untracked 
|1996|0x00000000fcc00000, 0x00000000fcd00000, 0x00000000fcd00000|100%| O|  |TAMS 0x00000000fcc00000| PB 0x00000000fcc00000| Untracked 
|1997|0x00000000fcd00000, 0x00000000fce00000, 0x00000000fce00000|100%| O|  |TAMS 0x00000000fcd00000| PB 0x00000000fcd00000| Untracked 
|1998|0x00000000fce00000, 0x00000000fcf00000, 0x00000000fcf00000|100%| O|  |TAMS 0x00000000fce00000| PB 0x00000000fce00000| Untracked 
|1999|0x00000000fcf00000, 0x00000000fd000000, 0x00000000fd000000|100%| O|  |TAMS 0x00000000fcf00000| PB 0x00000000fcf00000| Untracked 
|2000|0x00000000fd000000, 0x00000000fd100000, 0x00000000fd100000|100%| O|  |TAMS 0x00000000fd000000| PB 0x00000000fd000000| Untracked 
|2001|0x00000000fd100000, 0x00000000fd200000, 0x00000000fd200000|100%| O|  |TAMS 0x00000000fd100000| PB 0x00000000fd100000| Untracked 
|2002|0x00000000fd200000, 0x00000000fd300000, 0x00000000fd300000|100%| O|  |TAMS 0x00000000fd200000| PB 0x00000000fd200000| Untracked 
|2003|0x00000000fd300000, 0x00000000fd400000, 0x00000000fd400000|100%| O|  |TAMS 0x00000000fd300000| PB 0x00000000fd300000| Untracked 
|2004|0x00000000fd400000, 0x00000000fd500000, 0x00000000fd500000|100%| O|Cm|TAMS 0x00000000fd400000| PB 0x00000000fd400000| Complete 
|2005|0x00000000fd500000, 0x00000000fd600000, 0x00000000fd600000|100%| O|  |TAMS 0x00000000fd500000| PB 0x00000000fd500000| Untracked 
|2006|0x00000000fd600000, 0x00000000fd700000, 0x00000000fd700000|100%| O|Cm|TAMS 0x00000000fd600000| PB 0x00000000fd600000| Complete 
|2007|0x00000000fd700000, 0x00000000fd800000, 0x00000000fd800000|100%| E|CS|TAMS 0x00000000fd700000| PB 0x00000000fd700000| Complete 
|2008|0x00000000fd800000, 0x00000000fd900000, 0x00000000fd900000|100%| E|CS|TAMS 0x00000000fd800000| PB 0x00000000fd800000| Complete 
|2009|0x00000000fd900000, 0x00000000fda00000, 0x00000000fda00000|100%| O|Cm|TAMS 0x00000000fd900000| PB 0x00000000fd900000| Complete 
|2010|0x00000000fda00000, 0x00000000fdb00000, 0x00000000fdb00000|100%| O|Cm|TAMS 0x00000000fda00000| PB 0x00000000fda00000| Complete 
|2011|0x00000000fdb00000, 0x00000000fdc00000, 0x00000000fdc00000|100%| O|Cm|TAMS 0x00000000fdb00000| PB 0x00000000fdb00000| Complete 
|2012|0x00000000fdc00000, 0x00000000fdd00000, 0x00000000fdd00000|100%| O|Cm|TAMS 0x00000000fdc00000| PB 0x00000000fdc00000| Complete 
|2013|0x00000000fdd00000, 0x00000000fde00000, 0x00000000fde00000|100%| O|Cm|TAMS 0x00000000fdd00000| PB 0x00000000fdd00000| Complete 
|2014|0x00000000fde00000, 0x00000000fdf00000, 0x00000000fdf00000|100%| O|Cm|TAMS 0x00000000fde00000| PB 0x00000000fde00000| Complete 
|2015|0x00000000fdf00000, 0x00000000fe000000, 0x00000000fe000000|100%| O|Cm|TAMS 0x00000000fdf00000| PB 0x00000000fdf00000| Complete 
|2016|0x00000000fe000000, 0x00000000fe100000, 0x00000000fe100000|100%| O|Cm|TAMS 0x00000000fe000000| PB 0x00000000fe000000| Complete 
|2017|0x00000000fe100000, 0x00000000fe200000, 0x00000000fe200000|100%| O|Cm|TAMS 0x00000000fe100000| PB 0x00000000fe100000| Complete 
|2018|0x00000000fe200000, 0x00000000fe300000, 0x00000000fe300000|100%| E|CS|TAMS 0x00000000fe200000| PB 0x00000000fe200000| Complete 
|2019|0x00000000fe300000, 0x00000000fe400000, 0x00000000fe400000|100%| O|Cm|TAMS 0x00000000fe300000| PB 0x00000000fe300000| Complete 
|2020|0x00000000fe400000, 0x00000000fe500000, 0x00000000fe500000|100%| O|Cm|TAMS 0x00000000fe400000| PB 0x00000000fe400000| Complete 
|2021|0x00000000fe500000, 0x00000000fe600000, 0x00000000fe600000|100%| O|Cm|TAMS 0x00000000fe500000| PB 0x00000000fe500000| Complete 
|2022|0x00000000fe600000, 0x00000000fe700000, 0x00000000fe700000|100%| O|Cm|TAMS 0x00000000fe600000| PB 0x00000000fe600000| Complete 
|2023|0x00000000fe700000, 0x00000000fe800000, 0x00000000fe800000|100%| O|Cm|TAMS 0x00000000fe700000| PB 0x00000000fe700000| Complete 
|2024|0x00000000fe800000, 0x00000000fe900000, 0x00000000fe900000|100%| O|Cm|TAMS 0x00000000fe800000| PB 0x00000000fe800000| Complete 
|2025|0x00000000fe900000, 0x00000000fea00000, 0x00000000fea00000|100%| O|Cm|TAMS 0x00000000fe900000| PB 0x00000000fe900000| Complete 
|2026|0x00000000fea00000, 0x00000000feb00000, 0x00000000feb00000|100%| O|Cm|TAMS 0x00000000fea00000| PB 0x00000000fea00000| Complete 
|2027|0x00000000feb00000, 0x00000000fec00000, 0x00000000fec00000|100%| O|Cm|TAMS 0x00000000feb00000| PB 0x00000000feb00000| Complete 
|2028|0x00000000fec00000, 0x00000000fed00000, 0x00000000fed00000|100%| O|Cm|TAMS 0x00000000fec00000| PB 0x00000000fec00000| Complete 
|2029|0x00000000fed00000, 0x00000000fee00000, 0x00000000fee00000|100%| O|Cm|TAMS 0x00000000fed00000| PB 0x00000000fed00000| Complete 
|2030|0x00000000fee00000, 0x00000000fef00000, 0x00000000fef00000|100%| O|  |TAMS 0x00000000fee00000| PB 0x00000000fee00000| Untracked 
|2031|0x00000000fef00000, 0x00000000ff000000, 0x00000000ff000000|100%| O|  |TAMS 0x00000000fef00000| PB 0x00000000fef00000| Untracked 
|2032|0x00000000ff000000, 0x00000000ff100000, 0x00000000ff100000|100%| E|CS|TAMS 0x00000000ff000000| PB 0x00000000ff000000| Complete 
|2033|0x00000000ff100000, 0x00000000ff200000, 0x00000000ff200000|100%| O|Cm|TAMS 0x00000000ff100000| PB 0x00000000ff100000| Complete 
|2034|0x00000000ff200000, 0x00000000ff300000, 0x00000000ff300000|100%| E|CS|TAMS 0x00000000ff200000| PB 0x00000000ff200000| Complete 
|2035|0x00000000ff300000, 0x00000000ff400000, 0x00000000ff400000|100%| O|Cm|TAMS 0x00000000ff300000| PB 0x00000000ff300000| Complete 
|2036|0x00000000ff400000, 0x00000000ff500000, 0x00000000ff500000|100%| O|Cm|TAMS 0x00000000ff400000| PB 0x00000000ff400000| Complete 
|2037|0x00000000ff500000, 0x00000000ff600000, 0x00000000ff600000|100%| O|Cm|TAMS 0x00000000ff500000| PB 0x00000000ff500000| Complete 
|2038|0x00000000ff600000, 0x00000000ff700000, 0x00000000ff700000|100%| O|Cm|TAMS 0x00000000ff600000| PB 0x00000000ff600000| Complete 
|2039|0x00000000ff700000, 0x00000000ff800000, 0x00000000ff800000|100%| O|  |TAMS 0x00000000ff700000| PB 0x00000000ff700000| Untracked 
|2040|0x00000000ff800000, 0x00000000ff900000, 0x00000000ff900000|100%| O|  |TAMS 0x00000000ff800000| PB 0x00000000ff800000| Untracked 
|2041|0x00000000ff900000, 0x00000000ffa00000, 0x00000000ffa00000|100%| O|  |TAMS 0x00000000ff900000| PB 0x00000000ff900000| Untracked 
|2042|0x00000000ffa00000, 0x00000000ffb00000, 0x00000000ffb00000|100%| O|  |TAMS 0x00000000ffa00000| PB 0x00000000ffa00000| Untracked 
|2043|0x00000000ffb00000, 0x00000000ffc00000, 0x00000000ffc00000|100%| O|  |TAMS 0x00000000ffb00000| PB 0x00000000ffb00000| Untracked 
|2044|0x00000000ffc00000, 0x00000000ffd00000, 0x00000000ffd00000|100%| O|  |TAMS 0x00000000ffc00000| PB 0x00000000ffc00000| Untracked 
|2045|0x00000000ffd00000, 0x00000000ffe00000, 0x00000000ffe00000|100%| O|  |TAMS 0x00000000ffd00000| PB 0x00000000ffd00000| Untracked 
|2046|0x00000000ffe00000, 0x00000000fff00000, 0x00000000fff00000|100%| O|  |TAMS 0x00000000ffe00000| PB 0x00000000ffe00000| Untracked 
|2047|0x00000000fff00000, 0x0000000100000000, 0x0000000100000000|100%| O|  |TAMS 0x00000000fff00000| PB 0x00000000fff00000| Untracked 

Card table byte_map: [0x000001f77d200000,0x000001f77d600000] _byte_map_base: 0x000001f77ce00000

Marking Bits: (CMBitMap*) 0x000001f779456c90
 Bits: [0x000001f77d600000, 0x000001f77f600000)

Polling page: 0x000001f7774e0000

Metaspace:

Usage:
  Non-class:    113.13 MB used.
      Class:     18.16 MB used.
       Both:    131.28 MB used.

Virtual space:
  Non-class space:      128.00 MB reserved,     114.12 MB ( 89%) committed,  2 nodes.
      Class space:        1.00 GB reserved,      19.12 MB (  2%) committed,  1 nodes.
             Both:        1.12 GB reserved,     133.25 MB ( 12%) committed. 

Chunk freelists:
   Non-Class:  13.58 MB
       Class:  12.80 MB
        Both:  26.38 MB

MaxMetaspaceSize: unlimited
CompressedClassSpaceSize: 1.00 GB
Initial GC threshold: 21.00 MB
Current GC threshold: 211.06 MB
CDS: off
 - commit_granule_bytes: 65536.
 - commit_granule_words: 8192.
 - virtual_space_node_default_size: 8388608.
 - enlarge_chunks_in_place: 1.
 - use_allocation_guard: 0.


Internal statistics:

num_allocs_failed_limit: 9.
num_arena_births: 3992.
num_arena_deaths: 22.
num_vsnodes_births: 3.
num_vsnodes_deaths: 0.
num_space_committed: 2131.
num_space_uncommitted: 0.
num_chunks_returned_to_freelist: 37.
num_chunks_taken_from_freelist: 9427.
num_chunk_merges: 13.
num_chunk_splits: 6310.
num_chunks_enlarged: 4191.
num_inconsistent_stats: 0.

CodeHeap 'non-profiled nmethods': size=119168Kb used=26644Kb max_used=26644Kb free=92523Kb
 bounds [0x000001f707ba0000, 0x000001f7095b0000, 0x000001f70f000000]
CodeHeap 'profiled nmethods': size=119104Kb used=35104Kb max_used=35104Kb free=83999Kb
 bounds [0x000001f700000000, 0x000001f702250000, 0x000001f707450000]
CodeHeap 'non-nmethods': size=7488Kb used=3862Kb max_used=4453Kb free=3625Kb
 bounds [0x000001f707450000, 0x000001f7078b0000, 0x000001f707ba0000]
CodeCache: size=245760Kb, used=65610Kb, max_used=66201Kb, free=180147Kb
 total_blobs=20063, nmethods=19051, adapters=911, full_count=0
Compilation: enabled, stopped_count=0, restarted_count=0

Compilation events (20 events):
Event: 59.881 Thread 0x000001f729a22af0 nmethod 25521 0x000001f709596590 code [0x000001f709596720, 0x000001f7095967a8]
Event: 59.881 Thread 0x000001f729a22af0 25516       4       java.util.stream.AbstractPipeline::close (48 bytes)
Event: 59.883 Thread 0x000001f729a22af0 nmethod 25516 0x000001f709596890 code [0x000001f709596a20, 0x000001f709596c08]
Event: 59.883 Thread 0x000001f729a22af0 25522       4       org.gradle.internal.file.FileHierarchySet$PrefixFileSet::contains (10 bytes)
Event: 59.890 Thread 0x000001f7118d6110 nmethod 25496 0x000001f709596d10 code [0x000001f709597020, 0x000001f709598688]
Event: 59.890 Thread 0x000001f7118d6110 25523       4       org.gradle.internal.service.scopes.VirtualFileSystemServices$GradleUserHomeServices$$Lambda/0x0000000100343000::test (12 bytes)
Event: 59.891 Thread 0x000001f7118f6bc0 25529       3       com.google.common.collect.AbstractMultiset::add (9 bytes)
Event: 59.891 Thread 0x000001f7118f6bc0 nmethod 25529 0x000001f702243710 code [0x000001f7022438c0, 0x000001f702243a90]
Event: 59.891 Thread 0x000001f729a23f60 25530       3       com.google.common.base.Preconditions::checkArgument (28 bytes)
Event: 59.891 Thread 0x000001f729a23f60 nmethod 25530 0x000001f702243b10 code [0x000001f702243d00, 0x000001f702244148]
Event: 59.891 Thread 0x000001f71cd091e0 25531       3       org.gradle.internal.watch.vfs.impl.DefaultFileSystemWatchingStatistics$$Lambda/0x0000000101331b50::visitEntry (9 bytes)
Event: 59.892 Thread 0x000001f71cd091e0 nmethod 25531 0x000001f702244310 code [0x000001f7022444e0, 0x000001f702244838]
Event: 59.892 Thread 0x000001f71cd091e0 25532       3       com.google.common.collect.EnumMultiset::checkIsE (53 bytes)
Event: 59.892 Thread 0x000001f71cd091e0 nmethod 25532 0x000001f702244a10 code [0x000001f702244d00, 0x000001f7022458e8]
Event: 59.893 Thread 0x000001f71cd091e0 25533       3       com.google.common.collect.EnumMultiset::add (102 bytes)
Event: 59.894 Thread 0x000001f71cd091e0 nmethod 25533 0x000001f702245d90 code [0x000001f702245fa0, 0x000001f7022464c8]
Event: 59.894 Thread 0x000001f7118f6bc0 25534       3       com.google.common.collect.EnumMultiset::isActuallyE (44 bytes)
Event: 59.894 Thread 0x000001f7118f6bc0 nmethod 25534 0x000001f702246790 code [0x000001f702246960, 0x000001f702246d58]
Event: 59.895 Thread 0x000001f71cd091e0 25536       3       org.gradle.internal.watch.vfs.impl.DefaultFileSystemWatchingStatistics$$Lambda/0x00000001013318e8::accept (12 bytes)
Event: 59.896 Thread 0x000001f71cd091e0 nmethod 25536 0x000001f702246e90 code [0x000001f7022470c0, 0x000001f7022478c0]

GC Heap History (20 events):
Event: 43.634 GC heap before
{Heap before GC invocations=68 (full 0):
 garbage-first heap   total 474112K, used 353961K [0x0000000080000000, 0x0000000100000000)
  region size 1024K, 149 young (152576K), 18 survivors (18432K)
 Metaspace       used 117855K, committed 119808K, reserved 1179648K
  class space    used 16573K, committed 17536K, reserved 1048576K
}
Event: 43.653 GC heap after
{Heap after GC invocations=69 (full 0):
 garbage-first heap   total 474112K, used 224916K [0x0000000080000000, 0x0000000100000000)
  region size 1024K, 21 young (21504K), 21 survivors (21504K)
 Metaspace       used 117855K, committed 119808K, reserved 1179648K
  class space    used 16573K, committed 17536K, reserved 1048576K
}
Event: 44.797 GC heap before
{Heap before GC invocations=70 (full 0):
 garbage-first heap   total 474112K, used 448148K [0x0000000080000000, 0x0000000100000000)
  region size 1024K, 239 young (244736K), 21 survivors (21504K)
 Metaspace       used 120200K, committed 122112K, reserved 1179648K
  class space    used 16944K, committed 17856K, reserved 1048576K
}
Event: 44.816 GC heap after
{Heap after GC invocations=71 (full 0):
 garbage-first heap   total 474112K, used 224036K [0x0000000080000000, 0x0000000100000000)
  region size 1024K, 15 young (15360K), 15 survivors (15360K)
 Metaspace       used 120200K, committed 122112K, reserved 1179648K
  class space    used 16944K, committed 17856K, reserved 1048576K
}
Event: 46.462 GC heap before
{Heap before GC invocations=71 (full 0):
 garbage-first heap   total 474112K, used 451364K [0x0000000080000000, 0x0000000100000000)
  region size 1024K, 235 young (240640K), 15 survivors (15360K)
 Metaspace       used 120845K, committed 122816K, reserved 1179648K
  class space    used 16968K, committed 17920K, reserved 1048576K
}
Event: 46.489 GC heap after
{Heap after GC invocations=72 (full 0):
 garbage-first heap   total 474112K, used 219888K [0x0000000080000000, 0x0000000100000000)
  region size 1024K, 18 young (18432K), 18 survivors (18432K)
 Metaspace       used 120845K, committed 122816K, reserved 1179648K
  class space    used 16968K, committed 17920K, reserved 1048576K
}
Event: 47.113 GC heap before
{Heap before GC invocations=72 (full 0):
 garbage-first heap   total 474112K, used 360176K [0x0000000080000000, 0x0000000100000000)
  region size 1024K, 156 young (159744K), 18 survivors (18432K)
 Metaspace       used 120882K, committed 122880K, reserved 1179648K
  class space    used 16968K, committed 17920K, reserved 1048576K
}
Event: 47.134 GC heap after
{Heap after GC invocations=73 (full 0):
 garbage-first heap   total 474112K, used 225745K [0x0000000080000000, 0x0000000100000000)
  region size 1024K, 22 young (22528K), 22 survivors (22528K)
 Metaspace       used 120882K, committed 122880K, reserved 1179648K
  class space    used 16968K, committed 17920K, reserved 1048576K
}
Event: 48.585 GC heap before
{Heap before GC invocations=74 (full 0):
 garbage-first heap   total 474112K, used 454097K [0x0000000080000000, 0x0000000100000000)
  region size 1024K, 240 young (245760K), 22 survivors (22528K)
 Metaspace       used 120905K, committed 122880K, reserved 1179648K
  class space    used 16972K, committed 17920K, reserved 1048576K
}
Event: 48.604 GC heap after
{Heap after GC invocations=75 (full 0):
 garbage-first heap   total 476160K, used 224157K [0x0000000080000000, 0x0000000100000000)
  region size 1024K, 16 young (16384K), 16 survivors (16384K)
 Metaspace       used 120905K, committed 122880K, reserved 1179648K
  class space    used 16972K, committed 17920K, reserved 1048576K
}
Event: 49.296 GC heap before
{Heap before GC invocations=75 (full 0):
 garbage-first heap   total 476160K, used 450461K [0x0000000080000000, 0x0000000100000000)
  region size 1024K, 237 young (242688K), 16 survivors (16384K)
 Metaspace       used 120956K, committed 122944K, reserved 1179648K
  class space    used 16977K, committed 17920K, reserved 1048576K
}
Event: 49.319 GC heap after
{Heap after GC invocations=76 (full 0):
 garbage-first heap   total 476160K, used 213429K [0x0000000080000000, 0x0000000100000000)
  region size 1024K, 16 young (16384K), 16 survivors (16384K)
 Metaspace       used 120956K, committed 122944K, reserved 1179648K
  class space    used 16977K, committed 17920K, reserved 1048576K
}
Event: 51.174 GC heap before
{Heap before GC invocations=76 (full 0):
 garbage-first heap   total 476160K, used 449973K [0x0000000080000000, 0x0000000100000000)
  region size 1024K, 248 young (253952K), 16 survivors (16384K)
 Metaspace       used 121043K, committed 123008K, reserved 1179648K
  class space    used 16979K, committed 17920K, reserved 1048576K
}
Event: 51.211 GC heap after
{Heap after GC invocations=77 (full 0):
 garbage-first heap   total 491520K, used 236850K [0x0000000080000000, 0x0000000100000000)
  region size 1024K, 31 young (31744K), 31 survivors (31744K)
 Metaspace       used 121043K, committed 123008K, reserved 1179648K
  class space    used 16979K, committed 17920K, reserved 1048576K
}
Event: 54.754 GC heap before
{Heap before GC invocations=78 (full 0):
 garbage-first heap   total 491520K, used 489778K [0x0000000080000000, 0x0000000100000000)
  region size 1024K, 234 young (239616K), 31 survivors (31744K)
 Metaspace       used 124675K, committed 126656K, reserved 1179648K
  class space    used 17347K, committed 18304K, reserved 1048576K
}
Event: 54.848 GC heap after
{Heap after GC invocations=79 (full 0):
 garbage-first heap   total 574464K, used 297984K [0x0000000080000000, 0x0000000100000000)
  region size 1024K, 31 young (31744K), 31 survivors (31744K)
 Metaspace       used 124675K, committed 126656K, reserved 1179648K
  class space    used 17347K, committed 18304K, reserved 1048576K
}
Event: 57.835 GC heap before
{Heap before GC invocations=79 (full 0):
 garbage-first heap   total 574464K, used 521216K [0x0000000080000000, 0x0000000100000000)
  region size 1024K, 227 young (232448K), 31 survivors (31744K)
 Metaspace       used 127662K, committed 129664K, reserved 1179648K
  class space    used 17679K, committed 18624K, reserved 1048576K
}
Event: 57.892 GC heap after
{Heap after GC invocations=80 (full 0):
 garbage-first heap   total 574464K, used 297916K [0x0000000080000000, 0x0000000100000000)
  region size 1024K, 14 young (14336K), 14 survivors (14336K)
 Metaspace       used 127662K, committed 129664K, reserved 1179648K
  class space    used 17679K, committed 18624K, reserved 1048576K
}
Event: 58.115 GC heap before
{Heap before GC invocations=80 (full 0):
 garbage-first heap   total 574464K, used 326588K [0x0000000080000000, 0x0000000100000000)
  region size 1024K, 43 young (44032K), 14 survivors (14336K)
 Metaspace       used 127667K, committed 129664K, reserved 1179648K
  class space    used 17679K, committed 18624K, reserved 1048576K
}
Event: 58.129 GC heap after
{Heap after GC invocations=81 (full 0):
 garbage-first heap   total 574464K, used 295759K [0x0000000080000000, 0x0000000100000000)
  region size 1024K, 12 young (12288K), 12 survivors (12288K)
 Metaspace       used 127667K, committed 129664K, reserved 1179648K
  class space    used 17679K, committed 18624K, reserved 1048576K
}

Dll operation events (3 events):
Event: 0.012 Loaded shared library C:\Program Files\Android\Android Studio\jbr\bin\java.dll
Event: 0.018 Loaded shared library C:\Program Files\Android\Android Studio\jbr\bin\zip.dll
Event: 0.420 Loaded shared library C:\Program Files\Android\Android Studio\jbr\bin\verify.dll

Deoptimization events (20 events):
Event: 59.864 Thread 0x000001f718395f60 Uncommon trap: trap_request=0xffffffc6 fr.pc=0x000001f70832e6c8 relative=0x00000000000002a8
Event: 59.864 Thread 0x000001f718395f60 Uncommon trap: reason=bimorphic_or_optimized_type_check action=maybe_recompile pc=0x000001f70832e6c8 method=org.gradle.internal.logging.sink.OutputEventRenderer.onOutput(Lorg/gradle/internal/logging/events/OutputEvent;)V @ 1 c2
Event: 59.864 Thread 0x000001f718395f60 DEOPT PACKING pc=0x000001f70832e6c8 sp=0x000000f24cefcd30
Event: 59.864 Thread 0x000001f718395f60 DEOPT UNPACKING pc=0x000001f7074a43a2 sp=0x000000f24cefcc70 mode 2
Event: 59.864 Thread 0x000001f718395f60 Uncommon trap: trap_request=0xffffffde fr.pc=0x000001f7087ea3cc relative=0x00000000000009ec
Event: 59.864 Thread 0x000001f718395f60 Uncommon trap: reason=class_check action=maybe_recompile pc=0x000001f7087ea3cc method=org.gradle.internal.logging.sink.OutputEventTransformer.onOutput(Lorg/gradle/internal/logging/events/OutputEvent;)V @ 215 c2
Event: 59.864 Thread 0x000001f718395f60 DEOPT PACKING pc=0x000001f7087ea3cc sp=0x000000f24cefcc20
Event: 59.864 Thread 0x000001f718395f60 DEOPT UNPACKING pc=0x000001f7074a43a2 sp=0x000000f24cefcbe8 mode 2
Event: 59.865 Thread 0x000001f718395f60 Uncommon trap: trap_request=0xffffffc6 fr.pc=0x000001f70832e6c8 relative=0x00000000000002a8
Event: 59.865 Thread 0x000001f718395f60 Uncommon trap: reason=bimorphic_or_optimized_type_check action=maybe_recompile pc=0x000001f70832e6c8 method=org.gradle.internal.logging.sink.OutputEventRenderer.onOutput(Lorg/gradle/internal/logging/events/OutputEvent;)V @ 1 c2
Event: 59.865 Thread 0x000001f718395f60 DEOPT PACKING pc=0x000001f70832e6c8 sp=0x000000f24cefccc0
Event: 59.865 Thread 0x000001f718395f60 DEOPT UNPACKING pc=0x000001f7074a43a2 sp=0x000000f24cefcc00 mode 2
Event: 59.865 Thread 0x000001f718395f60 Uncommon trap: trap_request=0xffffffde fr.pc=0x000001f7087ea3cc relative=0x00000000000009ec
Event: 59.865 Thread 0x000001f718395f60 Uncommon trap: reason=class_check action=maybe_recompile pc=0x000001f7087ea3cc method=org.gradle.internal.logging.sink.OutputEventTransformer.onOutput(Lorg/gradle/internal/logging/events/OutputEvent;)V @ 215 c2
Event: 59.865 Thread 0x000001f718395f60 DEOPT PACKING pc=0x000001f7087ea3cc sp=0x000000f24cefcbb0
Event: 59.865 Thread 0x000001f718395f60 DEOPT UNPACKING pc=0x000001f7074a43a2 sp=0x000000f24cefcb78 mode 2
Event: 59.865 Thread 0x000001f718395f60 Uncommon trap: trap_request=0xffffffc6 fr.pc=0x000001f707f672d8 relative=0x0000000000000178
Event: 59.865 Thread 0x000001f718395f60 Uncommon trap: reason=bimorphic_or_optimized_type_check action=maybe_recompile pc=0x000001f707f672d8 method=org.gradle.internal.logging.sink.OutputEventRenderer.onOutput(Lorg/gradle/internal/logging/events/OutputEvent;)V @ 1 c2
Event: 59.865 Thread 0x000001f718395f60 DEOPT PACKING pc=0x000001f707f672d8 sp=0x000000f24cefcbe0
Event: 59.865 Thread 0x000001f718395f60 DEOPT UNPACKING pc=0x000001f7074a43a2 sp=0x000000f24cefcb80 mode 2

Classes loaded (20 events):
Event: 59.739 Loading class sun/security/rsa/RSACore$BlindingParameters
Event: 59.739 Loading class sun/security/rsa/RSACore$BlindingParameters done
Event: 59.739 Loading class sun/security/jca/JCAUtil$CachedSecureRandomHolder
Event: 59.739 Loading class sun/security/jca/JCAUtil$CachedSecureRandomHolder done
Event: 59.742 Loading class sun/security/rsa/RSACore$BlindingRandomPair
Event: 59.742 Loading class sun/security/rsa/RSACore$BlindingRandomPair done
Event: 59.768 Loading class java/security/DigestException
Event: 59.768 Loading class java/security/DigestException done
Event: 59.772 Loading class java/security/spec/InvalidKeySpecException
Event: 59.772 Loading class java/security/spec/InvalidKeySpecException done
Event: 59.794 Loading class java/nio/BufferOverflowException
Event: 59.794 Loading class java/nio/BufferOverflowException done
Event: 59.797 Loading class java/security/spec/MGF1ParameterSpec
Event: 59.797 Loading class java/security/spec/MGF1ParameterSpec done
Event: 59.799 Loading class java/util/concurrent/ForkJoinTask$AdaptedInterruptibleRunnable
Event: 59.799 Loading class java/util/concurrent/ForkJoinTask$AdaptedInterruptibleRunnable done
Event: 59.808 Loading class sun/misc/SharedSecrets
Event: 59.808 Loading class sun/misc/SharedSecrets done
Event: 59.838 Loading class java/util/logging/LogRecord
Event: 59.838 Loading class java/util/logging/LogRecord done

Classes unloaded (11 events):
Event: 20.303 Thread 0x000001f71174e000 Unloading class 0x0000000100f54000 'java/lang/invoke/LambdaForm$DMH+0x0000000100f54000'
Event: 20.303 Thread 0x000001f71174e000 Unloading class 0x0000000100efc800 'java/lang/invoke/LambdaForm$DMH+0x0000000100efc800'
Event: 20.303 Thread 0x000001f71174e000 Unloading class 0x0000000100efc400 'java/lang/invoke/LambdaForm$DMH+0x0000000100efc400'
Event: 21.572 Thread 0x000001f71174e000 Unloading class 0x0000000100fe4c00 'java/lang/invoke/LambdaForm$DMH+0x0000000100fe4c00'
Event: 21.572 Thread 0x000001f71174e000 Unloading class 0x0000000100fe4800 'java/lang/invoke/LambdaForm$DMH+0x0000000100fe4800'
Event: 21.572 Thread 0x000001f71174e000 Unloading class 0x0000000100fe4400 'java/lang/invoke/LambdaForm$DMH+0x0000000100fe4400'
Event: 21.572 Thread 0x000001f71174e000 Unloading class 0x0000000100fcd800 'java/lang/invoke/LambdaForm$DMH+0x0000000100fcd800'
Event: 21.572 Thread 0x000001f71174e000 Unloading class 0x0000000100fcd400 'java/lang/invoke/LambdaForm$DMH+0x0000000100fcd400'
Event: 21.572 Thread 0x000001f71174e000 Unloading class 0x0000000100fccc00 'java/lang/invoke/LambdaForm$DMH+0x0000000100fccc00'
Event: 21.572 Thread 0x000001f71174e000 Unloading class 0x0000000100fcc400 'java/lang/invoke/LambdaForm$DMH+0x0000000100fcc400'
Event: 58.225 Thread 0x000001f71174e000 Unloading class 0x00000001011ec400 'java/lang/invoke/LambdaForm$DMH+0x00000001011ec400'

Classes redefined (0 events):
No events

Internal exceptions (20 events):
Event: 59.157 Thread 0x000001f728912280 Exception <a 'sun/nio/fs/WindowsException'{0x000000009b68b5f8}> (0x000000009b68b5f8) 
thrown [s\src\hotspot\share\prims\jni.cpp, line 537]
Event: 59.157 Thread 0x000001f728912280 Exception <a 'sun/nio/fs/WindowsException'{0x000000009b68e1f0}> (0x000000009b68e1f0) 
thrown [s\src\hotspot\share\prims\jni.cpp, line 537]
Event: 59.166 Thread 0x000001f728912280 Exception <a 'sun/nio/fs/WindowsException'{0x000000009b6f49d0}> (0x000000009b6f49d0) 
thrown [s\src\hotspot\share\prims\jni.cpp, line 537]
Event: 59.171 Thread 0x000001f728912280 Exception <a 'sun/nio/fs/WindowsException'{0x000000009b544b58}> (0x000000009b544b58) 
thrown [s\src\hotspot\share\prims\jni.cpp, line 537]
Event: 59.209 Thread 0x000001f728912280 Exception <a 'sun/nio/fs/WindowsException'{0x000000009b4b21e0}> (0x000000009b4b21e0) 
thrown [s\src\hotspot\share\prims\jni.cpp, line 537]
Event: 59.254 Thread 0x000001f728912280 Exception <a 'java/lang/NoSuchMethodError'{0x000000009b3b2680}: 'java.lang.Object java.lang.invoke.DirectMethodHandle$Holder.newInvokeSpecial(java.lang.Object, java.lang.Object, java.lang.Object, java.lang.Object, java.lang.Object, int, java.lang.Object)'> (0x000000009b3b2680) 
thrown [s\src\hotspot\share\interpreter\linkResolver.cpp, line 784]
Event: 59.255 Thread 0x000001f728912280 Exception <a 'java/lang/NoSuchMethodError'{0x000000009b3b9fa8}: 'java.lang.Object java.lang.invoke.Invokers$Holder.linkToTargetMethod(java.lang.Object, java.lang.Object, java.lang.Object, java.lang.Object, int, java.lang.Object, java.lang.Object)'> (0x000000009b3b9fa8) 
thrown [s\src\hotspot\share\interpreter\linkResolver.cpp, line 784]
Event: 59.288 Thread 0x000001f728912280 Exception <a 'sun/nio/fs/WindowsException'{0x000000009b1121b8}> (0x000000009b1121b8) 
thrown [s\src\hotspot\share\prims\jni.cpp, line 537]
Event: 59.298 Thread 0x000001f728912280 Exception <a 'sun/nio/fs/WindowsException'{0x000000009b1b70f8}> (0x000000009b1b70f8) 
thrown [s\src\hotspot\share\prims\jni.cpp, line 537]
Event: 59.298 Thread 0x000001f728912280 Exception <a 'sun/nio/fs/WindowsException'{0x000000009b1b7958}> (0x000000009b1b7958) 
thrown [s\src\hotspot\share\prims\jni.cpp, line 537]
Event: 59.303 Thread 0x000001f728912280 Exception <a 'sun/nio/fs/WindowsException'{0x000000009b1fd780}> (0x000000009b1fd780) 
thrown [s\src\hotspot\share\prims\jni.cpp, line 537]
Event: 59.329 Thread 0x000001f728912280 Exception <a 'sun/nio/fs/WindowsException'{0x000000009afa1fc8}> (0x000000009afa1fc8) 
thrown [s\src\hotspot\share\prims\jni.cpp, line 537]
Event: 59.423 Thread 0x000001f728912280 Exception <a 'sun/nio/fs/WindowsException'{0x000000009ab46ff8}> (0x000000009ab46ff8) 
thrown [s\src\hotspot\share\prims\jni.cpp, line 537]
Event: 59.704 Thread 0x000001f728912280 Exception <a 'java/lang/NoSuchMethodError'{0x000000009aa3c360}: 'long java.lang.invoke.DirectMethodHandle$Holder.invokeStatic(java.lang.Object, java.lang.Object, int)'> (0x000000009aa3c360) 
thrown [s\src\hotspot\share\interpreter\linkResolver.cpp, line 784]
Event: 59.705 Thread 0x000001f728912280 Exception <a 'java/lang/NoSuchMethodError'{0x000000009aa46790}: 'java.lang.Object java.lang.invoke.DelegatingMethodHandle$Holder.reinvoke_L(java.lang.Object, int, long, java.lang.Object, java.lang.Object, int, java.lang.Object)'> (0x000000009aa46790) 
thrown [s\src\hotspot\share\interpreter\linkResolver.cpp, line 784]
Event: 59.808 Thread 0x000001f728912280 Exception <a 'java/lang/ClassNotFoundException'{0x000000009a3b3c10}: sun/misc/SharedSecrets> (0x000000009a3b3c10) 
thrown [s\src\hotspot\share\classfile\systemDictionary.cpp, line 312]
Event: 59.845 Thread 0x000001f718395f60 Exception <a 'java/lang/IncompatibleClassChangeError'{0x000000009a111050}: Found class java.lang.Object, but interface was expected> (0x000000009a111050) 
thrown [s\src\hotspot\share\interpreter\linkResolver.cpp, line 851]
Event: 59.861 Thread 0x000001f718395f60 Exception <a 'java/lang/NoSuchMethodError'{0x000000009a172f50}: 'void java.lang.invoke.DirectMethodHandle$Holder.invokeStatic(java.lang.Object, int, java.lang.Object)'> (0x000000009a172f50) 
thrown [s\src\hotspot\share\interpreter\linkResolver.cpp, line 784]
Event: 59.900 Thread 0x000001f718395f60 Exception <a 'sun/nio/fs/WindowsException'{0x0000000099fe5b28}> (0x0000000099fe5b28) 
thrown [s\src\hotspot\share\prims\jni.cpp, line 537]
Event: 59.901 Thread 0x000001f718395f60 Exception <a 'sun/nio/fs/WindowsException'{0x0000000099fe7078}> (0x0000000099fe7078) 
thrown [s\src\hotspot\share\prims\jni.cpp, line 537]

ZGC Phase Switch (0 events):
No events

VM Operations (20 events):
Event: 58.218 Executing safepoint VM operation: G1PauseRemark
Event: 58.242 Executing safepoint VM operation: G1PauseRemark done
Event: 58.305 Executing safepoint VM operation: G1PauseCleanup
Event: 58.306 Executing safepoint VM operation: G1PauseCleanup done
Event: 59.204 Executing non-safepoint VM operation: HandshakeAllThreads (Deoptimize)
Event: 59.204 Executing non-safepoint VM operation: HandshakeAllThreads (Deoptimize) done
Event: 59.215 Executing non-safepoint VM operation: HandshakeAllThreads (Deoptimize)
Event: 59.215 Executing non-safepoint VM operation: HandshakeAllThreads (Deoptimize) done
Event: 59.219 Executing non-safepoint VM operation: HandshakeAllThreads (Deoptimize)
Event: 59.220 Executing non-safepoint VM operation: HandshakeAllThreads (Deoptimize) done
Event: 59.257 Executing non-safepoint VM operation: HandshakeAllThreads (Deoptimize)
Event: 59.258 Executing non-safepoint VM operation: HandshakeAllThreads (Deoptimize) done
Event: 59.787 Executing safepoint VM operation: ICBufferFull
Event: 59.787 Executing safepoint VM operation: ICBufferFull done
Event: 59.801 Executing non-safepoint VM operation: HandshakeAllThreads (Deoptimize)
Event: 59.801 Executing non-safepoint VM operation: HandshakeAllThreads (Deoptimize) done
Event: 59.805 Executing non-safepoint VM operation: HandshakeAllThreads (Deoptimize)
Event: 59.805 Executing non-safepoint VM operation: HandshakeAllThreads (Deoptimize) done
Event: 59.861 Executing non-safepoint VM operation: HandshakeAllThreads (Deoptimize)
Event: 59.861 Executing non-safepoint VM operation: HandshakeAllThreads (Deoptimize) done

Memory protections (0 events):
No events

Nmethod flushes (20 events):
Event: 58.240 Thread 0x000001f71174e000 flushing  nmethod 0x000001f7017ef310
Event: 58.240 Thread 0x000001f71174e000 flushing  nmethod 0x000001f7017efe90
Event: 58.240 Thread 0x000001f71174e000 flushing  nmethod 0x000001f7017f0490
Event: 58.240 Thread 0x000001f71174e000 flushing  nmethod 0x000001f7017f0990
Event: 58.240 Thread 0x000001f71174e000 flushing  nmethod 0x000001f7017f3010
Event: 58.240 Thread 0x000001f71174e000 flushing  nmethod 0x000001f7017f8a90
Event: 58.240 Thread 0x000001f71174e000 flushing  nmethod 0x000001f701839c90
Event: 58.240 Thread 0x000001f71174e000 flushing  nmethod 0x000001f701895a10
Event: 58.240 Thread 0x000001f71174e000 flushing  nmethod 0x000001f7018f1810
Event: 58.240 Thread 0x000001f71174e000 flushing  nmethod 0x000001f701920590
Event: 58.240 Thread 0x000001f71174e000 flushing  nmethod 0x000001f701921f10
Event: 58.240 Thread 0x000001f71174e000 flushing  nmethod 0x000001f701922590
Event: 58.240 Thread 0x000001f71174e000 flushing  nmethod 0x000001f7019a0090
Event: 58.240 Thread 0x000001f71174e000 flushing  nmethod 0x000001f7019a1e10
Event: 58.240 Thread 0x000001f71174e000 flushing  nmethod 0x000001f7019fab90
Event: 58.240 Thread 0x000001f71174e000 flushing  nmethod 0x000001f701a46a10
Event: 58.240 Thread 0x000001f71174e000 flushing  nmethod 0x000001f701b2ad10
Event: 58.240 Thread 0x000001f71174e000 flushing  nmethod 0x000001f701c03390
Event: 58.240 Thread 0x000001f71174e000 flushing  nmethod 0x000001f701c04210
Event: 58.240 Thread 0x000001f71174e000 flushing  nmethod 0x000001f701cd1510

Events (20 events):
Event: 58.377 Thread 0x000001f726837350 Thread exited: 0x000001f726837350
Event: 58.378 Thread 0x000001f72683a7d0 Thread exited: 0x000001f72683a7d0
Event: 58.380 Thread 0x000001f7291f0410 Thread exited: 0x000001f7291f0410
Event: 58.380 Thread 0x000001f7285b44b0 Thread exited: 0x000001f7285b44b0
Event: 58.381 Thread 0x000001f7285b6c10 Thread exited: 0x000001f7285b6c10
Event: 58.381 Thread 0x000001f7250f93d0 Thread exited: 0x000001f7250f93d0
Event: 58.381 Thread 0x000001f7250fc1c0 Thread exited: 0x000001f7250fc1c0
Event: 58.381 Thread 0x000001f7250fa0f0 Thread exited: 0x000001f7250fa0f0
Event: 58.381 Thread 0x000001f7250fae10 Thread exited: 0x000001f7250fae10
Event: 58.381 Thread 0x000001f7250fa780 Thread exited: 0x000001f7250fa780
Event: 58.382 Thread 0x000001f7250fc850 Thread exited: 0x000001f7250fc850
Event: 58.779 Thread 0x000001f729a24d00 Thread exited: 0x000001f729a24d00
Event: 58.779 Thread 0x000001f729a24630 Thread exited: 0x000001f729a24630
Event: 59.088 Thread 0x000001f71cd091e0 Thread added: 0x000001f729a22af0
Event: 59.103 Thread 0x000001f7118f6bc0 Thread added: 0x000001f729a24d00
Event: 59.380 Thread 0x000001f728912280 Thread added: 0x000001f7169aa050
Event: 59.380 Thread 0x000001f7169aa050 Thread added: 0x000001f7250fc1c0
Event: 59.382 Thread 0x000001f7250fc1c0 Thread added: 0x000001f726839420
Event: 59.383 Thread 0x000001f726839420 Thread added: 0x000001f7169a9330
Event: 59.807 Thread 0x000001f7169a9330 Thread added: 0x000001f7250f93d0


Dynamic libraries:
0x00007ff6131b0000 - 0x00007ff6131ba000 	C:\Program Files\Android\Android Studio\jbr\bin\java.exe
0x00007ffdde160000 - 0x00007ffdde3c7000 	C:\WINDOWS\SYSTEM32\ntdll.dll
0x00007ffddd1e0000 - 0x00007ffddd2a9000 	C:\WINDOWS\System32\KERNEL32.DLL
0x00007ffddb8c0000 - 0x00007ffddbcb4000 	C:\WINDOWS\System32\KERNELBASE.dll
0x00007ffddb570000 - 0x00007ffddb6bb000 	C:\WINDOWS\System32\ucrtbase.dll
0x00007ffd9b020000 - 0x00007ffd9b03b000 	C:\Program Files\Android\Android Studio\jbr\bin\VCRUNTIME140.dll
0x00007ffd9b040000 - 0x00007ffd9b058000 	C:\Program Files\Android\Android Studio\jbr\bin\jli.dll
0x00007ffddc2a0000 - 0x00007ffddc465000 	C:\WINDOWS\System32\USER32.dll
0x00007ffdc1b00000 - 0x00007ffdc1d93000 	C:\WINDOWS\WinSxS\amd64_microsoft.windows.common-controls_6595b64144ccf1df_6.0.26100.8115_none_3e075c82e3354f9c\COMCTL32.dll
0x00007ffddb540000 - 0x00007ffddb567000 	C:\WINDOWS\System32\win32u.dll
0x00007ffddc570000 - 0x00007ffddc619000 	C:\WINDOWS\System32\msvcrt.dll
0x00007ffddc150000 - 0x00007ffddc17b000 	C:\WINDOWS\System32\GDI32.dll
0x00007ffddb2a0000 - 0x00007ffddb3cb000 	C:\WINDOWS\System32\gdi32full.dll
0x00007ffddb3d0000 - 0x00007ffddb473000 	C:\WINDOWS\System32\msvcp_win.dll
0x00007ffdde060000 - 0x00007ffdde092000 	C:\WINDOWS\System32\IMM32.DLL
0x00007ffdc5b40000 - 0x00007ffdc5b4c000 	C:\Program Files\Android\Android Studio\jbr\bin\vcruntime140_1.dll
0x00007ffd753e0000 - 0x00007ffd7546d000 	C:\Program Files\Android\Android Studio\jbr\bin\msvcp140.dll
0x00007ffd1a6a0000 - 0x00007ffd1b336000 	C:\Program Files\Android\Android Studio\jbr\bin\server\jvm.dll
0x00007ffddc470000 - 0x00007ffddc526000 	C:\WINDOWS\System32\ADVAPI32.dll
0x00007ffddc080000 - 0x00007ffddc127000 	C:\WINDOWS\System32\sechost.dll
0x00007ffddc180000 - 0x00007ffddc298000 	C:\WINDOWS\System32\RPCRT4.dll
0x00007ffddcf70000 - 0x00007ffddcff0000 	C:\WINDOWS\System32\WS2_32.dll
0x00007ffdda290000 - 0x00007ffdda2ee000 	C:\WINDOWS\SYSTEM32\POWRPROF.dll
0x00007ffdd0560000 - 0x00007ffdd0596000 	C:\WINDOWS\SYSTEM32\WINMM.dll
0x00007ffdd2190000 - 0x00007ffdd219b000 	C:\WINDOWS\SYSTEM32\VERSION.dll
0x00007ffdda270000 - 0x00007ffdda284000 	C:\WINDOWS\SYSTEM32\UMPDC.dll
0x00007ffdd9780000 - 0x00007ffdd979b000 	C:\WINDOWS\SYSTEM32\kernel.appcore.dll
0x00007ffdc1090000 - 0x00007ffdc109a000 	C:\Program Files\Android\Android Studio\jbr\bin\jimage.dll
0x00007ffdd8920000 - 0x00007ffdd8b62000 	C:\WINDOWS\SYSTEM32\DBGHELP.DLL
0x00007ffddcb80000 - 0x00007ffddcf02000 	C:\WINDOWS\System32\combase.dll
0x00007ffddd560000 - 0x00007ffddd638000 	C:\WINDOWS\System32\OLEAUT32.dll
0x00007ffdb1c90000 - 0x00007ffdb1ccb000 	C:\WINDOWS\SYSTEM32\dbgcore.DLL
0x00007ffddbcc0000 - 0x00007ffddbd65000 	C:\WINDOWS\System32\bcryptPrimitives.dll
0x00007ffdc0ab0000 - 0x00007ffdc0abe000 	C:\Program Files\Android\Android Studio\jbr\bin\instrument.dll
0x00007ffd9b000000 - 0x00007ffd9b020000 	C:\Program Files\Android\Android Studio\jbr\bin\java.dll
0x00007ffd9afe0000 - 0x00007ffd9aff8000 	C:\Program Files\Android\Android Studio\jbr\bin\zip.dll
0x00007ffddd8e0000 - 0x00007ffdde047000 	C:\WINDOWS\System32\SHELL32.dll
0x00007ffddb6c0000 - 0x00007ffddb82a000 	C:\WINDOWS\System32\wintypes.dll
0x00007ffddaa30000 - 0x00007ffddb298000 	C:\WINDOWS\System32\windows.storage.dll
0x00007ffddbf80000 - 0x00007ffddc078000 	C:\WINDOWS\System32\SHCORE.dll
0x00007ffddd4d0000 - 0x00007ffddd536000 	C:\WINDOWS\System32\shlwapi.dll
0x00007ffdda950000 - 0x00007ffdda979000 	C:\WINDOWS\SYSTEM32\profapi.dll
0x00007ffdc04f0000 - 0x00007ffdc0500000 	C:\Program Files\Android\Android Studio\jbr\bin\net.dll
0x00007ffdd21e0000 - 0x00007ffdd230d000 	C:\WINDOWS\SYSTEM32\WINHTTP.dll
0x00007ffdd9cd0000 - 0x00007ffdd9d3c000 	C:\WINDOWS\system32\mswsock.dll
0x00007ffd753c0000 - 0x00007ffd753d6000 	C:\Program Files\Android\Android Studio\jbr\bin\nio.dll
0x00007ffdbeab0000 - 0x00007ffdbeac0000 	C:\Program Files\Android\Android Studio\jbr\bin\verify.dll
0x00007ffd9b060000 - 0x00007ffd9b087000 	C:\Users\MSI\.gradle\native\c067742578af261105cb4f569cf0c3c89f3d7b1fecec35dd04571415982c5e48\windows-amd64\native-platform.dll
0x00007ffdb1e20000 - 0x00007ffdb1f64000 	C:\Users\MSI\.gradle\native\100fb08df4bc3b14c8652ba06237920a3bd2aa13389f12d3474272988ae205f9\windows-amd64\native-platform-file-events.dll
0x00007ffdb95a0000 - 0x00007ffdb95a9000 	C:\Program Files\Android\Android Studio\jbr\bin\management.dll
0x00007ffdabe90000 - 0x00007ffdabe9b000 	C:\Program Files\Android\Android Studio\jbr\bin\management_ext.dll
0x00007ffdde050000 - 0x00007ffdde058000 	C:\WINDOWS\System32\PSAPI.DLL
0x00007ffdda0d0000 - 0x00007ffdda0eb000 	C:\WINDOWS\SYSTEM32\CRYPTSP.dll
0x00007ffdd96e0000 - 0x00007ffdd9719000 	C:\WINDOWS\system32\rsaenh.dll
0x00007ffdd9d80000 - 0x00007ffdd9db3000 	C:\WINDOWS\SYSTEM32\USERENV.dll
0x00007ffdda920000 - 0x00007ffdda94a000 	C:\WINDOWS\SYSTEM32\bcrypt.dll
0x00007ffdd9f30000 - 0x00007ffdd9f3c000 	C:\WINDOWS\SYSTEM32\CRYPTBASE.dll
0x00007ffdd9160000 - 0x00007ffdd9192000 	C:\WINDOWS\SYSTEM32\IPHLPAPI.DLL
0x00007ffddd550000 - 0x00007ffddd55a000 	C:\WINDOWS\System32\NSI.dll
0x00007ffd9afd0000 - 0x00007ffd9afd9000 	C:\Program Files\Android\Android Studio\jbr\bin\extnet.dll
0x00007ffdbd3b0000 - 0x00007ffdbd3b8000 	C:\WINDOWS\system32\wshunix.dll

JVMTI agents:
C:\Users\MSI\.gradle\wrapper\dists\gradle-8.9-bin\90cnw93cvbtalezasaz0blq0a\gradle-8.9\lib\agents\gradle-instrumentation-agent-8.9.jar path:C:\Program Files\Android\Android Studio\jbr\bin\instrument.dll, loaded, initialized, instrumentlib options:none

dbghelp: loaded successfully - version: 4.0.5 - missing functions: none
symbol engine: initialized successfully - sym options: 0x614 - pdb path: .;C:\Program Files\Android\Android Studio\jbr\bin;C:\WINDOWS\SYSTEM32;C:\WINDOWS\WinSxS\amd64_microsoft.windows.common-controls_6595b64144ccf1df_6.0.26100.8115_none_3e075c82e3354f9c;C:\Program Files\Android\Android Studio\jbr\bin\server;C:\Users\MSI\.gradle\native\c067742578af261105cb4f569cf0c3c89f3d7b1fecec35dd04571415982c5e48\windows-amd64;C:\Users\MSI\.gradle\native\100fb08df4bc3b14c8652ba06237920a3bd2aa13389f12d3474272988ae205f9\windows-amd64

VM Arguments:
jvm_args: --add-opens=java.base/java.util=ALL-UNNAMED --add-opens=java.base/java.lang=ALL-UNNAMED --add-opens=java.base/java.lang.invoke=ALL-UNNAMED --add-opens=java.prefs/java.util.prefs=ALL-UNNAMED --add-exports=jdk.compiler/com.sun.tools.javac.api=ALL-UNNAMED --add-exports=jdk.compiler/com.sun.tools.javac.util=ALL-UNNAMED --add-opens=java.base/java.nio.charset=ALL-UNNAMED --add-opens=java.base/java.net=ALL-UNNAMED --add-opens=java.base/java.util.concurrent.atomic=ALL-UNNAMED -Xmx2048m -Dfile.encoding=UTF-8 -Duser.country=US -Duser.language=en -Duser.variant -javaagent:C:\Users\MSI\.gradle\wrapper\dists\gradle-8.9-bin\90cnw93cvbtalezasaz0blq0a\gradle-8.9\lib\agents\gradle-instrumentation-agent-8.9.jar 
java_command: org.gradle.launcher.daemon.bootstrap.GradleDaemon 8.9
java_class_path (initial): C:\Users\MSI\.gradle\wrapper\dists\gradle-8.9-bin\90cnw93cvbtalezasaz0blq0a\gradle-8.9\lib\gradle-daemon-main-8.9.jar
Launcher Type: SUN_STANDARD

[Global flags]
     intx CICompilerCount                          = 12                                        {product} {ergonomic}
     uint ConcGCThreads                            = 3                                         {product} {ergonomic}
     uint G1ConcRefinementThreads                  = 13                                        {product} {ergonomic}
   size_t G1HeapRegionSize                         = 1048576                                   {product} {ergonomic}
    uintx GCDrainStackTargetSize                   = 64                                        {product} {ergonomic}
   size_t InitialHeapSize                          = 264241152                                 {product} {ergonomic}
   size_t MarkStackSize                            = 4194304                                   {product} {ergonomic}
   size_t MaxHeapSize                              = 2147483648                                {product} {command line}
   size_t MaxNewSize                               = 1287651328                                {product} {ergonomic}
   size_t MinHeapDeltaBytes                        = 1048576                                   {product} {ergonomic}
   size_t MinHeapSize                              = 8388608                                   {product} {ergonomic}
    uintx NonNMethodCodeHeapSize                   = 7602480                                {pd product} {ergonomic}
    uintx NonProfiledCodeHeapSize                  = 122027880                              {pd product} {ergonomic}
    uintx ProfiledCodeHeapSize                     = 122027880                              {pd product} {ergonomic}
    uintx ReservedCodeCacheSize                    = 251658240                              {pd product} {ergonomic}
     bool SegmentedCodeCache                       = true                                      {product} {ergonomic}
   size_t SoftMaxHeapSize                          = 2147483648                             {manageable} {ergonomic}
     bool UseCompressedOops                        = true                           {product lp64_product} {ergonomic}
     bool UseG1GC                                  = true                                      {product} {ergonomic}
     bool UseLargePagesIndividualAllocation        = false                                  {pd product} {ergonomic}

Logging:
Log output configuration:
 #0: stdout all=warning uptime,level,tags foldmultilines=false
 #1: stderr all=off uptime,level,tags foldmultilines=false

Release file:
JAVA_VERSION="21.0.10" 
MODULES="java.base java.compiler java.datatransfer java.xml java.prefs java.desktop java.instrument java.logging java.management java.security.sasl java.naming java.rmi java.management.rmi java.net.http java.scripting java.security.jgss java.transaction.xa java.sql java.sql.rowset java.xml.crypto java.se java.smartcardio jdk.accessibility jdk.internal.jvmstat jdk.attach jdk.charsets jdk.internal.opt jdk.zipfs jdk.compiler jdk.crypto.ec jdk.crypto.cryptoki jdk.dynalink jdk.hotspot.agent jdk.httpserver jdk.internal.ed jdk.internal.le jdk.internal.vm.ci jdk.jartool jdk.javadoc jdk.jcmd jdk.jdeps jdk.jdwp.agent jdk.jdi jdk.jfr jdk.jlink jdk.jsobject jdk.localedata jdk.management jdk.management.agent jdk.management.jfr jdk.naming.dns jdk.naming.rmi jdk.net jdk.sctp jdk.security.auth jdk.security.jgss jdk.unsupported jdk.unsupported.desktop jdk.xml.dom" 
IMPLEMENTOR="JetBrains s.r.o." 
JAVA_RUNTIME_VERSION="21.0.10+-14961533-b1163.108" 
LIBC="default" 
OS_ARCH="x86_64" 
OS_NAME="Windows" 
SOURCE=".:git:1351622c2ff2" 

Environment Variables:
JAVA_HOME=C:\Program Files\Android\Android Studio\jbr
PATH=C:\Users\MSI\.codex\tmp\arg0\codex-arg04gVmAe;C:\Users\MSI\AppData\Local\Programs\Microsoft VS Code;C:\Program Files (x86)\Common Files\Oracle\Java\javapath;C:\oraclexe\app\oracle\product\11.2.0\server\bin;C:\Windows\system32;C:\Windows;C:\Windows\System32\Wbem;C:\Windows\System32\WindowsPowerShell\v1.0\;C:\Windows\System32\OpenSSH\;C:\Program Files (x86)\NVIDIA Corporation\PhysX\Common;C:\Program Files\NVIDIA Corporation\NVIDIA app\NvDLISR;C:\Users\MSI\AppData\Local\Programs\Python\Python313\Scripts;C:\WINDOWS\system32;C:\WINDOWS;C:\WINDOWS\System32\Wbem;C:\WINDOWS\System32\WindowsPowerShell\v1.0\;C:\WINDOWS\System32\OpenSSH\;C:\Program Files\dotnet\;C:\Program Files\Java\jdk1.8.0_202\BIN;C:\php;C:\Program Files\Git\cmd;C:\Users\MSI\AppData\Local\Programs\Python\Launcher\;C:\Users\MSI\AppData\Local\Programs\Eclipse Adoptium\jdk-21.0.4.7-hotspot\bin;C:\Users\MSI\AppData\Local\Microsoft\WindowsApps;C:\Users\MSI\AppData\Local\Programs\Microsoft VS Code\bin;C:\Users\MSI\AppData\Local\Muse Hub\lib;C:\Users\MSI\AppData\Local\Programs\Python\Python314\;C:\Users\MSI\AppData\Local\Programs\Python\Python314\Scripts\;C:\msys64\ucrt64\bin;c:\Users\MSI\.vscode\extensions\openai.chatgpt-26.429.30905-win32-x64\bin\windows-x86_64
USERNAME=MSI
OS=Windows_NT
PROCESSOR_IDENTIFIER=Intel64 Family 6 Model 154 Stepping 3, GenuineIntel
TMP=C:\Users\MSI\AppData\Local\Temp
TEMP=C:\Users\MSI\AppData\Local\Temp




Periodic native trim disabled

JNI global refs:
JNI global refs: 37, weak refs: 0

JNI global refs memory usage: 835, weak refs: 833

Process memory usage:
Resident Set Size: 1083484K (6% of 16471224K total physical memory with 1258556K free physical memory)

OOME stack traces (most recent first):
Classloader memory used:
Loader org.gradle.internal.classloader.VisitableURLClassLoader$InstrumentingVisitableURLClassLoader: 50725K
Loader org.gradle.internal.classloader.VisitableURLClassLoader                         : 40646K
Loader bootstrap                                                                       : 30882K
Loader org.gradle.initialization.MixInLegacyTypesClassLoader                           : 11024K
Loader jdk.internal.loader.ClassLoaders$PlatformClassLoader                            : 527K
Loader jdk.internal.reflect.DelegatingClassLoader                                      : 251K
Loader jdk.internal.loader.ClassLoaders$AppClassLoader                                 : 230K
Loader org.gradle.groovy.scripts.internal.DefaultScriptCompilationHandler$ScriptClassLoader: 127K
Loader org.codehaus.groovy.runtime.callsite.CallSiteClassLoader                        : 16944B
Loader sun.reflect.misc.MethodUtil                                                     : 3024B

Classes loaded by more than one classloader:
Class com.google.common.base.PairwiseEquivalence                                      : loaded 2 times (x 83B)
Class com.google.common.base.Equivalence$Identity                                     : loaded 2 times (x 82B)
Class com.google.common.collect.RegularImmutableMap$KeySet                            : loaded 2 times (x 150B)
Class org.gradle.internal.classloader.FilteringClassLoader                            : loaded 2 times (x 105B)
Class com.google.common.io.FileWriteMode                                              : loaded 2 times (x 79B)
Class com.google.common.collect.SortedSetMultimap                                     : loaded 2 times (x 70B)
Class [Lcom.google.common.base.AbstractIterator$State;                                : loaded 2 times (x 69B)
Class com.google.common.base.CharMatcher$IsEither                                     : loaded 2 times (x 111B)
Class org.gradle.internal.classloader.ClassLoaderHierarchy                            : loaded 2 times (x 70B)
Class com.google.common.collect.AbstractMapBasedMultimap$WrappedCollection            : loaded 2 times (x 124B)
Class com.google.common.collect.ImmutableEnumSet                                      : loaded 2 times (x 146B)
Class com.google.common.util.concurrent.ExecutionError                                : loaded 2 times (x 82B)
Class com.google.common.collect.ImmutableList$1                                       : loaded 2 times (x 97B)
Class org.gradle.api.internal.classpath.ManifestUtil                                  : loaded 2 times (x 71B)
Class com.google.common.io.ByteArrayDataOutput                                        : loaded 2 times (x 70B)
Class com.google.common.collect.RegularImmutableMap                                   : loaded 2 times (x 121B)
Class com.google.common.collect.ImmutableMap$MapViewOfValuesAsSingletonSets           : loaded 2 times (x 125B)
Class com.google.common.reflect.TypeCapture                                           : loaded 2 times (x 71B)
Class [Lorg.objectweb.asm.Symbol;                                                     : loaded 2 times (x 69B)
Class org.objectweb.asm.ClassVisitor                                                  : loaded 2 times (x 88B)
Class com.google.common.collect.UnmodifiableListIterator                              : loaded 2 times (x 95B)
Class org.objectweb.asm.MethodTooLargeException                                       : loaded 2 times (x 83B)
Class [Lcom.google.common.cache.CacheBuilder$OneWeigher;                              : loaded 2 times (x 69B)
Class com.google.common.base.Suppliers                                                : loaded 2 times (x 71B)
Class com.google.common.base.Platform$JdkPatternCompiler                              : loaded 2 times (x 75B)
Class org.gradle.internal.classloader.DefaultClassLoaderFactory                       : loaded 2 times (x 82B)
Class [Lcom.google.common.collect.AbstractIterator$State;                             : loaded 2 times (x 69B)
Class org.apache.commons.io.file.PathUtils                                            : loaded 2 times (x 71B)
Class com.google.common.base.CharMatcher$None                                         : loaded 2 times (x 112B)
Class org.gradle.internal.classloader.ClassLoaderVisitor                              : loaded 2 times (x 76B)
Class [Lcom.google.common.collect.ImmutableMapEntry;                                  : loaded 2 times (x 69B)
Class org.gradle.api.internal.classpath.EffectiveClassPath                            : loaded 2 times (x 90B)
Class com.google.common.collect.AbstractIterator$1                                    : loaded 2 times (x 71B)
Class [Lorg.apache.commons.io.StandardLineSeparator;                                  : loaded 2 times (x 69B)
Class org.apache.commons.io.output.StringBuilderWriter                                : loaded 2 times (x 100B)
Class com.google.common.collect.ImmutableEnumMap                                      : loaded 2 times (x 125B)
Class com.google.common.collect.ListMultimap                                          : loaded 2 times (x 70B)
Class com.google.common.collect.Sets$1                                                : loaded 2 times (x 139B)
Class org.objectweb.asm.AnnotationVisitor                                             : loaded 2 times (x 78B)
Class com.google.common.base.Splitter                                                 : loaded 2 times (x 72B)
Class org.gradle.api.internal.DefaultClassPathProvider                                : loaded 2 times (x 76B)
Class [Lcom.google.common.base.Function;                                              : loaded 2 times (x 69B)
Class com.google.common.collect.Maps$ViewCachingAbstractMap                           : loaded 2 times (x 125B)
Class com.google.common.collect.Sets$2                                                : loaded 2 times (x 139B)
Class [Lorg.gradle.api.internal.ClassPathProvider;                                    : loaded 2 times (x 69B)
Class org.gradle.api.internal.ClassPathProvider                                       : loaded 2 times (x 70B)
Class com.google.common.reflect.Types$ClassOwnership$1                                : loaded 2 times (x 80B)
Class [Lorg.objectweb.asm.AnnotationVisitor;                                          : loaded 2 times (x 69B)
Class com.google.common.collect.Sets$3                                                : loaded 2 times (x 139B)
Class com.google.common.util.concurrent.AbstractFuture$SafeAtomicHelper               : loaded 2 times (x 79B)
Class com.google.common.cache.LocalCache$LocalLoadingCache                            : loaded 2 times (x 134B)
Class com.google.common.base.AbstractIterator$State                                   : loaded 2 times (x 79B)
Class org.gradle.internal.service.UnknownServiceException                             : loaded 2 times (x 83B)
Class com.google.common.reflect.Types$ClassOwnership$2                                : loaded 2 times (x 80B)
Class com.google.common.reflect.TypeResolver                                          : loaded 2 times (x 72B)
Class com.google.common.io.ByteArrayDataInput                                         : loaded 2 times (x 70B)
Class com.google.common.collect.Sets$4                                                : loaded 2 times (x 139B)
Class org.objectweb.asm.ModuleVisitor                                                 : loaded 2 times (x 81B)
Class com.google.common.cache.LocalCache$Strength$1                                   : loaded 2 times (x 81B)
Class com.google.common.collect.Collections2$FilteredCollection                       : loaded 2 times (x 119B)
Class org.apache.commons.io.output.QueueOutputStream                                  : loaded 2 times (x 87B)
Class com.google.common.reflect.Types$ClassOwnership$3                                : loaded 2 times (x 71B)
Class com.google.common.util.concurrent.SettableFuture                                : loaded 2 times (x 114B)
Class com.google.common.cache.LocalCache$Strength$2                                   : loaded 2 times (x 81B)
Class [Lcom.google.common.collect.Maps$EntryFunction;                                 : loaded 2 times (x 69B)
Class com.google.common.collect.TransformedIterator                                   : loaded 2 times (x 80B)
Class com.google.common.io.ByteStreams                                                : loaded 2 times (x 71B)
Class com.google.common.cache.LocalCache$Strength$3                                   : loaded 2 times (x 81B)
Class com.google.common.collect.MapDifference                                         : loaded 2 times (x 70B)
Class com.google.common.base.Splitter$1                                               : loaded 2 times (x 77B)
Class com.google.common.reflect.Invokable                                             : loaded 2 times (x 103B)
Class org.objectweb.asm.FieldWriter                                                   : loaded 2 times (x 78B)
Class com.google.common.cache.CacheBuilder$NullListener                               : loaded 2 times (x 82B)
Class org.gradle.internal.classpath.TransformedClassPath                              : loaded 2 times (x 96B)
Class com.google.common.collect.Maps$IteratorBasedAbstractMap$1                       : loaded 2 times (x 138B)
Class org.apache.commons.io.output.UnsynchronizedByteArrayOutputStream                : loaded 2 times (x 102B)
Class com.google.common.reflect.Types$ParameterizedTypeImpl                           : loaded 2 times (x 81B)
Class com.google.common.cache.CacheLoader$FunctionToCacheLoader                       : loaded 2 times (x 75B)
Class com.google.common.collect.Iterators$ArrayItr                                    : loaded 2 times (x 97B)
Class com.google.common.collect.ImmutableCollection$Builder                           : loaded 2 times (x 76B)
Class org.apache.commons.io.output.ByteArrayOutputStream                              : loaded 2 times (x 102B)
Class com.google.common.reflect.TypeResolver$TypeVariableKey                          : loaded 2 times (x 72B)
Class com.google.common.base.Joiner                                                   : loaded 2 times (x 79B)
Class com.google.common.base.MoreObjects                                              : loaded 2 times (x 71B)
Class [Lorg.objectweb.asm.Type;                                                       : loaded 2 times (x 69B)
Class com.google.common.collect.Platform                                              : loaded 2 times (x 71B)
Class com.google.common.collect.UnmodifiableIterator                                  : loaded 2 times (x 80B)
Class org.gradle.internal.service.ServiceLocator                                      : loaded 2 times (x 70B)
Class org.apache.commons.io.FileExistsException                                       : loaded 2 times (x 82B)
Class com.google.common.collect.SingletonImmutableBiMap                               : loaded 2 times (x 143B)
Class com.google.common.base.Ascii                                                    : loaded 2 times (x 71B)
Class com.google.common.cache.LocalCache$1                                            : loaded 2 times (x 89B)
Class com.google.common.collect.AbstractMapEntry                                      : loaded 2 times (x 81B)
Class com.google.common.reflect.TypeToken$SimpleTypeToken                             : loaded 2 times (x 73B)
Class com.google.common.collect.AbstractSetMultimap                                   : loaded 2 times (x 174B)
Class com.google.common.collect.Sets$ImprovedAbstractSet                              : loaded 2 times (x 135B)
Class com.google.common.collect.ImmutableList$Builder                                 : loaded 2 times (x 77B)
Class com.google.common.cache.LocalCache$2                                            : loaded 2 times (x 142B)
Class com.google.common.collect.AbstractMultimap                                      : loaded 2 times (x 123B)
Class com.google.common.util.concurrent.AbstractFuture$UnsafeAtomicHelper$1           : loaded 2 times (x 76B)
Class com.google.common.collect.RegularImmutableAsList                                : loaded 2 times (x 216B)
Class com.google.common.base.Optional                                                 : loaded 2 times (x 80B)
Class com.google.common.util.concurrent.AbstractFuture$Trusted                        : loaded 2 times (x 70B)
Class com.google.common.collect.Iterators                                             : loaded 2 times (x 71B)
Class com.google.common.base.CharMatcher$RangesMatcher                                : loaded 2 times (x 112B)
Class com.google.common.io.ByteSink$AsCharSink                                        : loaded 2 times (x 80B)
Class com.google.common.util.concurrent.UncheckedExecutionException                   : loaded 2 times (x 82B)
Class com.google.common.collect.Lists$StringAsImmutableList                           : loaded 2 times (x 207B)
Class com.google.common.base.CharMatcher$JavaLetterOrDigit                            : loaded 2 times (x 111B)
Class org.gradle.internal.InternalTransformer                                         : loaded 2 times (x 70B)
Class com.google.common.collect.AbstractMapBasedMultimap$KeySet$1                     : loaded 2 times (x 82B)
Class org.objectweb.asm.ClassWriter                                                   : loaded 2 times (x 106B)
Class com.google.common.cache.CacheLoader$UnsupportedLoadingOperationException        : loaded 2 times (x 82B)
Class com.google.common.base.CharMatcher$And                                          : loaded 2 times (x 112B)
Class org.gradle.internal.classloader.ClasspathUtil$1                                 : loaded 2 times (x 76B)
Class com.google.common.collect.FluentIterable$1                                      : loaded 2 times (x 81B)
Class com.google.common.base.Objects                                                  : loaded 2 times (x 71B)
Class org.objectweb.asm.FieldVisitor                                                  : loaded 2 times (x 77B)
Class com.google.common.collect.IndexedImmutableSet                                   : loaded 2 times (x 150B)
Class com.google.common.collect.ImmutableMap$1                                        : loaded 2 times (x 81B)
Class com.google.common.collect.BiMap                                                 : loaded 2 times (x 70B)
Class org.gradle.api.internal.classpath.DefaultModuleRegistry$DefaultModule           : loaded 2 times (x 86B)
Class com.google.common.collect.FluentIterable$2                                      : loaded 2 times (x 81B)
Class com.google.common.base.Absent                                                   : loaded 2 times (x 80B)
Class com.google.common.reflect.Reflection                                            : loaded 2 times (x 71B)
Class com.google.common.primitives.Ints                                               : loaded 2 times (x 71B)
Class com.google.common.collect.AbstractIterator                                      : loaded 2 times (x 82B)
Class com.google.common.collect.FluentIterable$3                                      : loaded 2 times (x 81B)
Class com.google.common.math.MathPreconditions                                        : loaded 2 times (x 71B)
Class com.google.common.collect.Multiset                                              : loaded 2 times (x 70B)
Class com.google.common.collect.ArrayListMultimapGwtSerializationDependencies         : loaded 2 times (x 172B)
Class com.google.common.collect.ObjectArrays                                          : loaded 2 times (x 71B)
Class com.google.common.collect.AbstractIndexedListIterator                           : loaded 2 times (x 96B)
Class org.apache.commons.io.output.NullOutputStream                                   : loaded 2 times (x 85B)
Class com.google.common.collect.ImmutableMapEntrySet                                  : loaded 2 times (x 151B)
Class org.gradle.api.internal.classpath.Module                                        : loaded 2 times (x 70B)
Class com.google.common.cache.Weigher                                                 : loaded 2 times (x 70B)
Class settings_7mjlx0kdgghx0gueypxf7remn                                              : loaded 2 times (x 179B)
Class org.gradle.api.internal.classpath.UnknownModuleException                        : loaded 2 times (x 82B)
Class com.google.common.base.Stopwatch                                                : loaded 2 times (x 72B)
Class com.google.common.cache.LocalCache$Strength                                     : loaded 2 times (x 81B)
Class com.google.common.cache.Cache                                                   : loaded 2 times (x 70B)
Class org.apache.commons.io.filefilter.IOFileFilter                                   : loaded 2 times (x 70B)
Class com.google.common.io.Files$2                                                    : loaded 2 times (x 76B)
Class com.google.common.util.concurrent.AbstractFuture$Cancellation                   : loaded 2 times (x 72B)
Class com.google.common.collect.ImmutableMap$Builder                                  : loaded 2 times (x 82B)
Class com.google.common.base.NullnessCasts                                            : loaded 2 times (x 71B)
Class com.google.common.base.Throwables                                               : loaded 2 times (x 71B)
Class com.google.common.collect.Maps$EntryFunction$1                                  : loaded 2 times (x 91B)
Class com.google.common.base.Present                                                  : loaded 2 times (x 81B)
Class com.google.common.collect.AbstractMapBasedMultimap$WrappedCollection$WrappedIterator: loaded 2 times (x 84B)
Class com.google.common.cache.RemovalListener                                         : loaded 2 times (x 70B)
Class org.gradle.api.internal.DefaultClassPathRegistry                                : loaded 2 times (x 76B)
Class com.google.common.collect.Maps$EntryFunction$2                                  : loaded 2 times (x 91B)
Class org.apache.commons.io.file.DeleteOption                                         : loaded 2 times (x 70B)
Class com.google.common.reflect.Invokable$ConstructorInvokable                        : loaded 2 times (x 107B)
Class com.google.common.primitives.IntsMethodsForWeb                                  : loaded 2 times (x 71B)
Class com.google.common.collect.Multimap                                              : loaded 2 times (x 70B)
Class org.gradle.api.internal.ClassPathRegistry                                       : loaded 2 times (x 70B)
Class org.gradle.internal.classpath.DefaultClassPath$ImmutableUniqueList              : loaded 2 times (x 199B)
Class com.google.common.collect.NullnessCasts                                         : loaded 2 times (x 71B)
Class org.apache.commons.io.IOUtils                                                   : loaded 2 times (x 71B)
Class com.google.common.reflect.TypeToken                                             : loaded 2 times (x 73B)
Class com.google.common.base.ExtraObjectsMethodsForWeb                                : loaded 2 times (x 71B)
Class com.google.common.io.ByteSink                                                   : loaded 2 times (x 76B)
Class com.google.common.cache.CacheBuilder                                            : loaded 2 times (x 72B)
Class com.google.common.collect.SingletonImmutableList                                : loaded 2 times (x 207B)
Class org.gradle.internal.classpath.ClassPath                                         : loaded 2 times (x 70B)
Class org.gradle.api.UncheckedIOException                                             : loaded 2 times (x 82B)
Class [Lcom.google.common.reflect.Types$JavaVersion;                                  : loaded 2 times (x 69B)
Class com.google.common.io.Files$FileByteSource                                       : loaded 2 times (x 85B)
Class com.google.common.collect.ImmutableList$ReverseImmutableList                    : loaded 2 times (x 208B)
Class com.google.common.base.JdkPattern                                               : loaded 2 times (x 75B)
Class settings_7mjlx0kdgghx0gueypxf7remn$_run_closure1$_closure2                      : loaded 2 times (x 139B)
Class org.objectweb.asm.SymbolTable$Entry                                             : loaded 2 times (x 74B)
Class com.google.common.util.concurrent.AbstractFuture$AtomicHelper                   : loaded 2 times (x 78B)
Class org.objectweb.asm.Edge                                                          : loaded 2 times (x 72B)
Class com.google.common.base.Suppliers$SupplierOfInstance                             : loaded 2 times (x 79B)
Class com.google.common.collect.Iterators$1                                           : loaded 2 times (x 81B)
Class com.google.common.reflect.TypeToken$1                                           : loaded 2 times (x 110B)
Class com.google.common.cache.LocalCache$ComputingValueReference                      : loaded 2 times (x 96B)
Class com.google.common.collect.SingletonImmutableSet                                 : loaded 2 times (x 146B)
Class com.google.common.collect.ImmutableMap$IteratorBasedImmutableMap                : loaded 2 times (x 125B)
Class com.google.common.reflect.TypeToken$2                                           : loaded 2 times (x 110B)
Class com.google.common.cache.LocalCache$Segment                                      : loaded 2 times (x 154B)
Class [Lorg.objectweb.asm.SymbolTable$Entry;                                          : loaded 2 times (x 69B)
Class com.google.common.cache.CacheLoader                                             : loaded 2 times (x 74B)
Class com.google.common.collect.Iterators$4                                           : loaded 2 times (x 82B)
Class com.google.common.collect.ImmutableBiMap                                        : loaded 2 times (x 143B)
Class com.google.common.collect.AbstractListMultimap                                  : loaded 2 times (x 172B)
Class org.gradle.internal.installation.GradleInstallation$1                           : loaded 2 times (x 75B)
Class org.gradle.api.internal.classpath.ModuleRegistry                                : loaded 2 times (x 70B)
Class org.apache.commons.io.output.NullWriter                                         : loaded 2 times (x 99B)
Class com.google.common.util.concurrent.internal.InternalFutureFailureAccess          : loaded 2 times (x 72B)
Class com.google.common.collect.Iterators$5                                           : loaded 2 times (x 82B)
Class com.google.common.collect.ImmutableSet$JdkBackedSetBuilderImpl                  : loaded 2 times (x 76B)
Class com.google.common.base.Splitter$SplittingIterator                               : loaded 2 times (x 84B)
Class com.google.common.collect.Iterators$6                                           : loaded 2 times (x 81B)
Class com.google.common.io.Closer$SuppressingSuppressor                               : loaded 2 times (x 75B)
Class com.google.common.util.concurrent.AbstractFuture$UnsafeAtomicHelper             : loaded 2 times (x 78B)
Class com.google.common.cache.LocalCache$LocalManualCache$1                           : loaded 2 times (x 75B)
Class com.google.common.base.CharMatcher$ForPredicate                                 : loaded 2 times (x 112B)
Class com.google.common.collect.Multimaps$CustomSetMultimap                           : loaded 2 times (x 178B)
Class com.google.common.collect.ImmutableCollection                                   : loaded 2 times (x 125B)
Class com.google.common.base.CharMatcher$AnyOf                                        : loaded 2 times (x 112B)
Class org.gradle.api.internal.classpath.DefaultModuleRegistry                         : loaded 2 times (x 83B)
Class com.google.common.util.concurrent.ListenableFuture                              : loaded 2 times (x 70B)
Class com.google.common.cache.ReferenceEntry                                          : loaded 2 times (x 70B)
Class com.google.common.collect.ImmutableSet$CachingAsList                            : loaded 2 times (x 147B)
Class com.google.common.base.Converter                                                : loaded 2 times (x 90B)
Class com.google.common.collect.Lists                                                 : loaded 2 times (x 71B)
Class com.google.common.base.CharMatcher$Any                                          : loaded 2 times (x 112B)
Class com.google.common.util.concurrent.AbstractFuture                                : loaded 2 times (x 106B)
Class com.google.common.base.FunctionalEquivalence                                    : loaded 2 times (x 83B)
Class com.google.common.collect.Iterators$9                                           : loaded 2 times (x 81B)
Class com.google.common.collect.AbstractMapBasedMultimap                              : loaded 2 times (x 139B)
Class com.google.common.collect.ImmutableAsList                                       : loaded 2 times (x 209B)
Class com.google.common.reflect.TypeResolver$TypeTable                                : loaded 2 times (x 73B)
Class org.objectweb.asm.RecordComponentVisitor                                        : loaded 2 times (x 77B)
Class com.google.common.cache.CacheLoader$SupplierToCacheLoader                       : loaded 2 times (x 75B)
Class com.google.common.reflect.TypeResolver$TypeTable$1                              : loaded 2 times (x 73B)
Class com.google.common.collect.Maps$EntryTransformer                                 : loaded 2 times (x 70B)
Class org.gradle.internal.service.ServiceLookupException                              : loaded 2 times (x 82B)
Class [Lcom.google.common.cache.LocalCache$EntryFactory;                              : loaded 2 times (x 69B)
Class com.google.common.base.CharMatcher$JavaLetter                                   : loaded 2 times (x 111B)
Class org.gradle.internal.classloader.ClassLoaderFactory                              : loaded 2 times (x 70B)
Class org.apache.commons.io.CloseableURLConnection                                    : loaded 2 times (x 117B)
Class com.google.common.cache.LocalCache$LocalManualCache                             : loaded 2 times (x 99B)
Class com.google.common.base.CharMatcher$IsNot                                        : loaded 2 times (x 111B)
Class com.google.common.base.CommonPattern                                            : loaded 2 times (x 74B)
Class org.gradle.internal.service.CachingServiceLocator                               : loaded 2 times (x 82B)
Class com.google.common.collect.AbstractMapBasedMultimap$KeySet                       : loaded 2 times (x 137B)
Class com.google.common.math.IntMath                                                  : loaded 2 times (x 71B)
Class com.google.common.reflect.Types$TypeVariableInvocationHandler                   : loaded 2 times (x 75B)
Class com.google.common.collect.Iterators$10                                          : loaded 2 times (x 81B)
Class com.google.common.collect.ImmutableMapEntry                                     : loaded 2 times (x 85B)
Class com.google.common.base.CharMatcher$JavaDigit                                    : loaded 2 times (x 111B)
Class com.google.common.base.Predicates                                               : loaded 2 times (x 71B)
Class com.google.common.base.Equivalence                                              : loaded 2 times (x 82B)
Class com.google.common.collect.ImmutableMapEntry$NonTerminalImmutableMapEntry        : loaded 2 times (x 85B)
Class com.google.common.base.Function                                                 : loaded 2 times (x 70B)
Class org.apache.commons.io.output.AbstractByteArrayOutputStream                      : loaded 2 times (x 102B)
Class com.google.common.cache.CacheBuilder$OneWeigher                                 : loaded 2 times (x 82B)
Class com.google.common.collect.RegularImmutableList                                  : loaded 2 times (x 212B)
Class com.google.common.collect.Maps$EntryFunction                                    : loaded 2 times (x 91B)
Class com.google.common.reflect.Types$ClassOwnership$1LocalClass                      : loaded 2 times (x 71B)
Class com.google.common.collect.ImmutableBiMapFauxverideShim                          : loaded 2 times (x 120B)
Class org.gradle.internal.classloader.ClasspathUtil                                   : loaded 2 times (x 71B)
Class com.google.common.base.Charsets                                                 : loaded 2 times (x 71B)
Class com.google.common.util.concurrent.Uninterruptibles                              : loaded 2 times (x 71B)
Class com.google.common.collect.AbstractMapBasedMultimap$WrappedSet                   : loaded 2 times (x 142B)
Class com.google.common.collect.Maps                                                  : loaded 2 times (x 71B)
Class com.google.common.base.CharMatcher$JavaUpperCase                                : loaded 2 times (x 111B)
Class org.gradle.api.specs.Spec                                                       : loaded 2 times (x 70B)
Class org.apache.commons.io.file.PathFilter                                           : loaded 2 times (x 70B)
Class com.google.common.reflect.Types$JavaVersion                                     : loaded 2 times (x 83B)
Class [Lcom.google.common.collect.ImmutableEntry;                                     : loaded 2 times (x 69B)
Class com.google.common.cache.LocalCache$LoadingValueReference                        : loaded 2 times (x 96B)
Class com.google.common.reflect.Invokable$MethodInvokable                             : loaded 2 times (x 107B)
Class com.google.common.base.Platform                                                 : loaded 2 times (x 71B)
Class com.google.common.collect.AbstractMapBasedMultimap$WrappedList                  : loaded 2 times (x 205B)
Class [Lorg.objectweb.asm.AnnotationWriter;                                           : loaded 2 times (x 69B)
Class com.google.common.primitives.Ints$IntConverter                                  : loaded 2 times (x 90B)
Class com.google.common.collect.Maps$8                                                : loaded 2 times (x 82B)
Class build_b5oilpzty9hd1gfydd6ixtp39$_run_closure1                                   : loaded 2 times (x 139B)
Class com.google.common.base.Predicates$CompositionPredicate                          : loaded 2 times (x 88B)
Class com.google.common.collect.Sets$SetView                                          : loaded 2 times (x 138B)
Class com.google.common.cache.LocalCache$StrongValueReference                         : loaded 2 times (x 90B)
Class com.google.common.util.concurrent.AbstractFuture$SynchronizedHelper             : loaded 2 times (x 78B)
Class com.google.common.base.CharMatcher$Invisible                                    : loaded 2 times (x 112B)
Class com.google.common.graph.SuccessorsFunction                                      : loaded 2 times (x 70B)
Class org.objectweb.asm.Type                                                          : loaded 2 times (x 72B)
Class org.gradle.internal.classloader.VisitableURLClassLoader$InstrumentingVisitableURLClassLoader: loaded 2 times (x 123B)
Class org.apache.commons.io.FileUtils                                                 : loaded 2 times (x 71B)
Class com.google.common.io.Files$FileByteSink                                         : loaded 2 times (x 77B)
Class org.objectweb.asm.ByteVector                                                    : loaded 2 times (x 79B)
Class [Lcom.google.common.cache.CacheBuilder$NullListener;                            : loaded 2 times (x 69B)
Class com.google.common.math.IntMath$1                                                : loaded 2 times (x 71B)
Class org.gradle.internal.classloader.VisitableURLClassLoader$Spec                    : loaded 2 times (x 74B)
Class org.gradle.internal.classpath.DefaultClassPath                                  : loaded 2 times (x 90B)
Class com.google.common.reflect.Types$ClassOwnership                                  : loaded 2 times (x 80B)
Class org.objectweb.asm.Symbol                                                        : loaded 2 times (x 73B)
Class com.google.common.base.AbstractIterator                                         : loaded 2 times (x 80B)
Class com.google.common.collect.Sets$FilteredSet                                      : loaded 2 times (x 137B)
Class com.google.common.io.Closer                                                     : loaded 2 times (x 78B)
Class com.google.common.collect.RegularImmutableMap$Values                            : loaded 2 times (x 207B)
Class com.google.common.collect.ImmutableSet                                          : loaded 2 times (x 145B)
Class com.google.common.base.CharMatcher$BitSetMatcher                                : loaded 2 times (x 112B)
Class com.google.common.base.CharMatcher$Ascii                                        : loaded 2 times (x 112B)
Class org.gradle.internal.classloader.ClassLoaderSpec                                 : loaded 2 times (x 71B)
Class org.objectweb.asm.AnnotationWriter                                              : loaded 2 times (x 79B)
Class com.google.common.cache.CacheStats                                              : loaded 2 times (x 71B)
Class com.google.common.io.LineProcessor                                              : loaded 2 times (x 70B)
Class com.google.common.io.Closer$Suppressor                                          : loaded 2 times (x 70B)
Class org.objectweb.asm.RecordComponentWriter                                         : loaded 2 times (x 78B)
Class com.google.common.util.concurrent.AbstractFuture$Listener                       : loaded 2 times (x 72B)
Class com.google.common.base.CharMatcher$Or                                           : loaded 2 times (x 112B)
Class org.objectweb.asm.Attribute                                                     : loaded 2 times (x 77B)
Class com.google.common.base.Supplier                                                 : loaded 2 times (x 70B)
Class org.gradle.internal.classloader.VisitableURLClassLoader                         : loaded 2 times (x 117B)
Class com.google.common.util.concurrent.AbstractFuture$Waiter                         : loaded 2 times (x 72B)
Class org.gradle.internal.Cast                                                        : loaded 2 times (x 71B)
Class org.gradle.api.Action                                                           : loaded 2 times (x 70B)
Class com.google.common.collect.Sets                                                  : loaded 2 times (x 71B)
Class org.objectweb.asm.Handler                                                       : loaded 2 times (x 72B)
Class com.google.common.base.Ticker                                                   : loaded 2 times (x 72B)
Class com.google.common.base.Strings                                                  : loaded 2 times (x 71B)
Class com.google.common.base.CharMatcher$FastMatcher                                  : loaded 2 times (x 111B)
Class org.gradle.internal.agents.InstrumentingClassLoader                             : loaded 2 times (x 70B)
Class [Lcom.google.common.cache.LocalCache$Segment;                                   : loaded 2 times (x 69B)
Class [Lcom.google.common.cache.LocalCache$Strength;                                  : loaded 2 times (x 69B)
Class com.google.common.cache.CacheBuilder$1                                          : loaded 2 times (x 85B)
Class com.google.common.collect.ImmutableMap                                          : loaded 2 times (x 120B)
Class com.google.common.base.Predicate                                                : loaded 2 times (x 70B)
Class org.gradle.internal.classpath.DefaultClassPath$ImmutableUniqueList$Builder      : loaded 2 times (x 75B)
Class com.google.common.cache.LocalCache                                              : loaded 2 times (x 187B)
Class com.google.common.cache.CacheBuilder$2                                          : loaded 2 times (x 72B)
Class com.google.common.base.CharMatcher$NegatedFastMatcher                           : loaded 2 times (x 113B)
Class [Lcom.google.common.collect.AbstractMapEntry;                                   : loaded 2 times (x 69B)
Class com.google.common.collect.ImmutableEntry                                        : loaded 2 times (x 82B)
Class com.google.common.collect.ArrayListMultimap                                     : loaded 2 times (x 172B)
Class com.google.common.base.AbstractIterator$1                                       : loaded 2 times (x 71B)
Class com.google.common.base.CharMatcher$Digit                                        : loaded 2 times (x 112B)
Class org.gradle.api.GradleException                                                  : loaded 2 times (x 82B)
Class org.apache.commons.io.StandardLineSeparator                                     : loaded 2 times (x 79B)
Class com.google.common.base.Suppliers$MemoizingSupplier                              : loaded 2 times (x 79B)
Class com.google.common.collect.CollectPreconditions                                  : loaded 2 times (x 71B)
Class com.google.common.base.CharMatcher$JavaIsoControl                               : loaded 2 times (x 112B)
Class com.google.common.collect.Maps$AbstractFilteredMap                              : loaded 2 times (x 127B)
Class [Lcom.google.common.io.FileWriteMode;                                           : loaded 2 times (x 69B)
Class com.google.common.collect.SortedMapDifference                                   : loaded 2 times (x 70B)
Class com.google.common.base.CharMatcher$JavaLowerCase                                : loaded 2 times (x 111B)
Class com.google.common.io.Files                                                      : loaded 2 times (x 71B)
Class com.google.common.cache.LocalCache$EntryFactory                                 : loaded 2 times (x 83B)
Class com.google.common.collect.Iterables$5                                           : loaded 2 times (x 81B)
Class com.google.common.reflect.Types$NativeTypeVariableEquals                        : loaded 2 times (x 71B)
Class com.google.common.reflect.TypeParameter                                         : loaded 2 times (x 72B)
Class com.google.common.cache.LocalCache$AbstractReferenceEntry                       : loaded 2 times (x 107B)
Class com.google.common.base.Splitter$1$1                                             : loaded 2 times (x 86B)
Class com.google.common.base.CharMatcher$Whitespace                                   : loaded 2 times (x 112B)
Class org.gradle.internal.IoActions                                                   : loaded 2 times (x 71B)
Class org.objectweb.asm.SymbolTable                                                   : loaded 2 times (x 72B)
Class com.google.common.cache.CacheLoader$InvalidCacheLoadException                   : loaded 2 times (x 82B)
Class com.google.common.collect.ImmutableSet$RegularSetBuilderImpl                    : loaded 2 times (x 77B)
Class com.google.common.base.CharMatcher$SingleWidth                                  : loaded 2 times (x 112B)
Class org.gradle.internal.classloader.SystemClassLoaderSpec                           : loaded 2 times (x 71B)
Class com.google.common.collect.FluentIterable                                        : loaded 2 times (x 81B)
Class com.google.common.cache.LocalCache$StrongEntry                                  : loaded 2 times (x 108B)
Class com.google.common.util.concurrent.AbstractFuture$TrustedFuture                  : loaded 2 times (x 114B)
Class com.google.common.cache.LoadingCache                                            : loaded 2 times (x 70B)
Class com.google.common.io.ByteStreams$LimitedInputStream                             : loaded 2 times (x 92B)
Class com.google.common.base.Suppliers$NonSerializableMemoizingSupplier               : loaded 2 times (x 79B)
Class org.objectweb.asm.MethodWriter                                                  : loaded 2 times (x 106B)
Class [Lcom.google.common.cache.Weigher;                                              : loaded 2 times (x 69B)
Class com.google.common.collect.RegularImmutableMap$BucketOverflowException           : loaded 2 times (x 82B)
Class com.google.common.collect.AbstractMapBasedMultimap$RandomAccessWrappedList      : loaded 2 times (x 205B)
Class com.google.common.collect.AbstractIterator$State                                : loaded 2 times (x 79B)
Class com.google.common.reflect.Types$JavaVersion$1                                   : loaded 2 times (x 83B)
Class com.google.common.collect.RegularImmutableBiMap                                 : loaded 2 times (x 148B)
Class com.google.common.cache.LocalCache$ValueReference                               : loaded 2 times (x 70B)
Class com.google.common.base.CharMatcher$Negated                                      : loaded 2 times (x 113B)
Class com.google.common.base.CharMatcher$Is                                           : loaded 2 times (x 111B)
Class com.google.common.reflect.Types$JavaVersion$2                                   : loaded 2 times (x 83B)
Class com.google.common.reflect.Types                                                 : loaded 2 times (x 71B)
Class com.google.common.hash.PrimitiveSink                                            : loaded 2 times (x 70B)
Class com.google.common.util.concurrent.AbstractFuture$Failure                        : loaded 2 times (x 72B)
Class com.google.common.base.Equivalence$Equals                                       : loaded 2 times (x 82B)
Class com.google.common.collect.Hashing                                               : loaded 2 times (x 71B)
Class com.google.common.base.PatternCompiler                                          : loaded 2 times (x 70B)
Class com.google.common.base.Preconditions                                            : loaded 2 times (x 71B)
Class [Lorg.apache.commons.io.file.DeleteOption;                                      : loaded 2 times (x 69B)
Class com.google.common.reflect.Types$JavaVersion$3                                   : loaded 2 times (x 83B)
Class com.google.common.io.CharSink                                                   : loaded 2 times (x 79B)
Class com.google.common.base.Joiner$1                                                 : loaded 2 times (x 80B)
Class org.objectweb.asm.Label                                                         : loaded 2 times (x 73B)
Class org.objectweb.asm.CurrentFrame                                                  : loaded 2 times (x 73B)
Class org.objectweb.asm.ClassTooLargeException                                        : loaded 2 times (x 83B)
Class com.google.common.collect.PeekingIterator                                       : loaded 2 times (x 70B)
Class com.google.common.base.CharMatcher                                              : loaded 2 times (x 111B)
Class com.google.common.collect.Maps$IteratorBasedAbstractMap                         : loaded 2 times (x 125B)
Class com.google.common.reflect.Types$JavaVersion$4                                   : loaded 2 times (x 83B)
Class com.google.common.base.Joiner$2                                                 : loaded 2 times (x 79B)
Class org.objectweb.asm.Frame                                                         : loaded 2 times (x 73B)
Class org.objectweb.asm.MethodVisitor                                                 : loaded 2 times (x 105B)
Class com.google.common.cache.LocalCache$EntryFactory$1                               : loaded 2 times (x 83B)
Class [Lcom.google.common.cache.RemovalListener;                                      : loaded 2 times (x 69B)
Class com.google.common.base.CharMatcher$1                                            : loaded 2 times (x 113B)
Class com.google.common.base.CharMatcher$NamedFastMatcher                             : loaded 2 times (x 112B)
Class com.google.common.reflect.Types$JavaVersion$5                                   : loaded 2 times (x 71B)
Class [Lcom.google.common.reflect.Types$ClassOwnership;                               : loaded 2 times (x 69B)
Class com.google.common.cache.LocalCache$EntryFactory$2                               : loaded 2 times (x 83B)
Class com.google.common.collect.Multimaps                                             : loaded 2 times (x 71B)
Class org.objectweb.asm.ModuleWriter                                                  : loaded 2 times (x 82B)
Class com.google.common.cache.LocalCache$EntryFactory$3                               : loaded 2 times (x 83B)
Class com.google.common.base.Ticker$1                                                 : loaded 2 times (x 72B)
Class com.google.common.collect.ImmutableMapEntrySet$RegularEntrySet                  : loaded 2 times (x 151B)
Class com.google.common.collect.Maps$BiMapConverter                                   : loaded 2 times (x 90B)
Class build_b5oilpzty9hd1gfydd6ixtp39                                                 : loaded 2 times (x 180B)
Class com.google.common.collect.SetMultimap                                           : loaded 2 times (x 70B)
Class com.google.common.cache.LocalCache$EntryFactory$4                               : loaded 2 times (x 83B)
Class com.google.common.collect.ImmutableSet$Builder                                  : loaded 2 times (x 85B)
Class com.google.common.base.CharMatcher$InRange                                      : loaded 2 times (x 111B)
Class com.google.common.io.ByteStreams$1                                              : loaded 2 times (x 85B)
Class com.google.common.cache.LocalCache$EntryFactory$5                               : loaded 2 times (x 83B)
Class org.apache.commons.io.output.AppendableWriter                                   : loaded 2 times (x 100B)
Class com.google.common.cache.LocalCache$EntryFactory$6                               : loaded 2 times (x 83B)
Class org.gradle.internal.installation.CurrentGradleInstallationLocator               : loaded 2 times (x 71B)
Class org.apache.commons.io.output.ThresholdingOutputStream                           : loaded 2 times (x 94B)
Class com.google.common.collect.Maps$KeySet                                           : loaded 2 times (x 137B)
Class com.google.common.cache.LocalCache$EntryFactory$7                               : loaded 2 times (x 83B)
Class com.google.common.collect.ImmutableSet$EmptySetBuilderImpl                      : loaded 2 times (x 76B)
Class com.google.common.collect.ImmutableList                                         : loaded 2 times (x 206B)
Class org.gradle.internal.service.DefaultServiceLocator                               : loaded 2 times (x 83B)
Class com.google.common.collect.Maps$EntrySet                                         : loaded 2 times (x 136B)
Class com.google.common.cache.LocalCache$EntryFactory$8                               : loaded 2 times (x 83B)
Class com.google.common.collect.ImmutableSet$SetBuilderImpl                           : loaded 2 times (x 76B)
Class org.gradle.internal.installation.CurrentGradleInstallation                      : loaded 2 times (x 73B)
Class com.google.common.cache.CacheLoader$1                                           : loaded 2 times (x 75B)
Class com.google.common.collect.ImmutableList$SubList                                 : loaded 2 times (x 208B)
Class settings_7mjlx0kdgghx0gueypxf7remn$_run_closure1                                : loaded 2 times (x 139B)
Class org.gradle.util.internal.GUtil                                                  : loaded 2 times (x 71B)
Class com.google.common.io.ByteSource                                                 : loaded 2 times (x 84B)
Class com.google.common.util.concurrent.AbstractFuture$SetFuture                      : loaded 2 times (x 75B)
Class com.google.common.cache.AbstractCache$StatsCounter                              : loaded 2 times (x 70B)
Class com.google.common.reflect.Types$TypeVariableImpl                                : loaded 2 times (x 72B)
Class com.google.common.collect.Iterators$MergingIterator                             : loaded 2 times (x 81B)
Class com.google.common.collect.RegularImmutableSet                                   : loaded 2 times (x 148B)
Class org.gradle.internal.installation.GradleInstallation                             : loaded 2 times (x 75B)
Class com.google.common.collect.Iterables                                             : loaded 2 times (x 71B)
Class com.google.common.base.Splitter$Strategy                                        : loaded 2 times (x 70B)

---------------  S Y S T E M  ---------------

OS:
 Windows 11 , 64 bit Build 26100 (10.0.26100.8246)
OS uptime: 0 days 1:18 hours
Hyper-V role detected

CPU: total 16 (initial active 16) (8 cores per cpu, 2 threads per core) family 6 model 154 stepping 3 microcode 0x424, cx8, cmov, fxsr, ht, mmx, 3dnowpref, sse, sse2, sse3, ssse3, sse4.1, sse4.2, popcnt, lzcnt, tsc, tscinvbit, avx, avx2, aes, erms, clmul, bmi1, bmi2, adx, sha, fma, vzeroupper, clflush, clflushopt, clwb, hv, serialize, rdtscp, rdpid, fsrm, f16c, cet_ibt, cet_ss
Processor Information for the first 16 processors :
  Max Mhz: 2300, Current Mhz: 2300, Mhz Limit: 2300

Memory: 4k page, system-wide physical 16085M (1228M free)
TotalPageFile size 24942M (AvailPageFile size 0M)
current process WorkingSet (physical memory assigned to process): 1056M, peak: 1064M
current process commit charge ("private bytes"): 1112M, peak: 1122M

vm_info: OpenJDK 64-Bit Server VM (21.0.10+-14961533-b1163.108) for windows-amd64 JRE (21.0.10+-14961533-b1163.108), built on 2026-03-02T19:58:50Z by "builder" with MS VC++ 16.10 / 16.11 (VS2019)

END.
