#
# There is insufficient memory for the Java Runtime Environment to continue.
# Native memory allocation (malloc) failed to allocate 1524016 bytes. Error detail: Chunk::new
# Possible reasons:
#   The system is out of physical RAM or swap space
#   This process is running with CompressedOops enabled, and the Java Heap may be blocking the growth of the native heap
# Possible solutions:
#   Reduce memory load on the system
#   Increase physical memory or swap space
#   Check if swap backing store is full
#   Decrease Java heap size (-Xmx/-Xms)
#   Decrease number of Java threads
#   Decrease Java thread stack sizes (-Xss)
#   Set larger code cache with -XX:ReservedCodeCacheSize=
#   JVM is running with Unscaled Compressed Oops mode in which the Java heap is
#     placed in the first 4GB address space. The Java Heap base address is the
#     maximum limit for the native heap growth. Please use -XX:HeapBaseMinAddress
#     to set the Java Heap base and to place the Java Heap above 4GB virtual address.
# This output file may be truncated or incomplete.
#
#  Out of Memory Error (arena.cpp:168), pid=23032, tid=23480
#
# JRE version: OpenJDK Runtime Environment (21.0.10) (build 21.0.10+-14961533-b1163.108)
# Java VM: OpenJDK 64-Bit Server VM (21.0.10+-14961533-b1163.108, mixed mode, tiered, compressed oops, compressed class ptrs, g1 gc, windows-amd64)
# No core dump will be written. Minidumps are not enabled by default on client versions of Windows
#

---------------  S U M M A R Y ------------

Command Line: --add-opens=java.base/java.util=ALL-UNNAMED --add-opens=java.base/java.lang=ALL-UNNAMED --add-opens=java.base/java.lang.invoke=ALL-UNNAMED --add-opens=java.prefs/java.util.prefs=ALL-UNNAMED --add-exports=jdk.compiler/com.sun.tools.javac.api=ALL-UNNAMED --add-exports=jdk.compiler/com.sun.tools.javac.util=ALL-UNNAMED --add-opens=java.base/java.nio.charset=ALL-UNNAMED --add-opens=java.base/java.net=ALL-UNNAMED --add-opens=java.base/java.util.concurrent.atomic=ALL-UNNAMED -Xmx2048m -Dfile.encoding=UTF-8 -Duser.country=US -Duser.language=en -Duser.variant -javaagent:C:\Users\MSI\.gradle\wrapper\dists\gradle-8.9-bin\90cnw93cvbtalezasaz0blq0a\gradle-8.9\lib\agents\gradle-instrumentation-agent-8.9.jar org.gradle.launcher.daemon.bootstrap.GradleDaemon 8.9

Host: 12th Gen Intel(R) Core(TM) i7-12650H, 16 cores, 15G,  Windows 11 , 64 bit Build 26100 (10.0.26100.8246)
Time: Wed May  6 01:16:46 2026 W. Central Africa Standard Time elapsed time: 109.860018 seconds (0d 0h 1m 49s)

---------------  T H R E A D  ---------------

Current thread (0x000002994a9b64a0):  JavaThread "C2 CompilerThread1" daemon [_thread_in_native, id=23480, stack(0x000000b231000000,0x000000b231100000) (1024K)]


Current CompileTask:
C2:109860 34601 %     4       com.android.tools.r8.internal.CQ::b @ 1695 (4448 bytes)

Stack: [0x000000b231000000,0x000000b231100000]
Native frames: (J=compiled Java code, j=interpreted, Vv=VM code, C=native code)
V  [jvm.dll+0x6d78a9]
V  [jvm.dll+0x8665b3]
V  [jvm.dll+0x868bde]
V  [jvm.dll+0x8692c3]
V  [jvm.dll+0x280ee6]
V  [jvm.dll+0xc07cd]
V  [jvm.dll+0xc0d03]
V  [jvm.dll+0x3ba091]
V  [jvm.dll+0x1dfe64]
V  [jvm.dll+0x249d24]
V  [jvm.dll+0x2491a1]
V  [jvm.dll+0x1c76e4]
V  [jvm.dll+0x25891e]
V  [jvm.dll+0x256e66]
V  [jvm.dll+0x3f513e]
V  [jvm.dll+0x80fd28]
V  [jvm.dll+0x6d60fd]
C  [ucrtbase.dll+0x37b0]
C  [KERNEL32.DLL+0x2e8d7]
C  [ntdll.dll+0x8c3fc]


---------------  P R O C E S S  ---------------

Threads class SMR info:
_java_thread_list=0x0000029940a368c0, length=260, elements={
0x000002991e0394d0, 0x0000029938773240, 0x000002993878f340, 0x000002993878fda0,
0x0000029938798e40, 0x00000299387aaa60, 0x00000299387ab6d0, 0x0000029938792290,
0x00000299387d6fd0, 0x00000299387e3530, 0x0000029938790850, 0x0000029938792920,
0x0000029938790ee0, 0x0000029938793cd0, 0x0000029938793640, 0x0000029938791570,
0x0000029938791c00, 0x000002993f60d980, 0x000002993f6100e0, 0x000002993f60fa50,
0x000002993f610770, 0x000002993f610e00, 0x000002993f611490, 0x000002993f60f3c0,
0x000002993f611b20, 0x000002993f60e6a0, 0x000002993f6121b0, 0x000002993f60ed30,
0x000002993f613560, 0x000002993f612840, 0x000002993f614fa0, 0x000002993f613bf0,
0x000002993f614280, 0x000002993f614910, 0x000002994028edf0, 0x000002994028e760,
0x00000299402901a0, 0x0000029940290830, 0x000002994028d3b0, 0x0000029940290ec0,
0x0000029940291550, 0x0000029940293cb0, 0x0000029940293620, 0x0000029940292270,
0x0000029940291be0, 0x0000029940292900, 0x0000029940292f90, 0x0000029941a15b50,
0x0000029941a17c20, 0x0000029941a182b0, 0x0000029941a18940, 0x0000029941a154c0,
0x0000029941a19660, 0x0000029941a18fd0, 0x0000029941a19cf0, 0x0000029941a16870,
0x0000029941a16f00, 0x0000029941a1a380, 0x0000029941a1aa10, 0x0000029941a17590,
0x0000029941a1b730, 0x0000029941a1bdc0, 0x0000029941a1b0a0, 0x0000029941a1c450,
0x0000029941a1cae0, 0x00000299389ae510, 0x00000299389aeba0, 0x00000299389af8c0,
0x00000299389af230, 0x00000299389aff50, 0x00000299389b05e0, 0x00000299389ad7f0,
0x00000299389ade80, 0x0000029943b4c330, 0x0000029943b4af80, 0x0000029943b4dd70,
0x0000029943b4b610, 0x0000029943b4c9c0, 0x0000029943b4bca0, 0x0000029943b4d050,
0x0000029943b4d6e0, 0x0000029943b4e400, 0x0000029942e9f2f0, 0x0000029942ea13c0,
0x0000029942ea1a50, 0x0000029942ea20e0, 0x0000029942ea2e00, 0x0000029942e9f980,
0x0000029942ea3490, 0x0000029942ea0010, 0x0000029942ea0d30, 0x0000029942ea06a0,
0x0000029942ea6280, 0x0000029942ea3b20, 0x0000029942ea5560, 0x0000029942ea41b0,
0x0000029942ea4840, 0x0000029942ea4ed0, 0x0000029942ea5bf0, 0x000002994028c690,
0x000002993e9600b0, 0x000002993e962810, 0x000002993e963530, 0x000002993e9669b0,
0x000002993e967040, 0x000002994443f6a0, 0x00000299444403c0, 0x000002994443cf40,
0x0000029944440a50, 0x0000029944441770, 0x00000299444431b0, 0x0000029944444560,
0x00000299444410e0, 0x0000029944443ed0, 0x0000029944441e00, 0x0000029944442490,
0x0000029944442b20, 0x0000029944443840, 0x0000029943fa4ed0, 0x0000029943fa4840,
0x0000029943fa6fa0, 0x0000029943fa41b0, 0x0000029944a6f4a0, 0x0000029944a72920,
0x0000029944a73640, 0x0000029944a701c0, 0x0000029944a76ac0, 0x0000029944a75da0,
0x0000029944a749f0, 0x0000029944a75710, 0x0000029944a75080, 0x0000029944a76430,
0x0000029944a77150, 0x0000029944a73cd0, 0x0000029944a777e0, 0x0000029944a74360,
0x0000029944a798b0, 0x0000029944a79220, 0x0000029944a72290, 0x0000029944a70ee0,
0x0000029944a6fb30, 0x0000029944a71570, 0x0000029944a70850, 0x0000029944a71c00,
0x0000029944a6ee10, 0x0000029944a7ac60, 0x0000029944a77e70, 0x0000029944a79f40,
0x0000029944a7a5d0, 0x0000029944a7b2f0, 0x0000029944a7b980, 0x0000029944a78500,
0x0000029944a7c010, 0x0000029944a78b90, 0x0000029944a7cd30, 0x0000029944a7c6a0,
0x0000029944a7da50, 0x0000029944a7e0e0, 0x0000029943fa6910, 0x0000029943fa7630,
0x0000029943fa8350, 0x0000029943fa89e0, 0x0000029943faaab0, 0x0000029943fab7d0,
0x000002994076df40, 0x000002994077a420, 0x0000029940777cc0, 0x000002994077aab0,
0x0000029940778350, 0x00000299407789e0, 0x0000029940779070, 0x0000029940777630,
0x000002994077b140, 0x000002993e960740, 0x00000299401e6f20, 0x00000299401e6200,
0x00000299401e5b70, 0x00000299401e82d0, 0x00000299401e4e50, 0x00000299401e75b0,
0x00000299401e8960, 0x00000299401e6890, 0x00000299401e7c40, 0x00000299401e54e0,
0x00000299401e8ff0, 0x00000299401ebde0, 0x00000299401ecb00, 0x00000299401eaa30,
0x00000299401eb750, 0x00000299401e9d10, 0x00000299401e9680, 0x00000299401eb0c0,
0x00000299401ed190, 0x00000299401ed820, 0x00000299401ef8f0, 0x00000299401ea3a0,
0x00000299401eebd0, 0x00000299401f0610, 0x00000299401f1330, 0x00000299401f0ca0,
0x00000299401eff80, 0x00000299401f19c0, 0x00000299401ee540, 0x00000299401f4120,
0x00000299401f3400, 0x00000299401f3a90, 0x00000299401f2050, 0x00000299401f26e0,
0x00000299401f2d70, 0x000002994076e5d0, 0x000002994076f980, 0x0000029940770010,
0x00000299407706a0, 0x000002994076d220, 0x0000029940770d30, 0x000002994076d8b0,
0x00000299407713c0, 0x0000029940772e00, 0x0000029940774ed0, 0x0000029940773490,
0x0000029940772770, 0x0000029940773b20, 0x00000299407741b0, 0x0000029940771a50,
0x0000029940774840, 0x00000299407720e0, 0x0000029940776280, 0x0000029940775bf0,
0x0000029940779700, 0x0000029940776910, 0x0000029940776fa0, 0x0000029943fa9d90,
0x0000029943fab140, 0x0000029944a7d3c0, 0x0000029943b98eb0, 0x0000029943b98820,
0x0000029943b99540, 0x000002994076be70, 0x000002994076c500, 0x000002994076cb90,
0x0000029943b9af80, 0x000002993d001540, 0x000002993e960dd0, 0x000002994028da40,
0x00000299494c48c0, 0x00000299494c2e80, 0x00000299494c4230, 0x00000299494c55e0,
0x00000299494c3510, 0x00000299494c4f50, 0x00000299494c2160, 0x00000299494c3ba0,
0x00000299494c5c70, 0x00000299494c27f0, 0x00000299494c9780, 0x00000299494c7d40,
0x00000299494c83d0, 0x0000029943e474e0, 0x000002994a9b64a0, 0x00000299415f6320
}

Java Threads: ( => current thread )
  0x000002991e0394d0 JavaThread "main"                              [_thread_blocked, id=24112, stack(0x000000b225300000,0x000000b225400000) (1024K)]
  0x0000029938773240 JavaThread "Common-Cleaner"             daemon [_thread_blocked, id=19808, stack(0x000000b225b00000,0x000000b225c00000) (1024K)]
  0x000002993878f340 JavaThread "Reference Handler"          daemon [_thread_blocked, id=2764, stack(0x000000b225c00000,0x000000b225d00000) (1024K)]
  0x000002993878fda0 JavaThread "Finalizer"                  daemon [_thread_blocked, id=20032, stack(0x000000b225d00000,0x000000b225e00000) (1024K)]
  0x0000029938798e40 JavaThread "Signal Dispatcher"          daemon [_thread_blocked, id=12164, stack(0x000000b225e00000,0x000000b225f00000) (1024K)]
  0x00000299387aaa60 JavaThread "Attach Listener"            daemon [_thread_blocked, id=12232, stack(0x000000b225f00000,0x000000b226000000) (1024K)]
  0x00000299387ab6d0 JavaThread "Service Thread"             daemon [_thread_blocked, id=24300, stack(0x000000b226000000,0x000000b226100000) (1024K)]
  0x0000029938792290 JavaThread "Monitor Deflation Thread"   daemon [_thread_blocked, id=6636, stack(0x000000b226100000,0x000000b226200000) (1024K)]
  0x00000299387d6fd0 JavaThread "C2 CompilerThread0"         daemon [_thread_in_native, id=14976, stack(0x000000b226200000,0x000000b226300000) (1024K)]
  0x00000299387e3530 JavaThread "C1 CompilerThread0"         daemon [_thread_blocked, id=22072, stack(0x000000b226300000,0x000000b226400000) (1024K)]
  0x0000029938790850 JavaThread "Notification Thread"        daemon [_thread_blocked, id=19844, stack(0x000000b226500000,0x000000b226600000) (1024K)]
  0x0000029938792920 JavaThread "Daemon health stats"               [_thread_blocked, id=6284, stack(0x000000b226f00000,0x000000b227000000) (1024K)]
  0x0000029938790ee0 JavaThread "Incoming local TCP Connector on port 51639"        [_thread_in_native, id=20768, stack(0x000000b227100000,0x000000b227200000) (1024K)]
  0x0000029938793cd0 JavaThread "Daemon periodic checks"            [_thread_blocked, id=11776, stack(0x000000b227200000,0x000000b227300000) (1024K)]
  0x0000029938793640 JavaThread "Daemon"                            [_thread_blocked, id=2800, stack(0x000000b227300000,0x000000b227400000) (1024K)]
  0x0000029938791570 JavaThread "Handler for socket connection from /127.0.0.1:51639 to /127.0.0.1:51640"        [_thread_in_native, id=7628, stack(0x000000b227400000,0x000000b227500000) (1024K)]
  0x0000029938791c00 JavaThread "Cancel handler"                    [_thread_blocked, id=24368, stack(0x000000b227500000,0x000000b227600000) (1024K)]
  0x000002993f60d980 JavaThread "Daemon worker"                     [_thread_blocked, id=16412, stack(0x000000b227600000,0x000000b227700000) (1024K)]
  0x000002993f6100e0 JavaThread "Asynchronous log dispatcher for DefaultDaemonConnection: socket connection from /127.0.0.1:51639 to /127.0.0.1:51640"        [_thread_blocked, id=9908, stack(0x000000b227700000,0x000000b227800000) (1024K)]
  0x000002993f60fa50 JavaThread "Stdin handler"                     [_thread_blocked, id=11644, stack(0x000000b227800000,0x000000b227900000) (1024K)]
  0x000002993f610770 JavaThread "Daemon client event forwarder"        [_thread_blocked, id=1700, stack(0x000000b227900000,0x000000b227a00000) (1024K)]
  0x000002993f610e00 JavaThread "Cache worker for journal cache (C:\Users\MSI\.gradle\caches\journal-1)"        [_thread_blocked, id=14436, stack(0x000000b228300000,0x000000b228400000) (1024K)]
  0x000002993f611490 JavaThread "File lock request listener"        [_thread_in_native, id=23200, stack(0x000000b228400000,0x000000b228500000) (1024K)]
  0x000002993f60f3c0 JavaThread "Cache worker for file hash cache (C:\Users\MSI\.gradle\caches\8.9\fileHashes)"        [_thread_blocked, id=10152, stack(0x000000b228500000,0x000000b228600000) (1024K)]
  0x000002993f611b20 JavaThread "Cache worker for file hash cache (C:\Users\MSI\Downloads\mobile2\.gradle\8.9\fileHashes)"        [_thread_blocked, id=24560, stack(0x000000b228600000,0x000000b228700000) (1024K)]
  0x000002993f60e6a0 JavaThread "Cache worker for Build Output Cleanup Cache (C:\Users\MSI\Downloads\mobile2\.gradle\buildOutputCleanup)"        [_thread_blocked, id=17024, stack(0x000000b228700000,0x000000b228800000) (1024K)]
  0x000002993f6121b0 JavaThread "File watcher server"        daemon [_thread_in_native, id=21616, stack(0x000000b228800000,0x000000b228900000) (1024K)]
  0x000002993f60ed30 JavaThread "File watcher consumer"      daemon [_thread_blocked, id=14788, stack(0x000000b228900000,0x000000b228a00000) (1024K)]
  0x000002993f613560 JavaThread "Cache worker for checksums cache (C:\Users\MSI\Downloads\mobile2\.gradle\8.9\checksums)"        [_thread_blocked, id=3056, stack(0x000000b228a00000,0x000000b228b00000) (1024K)]
  0x000002993f612840 JavaThread "Cache worker for file content cache (C:\Users\MSI\.gradle\caches\8.9\fileContent)"        [_thread_blocked, id=2672, stack(0x000000b228b00000,0x000000b228c00000) (1024K)]
  0x000002993f614fa0 JavaThread "Cache worker for cache directory md-rule (C:\Users\MSI\.gradle\caches\8.9\md-rule)"        [_thread_blocked, id=3316, stack(0x000000b228c00000,0x000000b228d00000) (1024K)]
  0x000002993f613bf0 JavaThread "Cache worker for cache directory md-supplier (C:\Users\MSI\.gradle\caches\8.9\md-supplier)"        [_thread_blocked, id=2540, stack(0x000000b228d00000,0x000000b228e00000) (1024K)]
  0x000002993f614280 JavaThread "jar transforms"                    [_thread_blocked, id=10772, stack(0x000000b227000000,0x000000b227100000) (1024K)]
  0x000002993f614910 JavaThread "jar transforms Thread 2"           [_thread_blocked, id=1156, stack(0x000000b228e00000,0x000000b228f00000) (1024K)]
  0x000002994028edf0 JavaThread "jar transforms Thread 3"           [_thread_blocked, id=20432, stack(0x000000b229000000,0x000000b229100000) (1024K)]
  0x000002994028e760 JavaThread "Unconstrained build operations"        [_thread_blocked, id=8220, stack(0x000000b228f00000,0x000000b229000000) (1024K)]
  0x00000299402901a0 JavaThread "Unconstrained build operations Thread 2"        [_thread_blocked, id=13080, stack(0x000000b229200000,0x000000b229300000) (1024K)]
  0x0000029940290830 JavaThread "Unconstrained build operations Thread 3"        [_thread_blocked, id=6816, stack(0x000000b229300000,0x000000b229400000) (1024K)]
  0x000002994028d3b0 JavaThread "Unconstrained build operations Thread 4"        [_thread_blocked, id=2944, stack(0x000000b229400000,0x000000b229500000) (1024K)]
  0x0000029940290ec0 JavaThread "Unconstrained build operations Thread 5"        [_thread_blocked, id=18360, stack(0x000000b229500000,0x000000b229600000) (1024K)]
  0x0000029940291550 JavaThread "Unconstrained build operations Thread 6"        [_thread_blocked, id=9052, stack(0x000000b229600000,0x000000b229700000) (1024K)]
  0x0000029940293cb0 JavaThread "Unconstrained build operations Thread 7"        [_thread_blocked, id=5744, stack(0x000000b229700000,0x000000b229800000) (1024K)]
  0x0000029940293620 JavaThread "Unconstrained build operations Thread 8"        [_thread_blocked, id=20864, stack(0x000000b229800000,0x000000b229900000) (1024K)]
  0x0000029940292270 JavaThread "Unconstrained build operations Thread 9"        [_thread_blocked, id=6572, stack(0x000000b229900000,0x000000b229a00000) (1024K)]
  0x0000029940291be0 JavaThread "Unconstrained build operations Thread 10"        [_thread_blocked, id=13968, stack(0x000000b229a00000,0x000000b229b00000) (1024K)]
  0x0000029940292900 JavaThread "Unconstrained build operations Thread 11"        [_thread_blocked, id=20436, stack(0x000000b229b00000,0x000000b229c00000) (1024K)]
  0x0000029940292f90 JavaThread "Unconstrained build operations Thread 12"        [_thread_blocked, id=15608, stack(0x000000b229c00000,0x000000b229d00000) (1024K)]
  0x0000029941a15b50 JavaThread "Unconstrained build operations Thread 13"        [_thread_blocked, id=5472, stack(0x000000b229d00000,0x000000b229e00000) (1024K)]
  0x0000029941a17c20 JavaThread "Unconstrained build operations Thread 14"        [_thread_blocked, id=8372, stack(0x000000b229e00000,0x000000b229f00000) (1024K)]
  0x0000029941a182b0 JavaThread "Unconstrained build operations Thread 15"        [_thread_blocked, id=7600, stack(0x000000b229f00000,0x000000b22a000000) (1024K)]
  0x0000029941a18940 JavaThread "Unconstrained build operations Thread 16"        [_thread_blocked, id=13260, stack(0x000000b226600000,0x000000b226700000) (1024K)]
  0x0000029941a154c0 JavaThread "Unconstrained build operations Thread 17"        [_thread_blocked, id=24296, stack(0x000000b226700000,0x000000b226800000) (1024K)]
  0x0000029941a19660 JavaThread "Unconstrained build operations Thread 18"        [_thread_blocked, id=13544, stack(0x000000b22a000000,0x000000b22a100000) (1024K)]
  0x0000029941a18fd0 JavaThread "Unconstrained build operations Thread 19"        [_thread_blocked, id=16180, stack(0x000000b22a100000,0x000000b22a200000) (1024K)]
  0x0000029941a19cf0 JavaThread "Unconstrained build operations Thread 20"        [_thread_blocked, id=14776, stack(0x000000b22a200000,0x000000b22a300000) (1024K)]
  0x0000029941a16870 JavaThread "Unconstrained build operations Thread 21"        [_thread_blocked, id=19964, stack(0x000000b22a300000,0x000000b22a400000) (1024K)]
  0x0000029941a16f00 JavaThread "Unconstrained build operations Thread 22"        [_thread_blocked, id=21320, stack(0x000000b22a500000,0x000000b22a600000) (1024K)]
  0x0000029941a1a380 JavaThread "Unconstrained build operations Thread 23"        [_thread_blocked, id=21188, stack(0x000000b22a600000,0x000000b22a700000) (1024K)]
  0x0000029941a1aa10 JavaThread "Unconstrained build operations Thread 24"        [_thread_blocked, id=1416, stack(0x000000b22a700000,0x000000b22a800000) (1024K)]
  0x0000029941a17590 JavaThread "Unconstrained build operations Thread 25"        [_thread_blocked, id=12168, stack(0x000000b22a800000,0x000000b22a900000) (1024K)]
  0x0000029941a1b730 JavaThread "Unconstrained build operations Thread 26"        [_thread_blocked, id=8196, stack(0x000000b22a900000,0x000000b22aa00000) (1024K)]
  0x0000029941a1bdc0 JavaThread "Unconstrained build operations Thread 27"        [_thread_blocked, id=16244, stack(0x000000b22aa00000,0x000000b22ab00000) (1024K)]
  0x0000029941a1b0a0 JavaThread "Unconstrained build operations Thread 28"        [_thread_blocked, id=23800, stack(0x000000b22ab00000,0x000000b22ac00000) (1024K)]
  0x0000029941a1c450 JavaThread "Unconstrained build operations Thread 29"        [_thread_blocked, id=24568, stack(0x000000b22ac00000,0x000000b22ad00000) (1024K)]
  0x0000029941a1cae0 JavaThread "Unconstrained build operations Thread 30"        [_thread_blocked, id=9056, stack(0x000000b22ad00000,0x000000b22ae00000) (1024K)]
  0x00000299389ae510 JavaThread "Unconstrained build operations Thread 31"        [_thread_blocked, id=19976, stack(0x000000b22ae00000,0x000000b22af00000) (1024K)]
  0x00000299389aeba0 JavaThread "Unconstrained build operations Thread 32"        [_thread_blocked, id=17216, stack(0x000000b22af00000,0x000000b22b000000) (1024K)]
  0x00000299389af8c0 JavaThread "Unconstrained build operations Thread 33"        [_thread_blocked, id=6936, stack(0x000000b22b000000,0x000000b22b100000) (1024K)]
  0x00000299389af230 JavaThread "Unconstrained build operations Thread 34"        [_thread_blocked, id=18956, stack(0x000000b22b100000,0x000000b22b200000) (1024K)]
  0x00000299389aff50 JavaThread "Unconstrained build operations Thread 35"        [_thread_blocked, id=20936, stack(0x000000b22b200000,0x000000b22b300000) (1024K)]
  0x00000299389b05e0 JavaThread "Unconstrained build operations Thread 36"        [_thread_blocked, id=23604, stack(0x000000b22b300000,0x000000b22b400000) (1024K)]
  0x00000299389ad7f0 JavaThread "Unconstrained build operations Thread 37"        [_thread_blocked, id=20892, stack(0x000000b226800000,0x000000b226900000) (1024K)]
  0x00000299389ade80 JavaThread "Unconstrained build operations Thread 38"        [_thread_blocked, id=9124, stack(0x000000b226e00000,0x000000b226f00000) (1024K)]
  0x0000029943b4c330 JavaThread "Unconstrained build operations Thread 39"        [_thread_blocked, id=23472, stack(0x000000b22a400000,0x000000b22a500000) (1024K)]
  0x0000029943b4af80 JavaThread "Unconstrained build operations Thread 40"        [_thread_blocked, id=18372, stack(0x000000b22b500000,0x000000b22b600000) (1024K)]
  0x0000029943b4dd70 JavaThread "Unconstrained build operations Thread 41"        [_thread_blocked, id=17636, stack(0x000000b22b600000,0x000000b22b700000) (1024K)]
  0x0000029943b4b610 JavaThread "Unconstrained build operations Thread 42"        [_thread_blocked, id=4472, stack(0x000000b22b700000,0x000000b22b800000) (1024K)]
  0x0000029943b4c9c0 JavaThread "Unconstrained build operations Thread 43"        [_thread_blocked, id=7516, stack(0x000000b22b800000,0x000000b22b900000) (1024K)]
  0x0000029943b4bca0 JavaThread "Unconstrained build operations Thread 44"        [_thread_blocked, id=12672, stack(0x000000b22b900000,0x000000b22ba00000) (1024K)]
  0x0000029943b4d050 JavaThread "Unconstrained build operations Thread 45"        [_thread_blocked, id=8660, stack(0x000000b22ba00000,0x000000b22bb00000) (1024K)]
  0x0000029943b4d6e0 JavaThread "Unconstrained build operations Thread 46"        [_thread_blocked, id=17224, stack(0x000000b22bc00000,0x000000b22bd00000) (1024K)]
  0x0000029943b4e400 JavaThread "Unconstrained build operations Thread 47"        [_thread_blocked, id=11368, stack(0x000000b22bd00000,0x000000b22be00000) (1024K)]
  0x0000029942e9f2f0 JavaThread "Unconstrained build operations Thread 48"        [_thread_blocked, id=5852, stack(0x000000b22bf00000,0x000000b22c000000) (1024K)]
  0x0000029942ea13c0 JavaThread "Unconstrained build operations Thread 49"        [_thread_blocked, id=3744, stack(0x000000b22c000000,0x000000b22c100000) (1024K)]
  0x0000029942ea1a50 JavaThread "Unconstrained build operations Thread 50"        [_thread_blocked, id=23756, stack(0x000000b22c100000,0x000000b22c200000) (1024K)]
  0x0000029942ea20e0 JavaThread "Unconstrained build operations Thread 51"        [_thread_blocked, id=22964, stack(0x000000b22c200000,0x000000b22c300000) (1024K)]
  0x0000029942ea2e00 JavaThread "Unconstrained build operations Thread 52"        [_thread_blocked, id=9180, stack(0x000000b22be00000,0x000000b22bf00000) (1024K)]
  0x0000029942e9f980 JavaThread "Unconstrained build operations Thread 53"        [_thread_blocked, id=23372, stack(0x000000b22c300000,0x000000b22c400000) (1024K)]
  0x0000029942ea3490 JavaThread "Unconstrained build operations Thread 54"        [_thread_blocked, id=14748, stack(0x000000b22c400000,0x000000b22c500000) (1024K)]
  0x0000029942ea0010 JavaThread "Unconstrained build operations Thread 55"        [_thread_blocked, id=19836, stack(0x000000b22c500000,0x000000b22c600000) (1024K)]
  0x0000029942ea0d30 JavaThread "Unconstrained build operations Thread 56"        [_thread_blocked, id=19860, stack(0x000000b22c600000,0x000000b22c700000) (1024K)]
  0x0000029942ea06a0 JavaThread "Unconstrained build operations Thread 57"        [_thread_blocked, id=9676, stack(0x000000b22c700000,0x000000b22c800000) (1024K)]
  0x0000029942ea6280 JavaThread "Unconstrained build operations Thread 58"        [_thread_blocked, id=15460, stack(0x000000b22c800000,0x000000b22c900000) (1024K)]
  0x0000029942ea3b20 JavaThread "Unconstrained build operations Thread 59"        [_thread_blocked, id=1132, stack(0x000000b22c900000,0x000000b22ca00000) (1024K)]
  0x0000029942ea5560 JavaThread "Unconstrained build operations Thread 60"        [_thread_blocked, id=20148, stack(0x000000b22ca00000,0x000000b22cb00000) (1024K)]
  0x0000029942ea41b0 JavaThread "Unconstrained build operations Thread 61"        [_thread_blocked, id=2368, stack(0x000000b22cb00000,0x000000b22cc00000) (1024K)]
  0x0000029942ea4840 JavaThread "Unconstrained build operations Thread 62"        [_thread_blocked, id=15584, stack(0x000000b22cc00000,0x000000b22cd00000) (1024K)]
  0x0000029942ea4ed0 JavaThread "Unconstrained build operations Thread 63"        [_thread_blocked, id=24344, stack(0x000000b22cd00000,0x000000b22ce00000) (1024K)]
  0x0000029942ea5bf0 JavaThread "Unconstrained build operations Thread 64"        [_thread_blocked, id=22908, stack(0x000000b22ce00000,0x000000b22cf00000) (1024K)]
  0x000002994028c690 JavaThread "Unconstrained build operations Thread 65"        [_thread_blocked, id=15636, stack(0x000000b22cf00000,0x000000b22d000000) (1024K)]
  0x000002993e9600b0 JavaThread "Unconstrained build operations Thread 66"        [_thread_blocked, id=22456, stack(0x000000b22d000000,0x000000b22d100000) (1024K)]
  0x000002993e962810 JavaThread "jar transforms Thread 4"           [_thread_blocked, id=19032, stack(0x000000b225200000,0x000000b225300000) (1024K)]
  0x000002993e963530 JavaThread "jar transforms Thread 5"           [_thread_blocked, id=23524, stack(0x000000b22d500000,0x000000b22d600000) (1024K)]
  0x000002993e9669b0 JavaThread "Memory manager"                    [_thread_blocked, id=5412, stack(0x000000b22d600000,0x000000b22d700000) (1024K)]
  0x000002993e967040 JavaThread "jar transforms Thread 6"           [_thread_blocked, id=19988, stack(0x000000b22d700000,0x000000b22d800000) (1024K)]
  0x000002994443f6a0 JavaThread "included builds"                   [_thread_blocked, id=15372, stack(0x000000b22d900000,0x000000b22da00000) (1024K)]
  0x00000299444403c0 JavaThread "Execution worker"                  [_thread_blocked, id=14940, stack(0x000000b22da00000,0x000000b22db00000) (1024K)]
  0x000002994443cf40 JavaThread "Execution worker Thread 2"         [_thread_blocked, id=17228, stack(0x000000b22db00000,0x000000b22dc00000) (1024K)]
  0x0000029944440a50 JavaThread "Execution worker Thread 3"         [_thread_blocked, id=5004, stack(0x000000b22dc00000,0x000000b22dd00000) (1024K)]
  0x0000029944441770 JavaThread "Execution worker Thread 4"         [_thread_blocked, id=5008, stack(0x000000b22dd00000,0x000000b22de00000) (1024K)]
  0x00000299444431b0 JavaThread "Execution worker Thread 5"         [_thread_blocked, id=20024, stack(0x000000b22de00000,0x000000b22df00000) (1024K)]
  0x0000029944444560 JavaThread "Execution worker Thread 6"         [_thread_blocked, id=6332, stack(0x000000b22df00000,0x000000b22e000000) (1024K)]
  0x00000299444410e0 JavaThread "Execution worker Thread 7"         [_thread_blocked, id=15612, stack(0x000000b22e000000,0x000000b22e100000) (1024K)]
  0x0000029944443ed0 JavaThread "Execution worker Thread 8"         [_thread_blocked, id=15432, stack(0x000000b22e100000,0x000000b22e200000) (1024K)]
  0x0000029944441e00 JavaThread "Execution worker Thread 9"         [_thread_blocked, id=10140, stack(0x000000b22e200000,0x000000b22e300000) (1024K)]
  0x0000029944442490 JavaThread "Execution worker Thread 10"        [_thread_blocked, id=7576, stack(0x000000b22e300000,0x000000b22e400000) (1024K)]
  0x0000029944442b20 JavaThread "Execution worker Thread 11"        [_thread_blocked, id=24212, stack(0x000000b22e400000,0x000000b22e500000) (1024K)]
  0x0000029944443840 JavaThread "Execution worker Thread 12"        [_thread_blocked, id=7760, stack(0x000000b22e500000,0x000000b22e600000) (1024K)]
  0x0000029943fa4ed0 JavaThread "Execution worker Thread 13"        [_thread_blocked, id=20816, stack(0x000000b22e600000,0x000000b22e700000) (1024K)]
  0x0000029943fa4840 JavaThread "Execution worker Thread 14"        [_thread_blocked, id=4736, stack(0x000000b22e700000,0x000000b22e800000) (1024K)]
  0x0000029943fa6fa0 JavaThread "Execution worker Thread 15"        [_thread_blocked, id=11208, stack(0x000000b22e800000,0x000000b22e900000) (1024K)]
  0x0000029943fa41b0 JavaThread "Cache worker for execution history cache (C:\Users\MSI\Downloads\mobile2\.gradle\8.9\executionHistory)"        [_thread_blocked, id=18036, stack(0x000000b22e900000,0x000000b22ea00000) (1024K)]
  0x0000029944a6f4a0 JavaThread "WorkerExecutor Queue"              [_thread_blocked, id=23016, stack(0x000000b22d100000,0x000000b22d200000) (1024K)]
  0x0000029944a72920 JavaThread "Unconstrained build operations Thread 67"        [_thread_blocked, id=3760, stack(0x000000b22d800000,0x000000b22d900000) (1024K)]
  0x0000029944a73640 JavaThread "Unconstrained build operations Thread 68"        [_thread_blocked, id=18220, stack(0x000000b22ea00000,0x000000b22eb00000) (1024K)]
  0x0000029944a701c0 JavaThread "Unconstrained build operations Thread 69"        [_thread_blocked, id=19608, stack(0x000000b22eb00000,0x000000b22ec00000) (1024K)]
  0x0000029944a76ac0 JavaThread "Unconstrained build operations Thread 70"        [_thread_blocked, id=6944, stack(0x000000b22ec00000,0x000000b22ed00000) (1024K)]
  0x0000029944a75da0 JavaThread "Unconstrained build operations Thread 71"        [_thread_blocked, id=7176, stack(0x000000b22ed00000,0x000000b22ee00000) (1024K)]
  0x0000029944a749f0 JavaThread "Unconstrained build operations Thread 72"        [_thread_blocked, id=12084, stack(0x000000b22ee00000,0x000000b22ef00000) (1024K)]
  0x0000029944a75710 JavaThread "Unconstrained build operations Thread 73"        [_thread_blocked, id=20040, stack(0x000000b22ef00000,0x000000b22f000000) (1024K)]
  0x0000029944a75080 JavaThread "Unconstrained build operations Thread 74"        [_thread_blocked, id=8232, stack(0x000000b22f000000,0x000000b22f100000) (1024K)]
  0x0000029944a76430 JavaThread "Unconstrained build operations Thread 75"        [_thread_blocked, id=16028, stack(0x000000b22f100000,0x000000b22f200000) (1024K)]
  0x0000029944a77150 JavaThread "Unconstrained build operations Thread 76"        [_thread_blocked, id=18172, stack(0x000000b22f200000,0x000000b22f300000) (1024K)]
  0x0000029944a73cd0 JavaThread "Unconstrained build operations Thread 77"        [_thread_blocked, id=18052, stack(0x000000b22f300000,0x000000b22f400000) (1024K)]
  0x0000029944a777e0 JavaThread "Unconstrained build operations Thread 78"        [_thread_blocked, id=18056, stack(0x000000b22f400000,0x000000b22f500000) (1024K)]
  0x0000029944a74360 JavaThread "Unconstrained build operations Thread 79"        [_thread_blocked, id=18244, stack(0x000000b22f500000,0x000000b22f600000) (1024K)]
  0x0000029944a798b0 JavaThread "Unconstrained build operations Thread 80"        [_thread_blocked, id=17520, stack(0x000000b22f600000,0x000000b22f700000) (1024K)]
  0x0000029944a79220 JavaThread "Unconstrained build operations Thread 81"        [_thread_blocked, id=17476, stack(0x000000b22f700000,0x000000b22f800000) (1024K)]
  0x0000029944a72290 JavaThread "WorkerExecutor Queue Thread 2"        [_thread_blocked, id=23248, stack(0x000000b22d200000,0x000000b22d300000) (1024K)]
  0x0000029944a70ee0 JavaThread "Unconstrained build operations Thread 82"        [_thread_blocked, id=23468, stack(0x000000b22d400000,0x000000b22d500000) (1024K)]
  0x0000029944a6fb30 JavaThread "Unconstrained build operations Thread 83"        [_thread_blocked, id=23560, stack(0x000000b22f800000,0x000000b22f900000) (1024K)]
  0x0000029944a71570 JavaThread "Unconstrained build operations Thread 84"        [_thread_blocked, id=2236, stack(0x000000b22f900000,0x000000b22fa00000) (1024K)]
  0x0000029944a70850 JavaThread "Unconstrained build operations Thread 85"        [_thread_blocked, id=24324, stack(0x000000b22fa00000,0x000000b22fb00000) (1024K)]
  0x0000029944a71c00 JavaThread "Unconstrained build operations Thread 86"        [_thread_blocked, id=11316, stack(0x000000b22fb00000,0x000000b22fc00000) (1024K)]
  0x0000029944a6ee10 JavaThread "Unconstrained build operations Thread 87"        [_thread_blocked, id=14464, stack(0x000000b22fc00000,0x000000b22fd00000) (1024K)]
  0x0000029944a7ac60 JavaThread "Unconstrained build operations Thread 88"        [_thread_blocked, id=14484, stack(0x000000b22fd00000,0x000000b22fe00000) (1024K)]
  0x0000029944a77e70 JavaThread "Unconstrained build operations Thread 89"        [_thread_blocked, id=12100, stack(0x000000b22fe00000,0x000000b22ff00000) (1024K)]
  0x0000029944a79f40 JavaThread "Unconstrained build operations Thread 90"        [_thread_blocked, id=11528, stack(0x000000b22ff00000,0x000000b230000000) (1024K)]
  0x0000029944a7a5d0 JavaThread "Unconstrained build operations Thread 91"        [_thread_blocked, id=17428, stack(0x000000b230000000,0x000000b230100000) (1024K)]
  0x0000029944a7b2f0 JavaThread "Unconstrained build operations Thread 92"        [_thread_blocked, id=21328, stack(0x000000b230100000,0x000000b230200000) (1024K)]
  0x0000029944a7b980 JavaThread "Unconstrained build operations Thread 93"        [_thread_blocked, id=12524, stack(0x000000b230200000,0x000000b230300000) (1024K)]
  0x0000029944a78500 JavaThread "Unconstrained build operations Thread 94"        [_thread_blocked, id=23444, stack(0x000000b230300000,0x000000b230400000) (1024K)]
  0x0000029944a7c010 JavaThread "Unconstrained build operations Thread 95"        [_thread_blocked, id=24492, stack(0x000000b230400000,0x000000b230500000) (1024K)]
  0x0000029944a78b90 JavaThread "Unconstrained build operations Thread 96"        [_thread_blocked, id=4232, stack(0x000000b230500000,0x000000b230600000) (1024K)]
  0x0000029944a7cd30 JavaThread "WorkerExecutor Queue Thread 3"        [_thread_blocked, id=10660, stack(0x000000b230800000,0x000000b230900000) (1024K)]
  0x0000029944a7c6a0 JavaThread "WorkerExecutor Queue Thread 5"        [_thread_blocked, id=20448, stack(0x000000b230a00000,0x000000b230b00000) (1024K)]
  0x0000029944a7da50 JavaThread "WorkerExecutor Queue Thread 6"        [_thread_blocked, id=20796, stack(0x000000b230b00000,0x000000b230c00000) (1024K)]
  0x0000029944a7e0e0 JavaThread "WorkerExecutor Queue Thread 7"        [_thread_blocked, id=16112, stack(0x000000b230c00000,0x000000b230d00000) (1024K)]
  0x0000029943fa6910 JavaThread "WorkerExecutor Queue Thread 8"        [_thread_blocked, id=23904, stack(0x000000b230d00000,0x000000b230e00000) (1024K)]
  0x0000029943fa7630 JavaThread "WorkerExecutor Queue Thread 10"        [_thread_blocked, id=9560, stack(0x000000b230f00000,0x000000b231000000) (1024K)]
  0x0000029943fa8350 JavaThread "WorkerExecutor Queue Thread 12"        [_thread_blocked, id=10368, stack(0x000000b231100000,0x000000b231200000) (1024K)]
  0x0000029943fa89e0 JavaThread "WorkerExecutor Queue Thread 13"        [_thread_blocked, id=9704, stack(0x000000b231200000,0x000000b231300000) (1024K)]
  0x0000029943faaab0 JavaThread "WorkerExecutor Queue Thread 14"        [_thread_blocked, id=3076, stack(0x000000b231300000,0x000000b231400000) (1024K)]
  0x0000029943fab7d0 JavaThread "WorkerExecutor Queue Thread 16"        [_thread_blocked, id=22900, stack(0x000000b231500000,0x000000b231600000) (1024K)]
  0x000002994076df40 JavaThread "Unconstrained build operations Thread 97"        [_thread_blocked, id=21076, stack(0x000000b231700000,0x000000b231800000) (1024K)]
  0x000002994077a420 JavaThread "Unconstrained build operations Thread 98"        [_thread_blocked, id=19112, stack(0x000000b230700000,0x000000b230800000) (1024K)]
  0x0000029940777cc0 JavaThread "Unconstrained build operations Thread 99"        [_thread_blocked, id=1864, stack(0x000000b231800000,0x000000b231900000) (1024K)]
  0x000002994077aab0 JavaThread "Unconstrained build operations Thread 100"        [_thread_blocked, id=3364, stack(0x000000b231900000,0x000000b231a00000) (1024K)]
  0x0000029940778350 JavaThread "Unconstrained build operations Thread 101"        [_thread_blocked, id=18300, stack(0x000000b231a00000,0x000000b231b00000) (1024K)]
  0x00000299407789e0 JavaThread "Unconstrained build operations Thread 102"        [_thread_blocked, id=10672, stack(0x000000b231b00000,0x000000b231c00000) (1024K)]
  0x0000029940779070 JavaThread "Unconstrained build operations Thread 103"        [_thread_blocked, id=9176, stack(0x000000b231c00000,0x000000b231d00000) (1024K)]
  0x0000029940777630 JavaThread "Unconstrained build operations Thread 104"        [_thread_blocked, id=14168, stack(0x000000b231d00000,0x000000b231e00000) (1024K)]
  0x000002994077b140 JavaThread "Unconstrained build operations Thread 105"        [_thread_blocked, id=9896, stack(0x000000b231e00000,0x000000b231f00000) (1024K)]
  0x000002993e960740 JavaThread "Unconstrained build operations Thread 106"        [_thread_blocked, id=3728, stack(0x000000b231f00000,0x000000b232000000) (1024K)]
  0x00000299401e6f20 JavaThread "Unconstrained build operations Thread 107"        [_thread_blocked, id=1396, stack(0x000000b232000000,0x000000b232100000) (1024K)]
  0x00000299401e6200 JavaThread "Unconstrained build operations Thread 108"        [_thread_blocked, id=11456, stack(0x000000b232100000,0x000000b232200000) (1024K)]
  0x00000299401e5b70 JavaThread "Unconstrained build operations Thread 109"        [_thread_blocked, id=15412, stack(0x000000b232200000,0x000000b232300000) (1024K)]
  0x00000299401e82d0 JavaThread "Unconstrained build operations Thread 110"        [_thread_blocked, id=16084, stack(0x000000b232300000,0x000000b232400000) (1024K)]
  0x00000299401e4e50 JavaThread "Unconstrained build operations Thread 111"        [_thread_blocked, id=17724, stack(0x000000b232400000,0x000000b232500000) (1024K)]
  0x00000299401e75b0 JavaThread "Unconstrained build operations Thread 112"        [_thread_blocked, id=19452, stack(0x000000b232500000,0x000000b232600000) (1024K)]
  0x00000299401e8960 JavaThread "Unconstrained build operations Thread 113"        [_thread_blocked, id=3636, stack(0x000000b232600000,0x000000b232700000) (1024K)]
  0x00000299401e6890 JavaThread "Unconstrained build operations Thread 114"        [_thread_blocked, id=12192, stack(0x000000b232700000,0x000000b232800000) (1024K)]
  0x00000299401e7c40 JavaThread "Unconstrained build operations Thread 115"        [_thread_blocked, id=20704, stack(0x000000b232800000,0x000000b232900000) (1024K)]
  0x00000299401e54e0 JavaThread "Unconstrained build operations Thread 116"        [_thread_blocked, id=14044, stack(0x000000b232900000,0x000000b232a00000) (1024K)]
  0x00000299401e8ff0 JavaThread "Unconstrained build operations Thread 117"        [_thread_blocked, id=15996, stack(0x000000b232a00000,0x000000b232b00000) (1024K)]
  0x00000299401ebde0 JavaThread "Unconstrained build operations Thread 118"        [_thread_blocked, id=11544, stack(0x000000b232b00000,0x000000b232c00000) (1024K)]
  0x00000299401ecb00 JavaThread "Unconstrained build operations Thread 119"        [_thread_blocked, id=2112, stack(0x000000b232c00000,0x000000b232d00000) (1024K)]
  0x00000299401eaa30 JavaThread "Unconstrained build operations Thread 120"        [_thread_blocked, id=12140, stack(0x000000b232d00000,0x000000b232e00000) (1024K)]
  0x00000299401eb750 JavaThread "Unconstrained build operations Thread 121"        [_thread_blocked, id=24488, stack(0x000000b232e00000,0x000000b232f00000) (1024K)]
  0x00000299401e9d10 JavaThread "Unconstrained build operations Thread 122"        [_thread_blocked, id=14432, stack(0x000000b232f00000,0x000000b233000000) (1024K)]
  0x00000299401e9680 JavaThread "Unconstrained build operations Thread 123"        [_thread_blocked, id=4396, stack(0x000000b233000000,0x000000b233100000) (1024K)]
  0x00000299401eb0c0 JavaThread "Unconstrained build operations Thread 124"        [_thread_blocked, id=24548, stack(0x000000b233100000,0x000000b233200000) (1024K)]
  0x00000299401ed190 JavaThread "Unconstrained build operations Thread 125"        [_thread_blocked, id=6500, stack(0x000000b233200000,0x000000b233300000) (1024K)]
  0x00000299401ed820 JavaThread "Unconstrained build operations Thread 126"        [_thread_blocked, id=10988, stack(0x000000b233300000,0x000000b233400000) (1024K)]
  0x00000299401ef8f0 JavaThread "Unconstrained build operations Thread 127"        [_thread_blocked, id=10264, stack(0x000000b233400000,0x000000b233500000) (1024K)]
  0x00000299401ea3a0 JavaThread "WorkerExecutor Queue Thread 17"        [_thread_blocked, id=24532, stack(0x000000b233500000,0x000000b233600000) (1024K)]
  0x00000299401eebd0 JavaThread "Unconstrained build operations Thread 128"        [_thread_blocked, id=13916, stack(0x000000b225100000,0x000000b225200000) (1024K)]
  0x00000299401f0610 JavaThread "Unconstrained build operations Thread 129"        [_thread_blocked, id=11444, stack(0x000000b233700000,0x000000b233800000) (1024K)]
  0x00000299401f1330 JavaThread "Unconstrained build operations Thread 130"        [_thread_blocked, id=20836, stack(0x000000b233800000,0x000000b233900000) (1024K)]
  0x00000299401f0ca0 JavaThread "Unconstrained build operations Thread 131"        [_thread_blocked, id=10500, stack(0x000000b233900000,0x000000b233a00000) (1024K)]
  0x00000299401eff80 JavaThread "Unconstrained build operations Thread 132"        [_thread_blocked, id=15240, stack(0x000000b233a00000,0x000000b233b00000) (1024K)]
  0x00000299401f19c0 JavaThread "Unconstrained build operations Thread 133"        [_thread_blocked, id=3988, stack(0x000000b233600000,0x000000b233700000) (1024K)]
  0x00000299401ee540 JavaThread "Unconstrained build operations Thread 134"        [_thread_blocked, id=22036, stack(0x000000b233b00000,0x000000b233c00000) (1024K)]
  0x00000299401f4120 JavaThread "Unconstrained build operations Thread 135"        [_thread_blocked, id=2668, stack(0x000000b233c00000,0x000000b233d00000) (1024K)]
  0x00000299401f3400 JavaThread "Unconstrained build operations Thread 136"        [_thread_blocked, id=3588, stack(0x000000b233d00000,0x000000b233e00000) (1024K)]
  0x00000299401f3a90 JavaThread "Unconstrained build operations Thread 137"        [_thread_blocked, id=18380, stack(0x000000b233e00000,0x000000b233f00000) (1024K)]
  0x00000299401f2050 JavaThread "Unconstrained build operations Thread 138"        [_thread_blocked, id=6876, stack(0x000000b22d300000,0x000000b22d400000) (1024K)]
  0x00000299401f26e0 JavaThread "Unconstrained build operations Thread 139"        [_thread_blocked, id=7940, stack(0x000000b233f00000,0x000000b234000000) (1024K)]
  0x00000299401f2d70 JavaThread "Unconstrained build operations Thread 140"        [_thread_blocked, id=20676, stack(0x000000b234000000,0x000000b234100000) (1024K)]
  0x000002994076e5d0 JavaThread "Unconstrained build operations Thread 141"        [_thread_blocked, id=7248, stack(0x000000b234100000,0x000000b234200000) (1024K)]
  0x000002994076f980 JavaThread "Unconstrained build operations Thread 142"        [_thread_blocked, id=10960, stack(0x000000b234200000,0x000000b234300000) (1024K)]
  0x0000029940770010 JavaThread "Unconstrained build operations Thread 143"        [_thread_blocked, id=2004, stack(0x000000b234300000,0x000000b234400000) (1024K)]
  0x00000299407706a0 JavaThread "pool-3-thread-1"                   [_thread_blocked, id=1968, stack(0x000000b234500000,0x000000b234600000) (1024K)]
  0x000002994076d220 JavaThread "stderr"                            [_thread_in_native, id=2472, stack(0x000000b230900000,0x000000b230a00000) (1024K)]
  0x0000029940770d30 JavaThread "stdout"                            [_thread_in_native, id=24404, stack(0x000000b231400000,0x000000b231500000) (1024K)]
  0x000002994076d8b0 JavaThread "stderr"                            [_thread_in_native, id=2248, stack(0x000000b234400000,0x000000b234500000) (1024K)]
  0x00000299407713c0 JavaThread "stdout"                            [_thread_in_native, id=7764, stack(0x000000b234600000,0x000000b234700000) (1024K)]
  0x0000029940772e00 JavaThread "Unconstrained build operations Thread 144"        [_thread_blocked, id=10688, stack(0x000000b234800000,0x000000b234900000) (1024K)]
  0x0000029940774ed0 JavaThread "Unconstrained build operations Thread 145"        [_thread_blocked, id=4604, stack(0x000000b234900000,0x000000b234a00000) (1024K)]
  0x0000029940773490 JavaThread "Unconstrained build operations Thread 146"        [_thread_blocked, id=9708, stack(0x000000b234a00000,0x000000b234b00000) (1024K)]
  0x0000029940772770 JavaThread "Unconstrained build operations Thread 147"        [_thread_blocked, id=10048, stack(0x000000b234b00000,0x000000b234c00000) (1024K)]
  0x0000029940773b20 JavaThread "Unconstrained build operations Thread 148"        [_thread_blocked, id=12252, stack(0x000000b234c00000,0x000000b234d00000) (1024K)]
  0x00000299407741b0 JavaThread "Unconstrained build operations Thread 149"        [_thread_blocked, id=16488, stack(0x000000b234d00000,0x000000b234e00000) (1024K)]
  0x0000029940771a50 JavaThread "Unconstrained build operations Thread 150"        [_thread_blocked, id=7060, stack(0x000000b234e00000,0x000000b234f00000) (1024K)]
  0x0000029940774840 JavaThread "Unconstrained build operations Thread 151"        [_thread_blocked, id=500, stack(0x000000b234f00000,0x000000b235000000) (1024K)]
  0x00000299407720e0 JavaThread "Unconstrained build operations Thread 152"        [_thread_blocked, id=21400, stack(0x000000b235200000,0x000000b235300000) (1024K)]
  0x0000029940776280 JavaThread "Unconstrained build operations Thread 153"        [_thread_blocked, id=10116, stack(0x000000b235300000,0x000000b235400000) (1024K)]
  0x0000029940775bf0 JavaThread "Unconstrained build operations Thread 154"        [_thread_blocked, id=5324, stack(0x000000b235400000,0x000000b235500000) (1024K)]
  0x0000029940779700 JavaThread "Unconstrained build operations Thread 155"        [_thread_blocked, id=6588, stack(0x000000b235500000,0x000000b235600000) (1024K)]
  0x0000029940776910 JavaThread "Unconstrained build operations Thread 156"        [_thread_blocked, id=6592, stack(0x000000b235600000,0x000000b235700000) (1024K)]
  0x0000029940776fa0 JavaThread "Unconstrained build operations Thread 157"        [_thread_blocked, id=448, stack(0x000000b235800000,0x000000b235900000) (1024K)]
  0x0000029943fa9d90 JavaThread "Unconstrained build operations Thread 158"        [_thread_blocked, id=2108, stack(0x000000b235900000,0x000000b235a00000) (1024K)]
  0x0000029943fab140 JavaThread "WorkerExecutor Queue Thread 18"        [_thread_blocked, id=13336, stack(0x000000b235a00000,0x000000b235b00000) (1024K)]
  0x0000029944a7d3c0 JavaThread "Unconstrained build operations Thread 159"        [_thread_blocked, id=8628, stack(0x000000b235b00000,0x000000b235c00000) (1024K)]
  0x0000029943b98eb0 JavaThread "Unconstrained build operations Thread 160"        [_thread_blocked, id=14888, stack(0x000000b235c00000,0x000000b235d00000) (1024K)]
  0x0000029943b98820 JavaThread "WorkerExecutor Queue Thread 19"        [_thread_blocked, id=23308, stack(0x000000b235d00000,0x000000b235e00000) (1024K)]
  0x0000029943b99540 JavaThread "WorkerExecutor Queue Thread 20"        [_thread_blocked, id=21964, stack(0x000000b230e00000,0x000000b230f00000) (1024K)]
  0x000002994076be70 JavaThread "Exec process"                      [_thread_blocked, id=10768, stack(0x000000b235700000,0x000000b235800000) (1024K)]
  0x000002994076c500 JavaThread "Exec process Thread 2"             [_thread_blocked, id=15468, stack(0x000000b235e00000,0x000000b235f00000) (1024K)]
  0x000002994076cb90 JavaThread "Exec process Thread 3"             [_thread_blocked, id=2132, stack(0x000000b235f00000,0x000000b236000000) (1024K)]
  0x0000029943b9af80 JavaThread "Cache worker for Java compile cache (C:\Users\MSI\.gradle\caches\8.9\javaCompile)"        [_thread_blocked, id=20700, stack(0x000000b226400000,0x000000b226500000) (1024K)]
  0x000002993d001540 JavaThread "C1 CompilerThread1"         daemon [_thread_blocked, id=24268, stack(0x000000b230600000,0x000000b230700000) (1024K)]
  0x000002993e960dd0 JavaThread "Build operations"                  [_thread_blocked, id=18316, stack(0x000000b236200000,0x000000b236300000) (1024K)]
  0x000002994028da40 JavaThread "Build operations Thread 2"         [_thread_blocked, id=7636, stack(0x000000b236300000,0x000000b236400000) (1024K)]
  0x00000299494c48c0 JavaThread "Build operations Thread 3"         [_thread_blocked, id=18396, stack(0x000000b236400000,0x000000b236500000) (1024K)]
  0x00000299494c2e80 JavaThread "Build operations Thread 4"         [_thread_blocked, id=21456, stack(0x000000b236500000,0x000000b236600000) (1024K)]
  0x00000299494c4230 JavaThread "Build operations Thread 5"         [_thread_blocked, id=17752, stack(0x000000b236600000,0x000000b236700000) (1024K)]
  0x00000299494c55e0 JavaThread "Build operations Thread 6"         [_thread_blocked, id=9528, stack(0x000000b236700000,0x000000b236800000) (1024K)]
  0x00000299494c3510 JavaThread "Build operations Thread 7"         [_thread_blocked, id=3268, stack(0x000000b236800000,0x000000b236900000) (1024K)]
  0x00000299494c4f50 JavaThread "Build operations Thread 8"         [_thread_blocked, id=24328, stack(0x000000b236900000,0x000000b236a00000) (1024K)]
  0x00000299494c2160 JavaThread "Build operations Thread 9"         [_thread_blocked, id=14656, stack(0x000000b236a00000,0x000000b236b00000) (1024K)]
  0x00000299494c3ba0 JavaThread "Build operations Thread 10"        [_thread_blocked, id=18400, stack(0x000000b236b00000,0x000000b236c00000) (1024K)]
  0x00000299494c5c70 JavaThread "Build operations Thread 11"        [_thread_blocked, id=18096, stack(0x000000b236c00000,0x000000b236d00000) (1024K)]
  0x00000299494c27f0 JavaThread "Build operations Thread 12"        [_thread_blocked, id=18048, stack(0x000000b236d00000,0x000000b236e00000) (1024K)]
  0x00000299494c9780 JavaThread "Build operations Thread 13"        [_thread_blocked, id=8832, stack(0x000000b236e00000,0x000000b236f00000) (1024K)]
  0x00000299494c7d40 JavaThread "Build operations Thread 14"        [_thread_blocked, id=16012, stack(0x000000b236f00000,0x000000b237000000) (1024K)]
  0x00000299494c83d0 JavaThread "Build operations Thread 15"        [_thread_blocked, id=24408, stack(0x000000b237000000,0x000000b237100000) (1024K)]
  0x0000029943e474e0 JavaThread "C1 CompilerThread2"         daemon [_thread_blocked, id=15664, stack(0x000000b225000000,0x000000b225100000) (1024K)]
=>0x000002994a9b64a0 JavaThread "C2 CompilerThread1"         daemon [_thread_in_native, id=23480, stack(0x000000b231000000,0x000000b231100000) (1024K)]
  0x00000299415f6320 JavaThread "C2 CompilerThread2"         daemon [_thread_in_native, id=14224, stack(0x000000b231600000,0x000000b231700000) (1024K)]
Total: 260

Other Threads:
  0x00000299387295f0 VMThread "VM Thread"                           [id=16580, stack(0x000000b225a00000,0x000000b225b00000) (1024K)]
  0x0000029938612b20 WatcherThread "VM Periodic Task Thread"        [id=11416, stack(0x000000b225900000,0x000000b225a00000) (1024K)]
  0x00000299205062c0 WorkerThread "GC Thread#0"                     [id=13728, stack(0x000000b225400000,0x000000b225500000) (1024K)]
  0x000002993d55aa10 WorkerThread "GC Thread#1"                     [id=5644, stack(0x000000b226900000,0x000000b226a00000) (1024K)]
  0x000002993d7ee280 WorkerThread "GC Thread#2"                     [id=13884, stack(0x000000b226a00000,0x000000b226b00000) (1024K)]
  0x000002993d327070 WorkerThread "GC Thread#3"                     [id=15164, stack(0x000000b226b00000,0x000000b226c00000) (1024K)]
  0x000002993d327830 WorkerThread "GC Thread#4"                     [id=9372, stack(0x000000b226c00000,0x000000b226d00000) (1024K)]
  0x000002993d3e8970 WorkerThread "GC Thread#5"                     [id=15156, stack(0x000000b226d00000,0x000000b226e00000) (1024K)]
  0x000002993f5cc8b0 WorkerThread "GC Thread#6"                     [id=17796, stack(0x000000b227a00000,0x000000b227b00000) (1024K)]
  0x000002993f512b30 WorkerThread "GC Thread#7"                     [id=7836, stack(0x000000b227b00000,0x000000b227c00000) (1024K)]
  0x000002993f513720 WorkerThread "GC Thread#8"                     [id=16044, stack(0x000000b227c00000,0x000000b227d00000) (1024K)]
  0x000002993f6096a0 WorkerThread "GC Thread#9"                     [id=4900, stack(0x000000b227d00000,0x000000b227e00000) (1024K)]
  0x000002993f608f40 WorkerThread "GC Thread#10"                    [id=23204, stack(0x000000b227e00000,0x000000b227f00000) (1024K)]
  0x000002993f608080 WorkerThread "GC Thread#11"                    [id=9132, stack(0x000000b227f00000,0x000000b228000000) (1024K)]
  0x000002993f608430 WorkerThread "GC Thread#12"                    [id=21312, stack(0x000000b228000000,0x000000b228100000) (1024K)]
  0x0000029920555b80 ConcurrentGCThread "G1 Main Marker"            [id=5812, stack(0x000000b225500000,0x000000b225600000) (1024K)]
  0x0000029920557bf0 WorkerThread "G1 Conc#0"                       [id=5036, stack(0x000000b225600000,0x000000b225700000) (1024K)]
  0x000002993f6092f0 WorkerThread "G1 Conc#1"                       [id=8108, stack(0x000000b228100000,0x000000b228200000) (1024K)]
  0x000002993f609a50 WorkerThread "G1 Conc#2"                       [id=10484, stack(0x000000b228200000,0x000000b228300000) (1024K)]
  0x0000029938563a20 ConcurrentGCThread "G1 Refine#0"               [id=23912, stack(0x000000b225700000,0x000000b225800000) (1024K)]
  0x0000029938564250 ConcurrentGCThread "G1 Service"                [id=6628, stack(0x000000b225800000,0x000000b225900000) (1024K)]
Total: 21

Threads with active compile tasks:
C2 CompilerThread0  109937 34613       4       com.android.tools.r8.internal.CQ::a (1862 bytes)
C2 CompilerThread1  109938 34601 %     4       com.android.tools.r8.internal.CQ::b @ 1695 (4448 bytes)
C2 CompilerThread2  109938 34603       4       com.android.tools.r8.internal.Bn::b (937 bytes)
Total: 3

VM state: at safepoint (normal execution)

VM Mutex/Monitor currently owned by a thread:  ([mutex/lock_event])
[0x00007ffd1b2586d0] Threads_lock - owner thread: 0x00000299387295f0
[0x00007ffd1b2587d0] Heap_lock - owner thread: 0x0000029944a78500

Heap address: 0x0000000080000000, size: 2048 MB, Compressed Oops mode: 32-bit

CDS archive(s) not mapped
Compressed class space mapped at: 0x0000000100000000-0x0000000140000000, reserved size: 1073741824
Narrow klass base: 0x0000000000000000, Narrow klass shift: 3, Narrow klass range: 0x140000000

GC Precious Log:
 CardTable entry size: 512
 Card Set container configuration: InlinePtr #cards 5 size 8 Array Of Cards #cards 12 size 40 Howl #buckets 4 coarsen threshold 1843 Howl Bitmap #cards 512 size 80 coarsen threshold 460 Card regions per heap region 1 cards per card region 2048
 CPUs: 16 total, 16 available
 Memory: 16085M
 Large Page Support: Disabled
 NUMA Support: Disabled
 Compressed Oops: Enabled (32-bit)
 Heap Region Size: 1M
 Heap Min Capacity: 8M
 Heap Initial Capacity: 252M
 Heap Max Capacity: 2G
 Pre-touch: Disabled
 Parallel Workers: 13
 Concurrent Workers: 3
 Concurrent Refinement Workers: 13
 Periodic GC: Disabled

Heap:
 garbage-first heap   total 628736K, used 595680K [0x0000000080000000, 0x0000000100000000)
  region size 1024K, 282 young (288768K), 12 survivors (12288K)
 Metaspace       used 164446K, committed 166592K, reserved 1245184K
  class space    used 22236K, committed 23296K, reserved 1048576K

Heap Regions: E=young(eden), S=young(survivor), O=old, HS=humongous(starts), HC=humongous(continues), CS=collection set, F=free, TAMS=top-at-mark-start, PB=parsable bottom
|   0|0x0000000080000000, 0x0000000080100000, 0x0000000080100000|100%|HS|  |TAMS 0x0000000080100000| PB 0x0000000080000000| Complete 
|   1|0x0000000080100000, 0x0000000080200000, 0x0000000080200000|100%|HC|  |TAMS 0x0000000080200000| PB 0x0000000080100000| Complete 
|   2|0x0000000080200000, 0x0000000080300000, 0x0000000080300000|100%|HC|  |TAMS 0x0000000080300000| PB 0x0000000080200000| Complete 
|   3|0x0000000080300000, 0x0000000080400000, 0x0000000080400000|100%|HC|  |TAMS 0x0000000080400000| PB 0x0000000080300000| Complete 
|   4|0x0000000080400000, 0x0000000080500000, 0x0000000080500000|100%| O|  |TAMS 0x0000000080500000| PB 0x0000000080400000| Untracked 
|   5|0x0000000080500000, 0x00000000805f0060, 0x0000000080600000| 93%| O|  |TAMS 0x00000000805f0060| PB 0x0000000080500000| Untracked 
|   6|0x0000000080600000, 0x0000000080700000, 0x0000000080700000|100%|HS|  |TAMS 0x0000000080700000| PB 0x0000000080600000| Complete 
|   7|0x0000000080700000, 0x0000000080800000, 0x0000000080800000|100%| O|  |TAMS 0x0000000080800000| PB 0x0000000080700000| Untracked 
|   8|0x0000000080800000, 0x0000000080900000, 0x0000000080900000|100%| O|  |TAMS 0x0000000080900000| PB 0x0000000080800000| Untracked 
|   9|0x0000000080900000, 0x0000000080a00000, 0x0000000080a00000|100%| O|  |TAMS 0x0000000080a00000| PB 0x0000000080900000| Untracked 
|  10|0x0000000080a00000, 0x0000000080b00000, 0x0000000080b00000|100%| O|  |TAMS 0x0000000080b00000| PB 0x0000000080a00000| Untracked 
|  11|0x0000000080b00000, 0x0000000080c00000, 0x0000000080c00000|100%| O|  |TAMS 0x0000000080c00000| PB 0x0000000080b00000| Untracked 
|  12|0x0000000080c00000, 0x0000000080d00000, 0x0000000080d00000|100%| O|  |TAMS 0x0000000080d00000| PB 0x0000000080c00000| Untracked 
|  13|0x0000000080d00000, 0x0000000080e00000, 0x0000000080e00000|100%| O|  |TAMS 0x0000000080e00000| PB 0x0000000080d00000| Untracked 
|  14|0x0000000080e00000, 0x0000000080f00000, 0x0000000080f00000|100%| O|  |TAMS 0x0000000080f00000| PB 0x0000000080e00000| Untracked 
|  15|0x0000000080f00000, 0x0000000081000000, 0x0000000081000000|100%| O|  |TAMS 0x0000000081000000| PB 0x0000000080f00000| Untracked 
|  16|0x0000000081000000, 0x0000000081100000, 0x0000000081100000|100%| O|  |TAMS 0x0000000081100000| PB 0x0000000081000000| Untracked 
|  17|0x0000000081100000, 0x0000000081200000, 0x0000000081200000|100%| O|  |TAMS 0x0000000081200000| PB 0x0000000081100000| Untracked 
|  18|0x0000000081200000, 0x0000000081300000, 0x0000000081300000|100%| O|  |TAMS 0x0000000081300000| PB 0x0000000081200000| Untracked 
|  19|0x0000000081300000, 0x0000000081400000, 0x0000000081400000|100%| O|  |TAMS 0x0000000081400000| PB 0x0000000081300000| Untracked 
|  20|0x0000000081400000, 0x0000000081500000, 0x0000000081500000|100%| O|  |TAMS 0x0000000081500000| PB 0x0000000081400000| Untracked 
|  21|0x0000000081500000, 0x0000000081600000, 0x0000000081600000|100%| O|  |TAMS 0x0000000081600000| PB 0x0000000081500000| Untracked 
|  22|0x0000000081600000, 0x0000000081700000, 0x0000000081700000|100%| O|  |TAMS 0x0000000081700000| PB 0x0000000081600000| Untracked 
|  23|0x0000000081700000, 0x0000000081800000, 0x0000000081800000|100%| O|  |TAMS 0x0000000081800000| PB 0x0000000081700000| Untracked 
|  24|0x0000000081800000, 0x0000000081900000, 0x0000000081900000|100%| O|  |TAMS 0x0000000081900000| PB 0x0000000081800000| Untracked 
|  25|0x0000000081900000, 0x0000000081a00000, 0x0000000081a00000|100%| O|  |TAMS 0x0000000081a00000| PB 0x0000000081900000| Untracked 
|  26|0x0000000081a00000, 0x0000000081b00000, 0x0000000081b00000|100%| O|  |TAMS 0x0000000081b00000| PB 0x0000000081a00000| Untracked 
|  27|0x0000000081b00000, 0x0000000081c00000, 0x0000000081c00000|100%| O|  |TAMS 0x0000000081c00000| PB 0x0000000081b00000| Untracked 
|  28|0x0000000081c00000, 0x0000000081d00000, 0x0000000081d00000|100%| O|  |TAMS 0x0000000081d00000| PB 0x0000000081c00000| Untracked 
|  29|0x0000000081d00000, 0x0000000081e00000, 0x0000000081e00000|100%| O|  |TAMS 0x0000000081e00000| PB 0x0000000081d00000| Untracked 
|  30|0x0000000081e00000, 0x0000000081f00000, 0x0000000081f00000|100%| O|  |TAMS 0x0000000081f00000| PB 0x0000000081e00000| Untracked 
|  31|0x0000000081f00000, 0x0000000082000000, 0x0000000082000000|100%| O|  |TAMS 0x0000000082000000| PB 0x0000000081f00000| Untracked 
|  32|0x0000000082000000, 0x0000000082100000, 0x0000000082100000|100%| O|  |TAMS 0x0000000082100000| PB 0x0000000082000000| Untracked 
|  33|0x0000000082100000, 0x0000000082200000, 0x0000000082200000|100%| O|  |TAMS 0x0000000082200000| PB 0x0000000082100000| Untracked 
|  34|0x0000000082200000, 0x0000000082300000, 0x0000000082300000|100%| O|  |TAMS 0x0000000082300000| PB 0x0000000082200000| Untracked 
|  35|0x0000000082300000, 0x0000000082400000, 0x0000000082400000|100%| O|  |TAMS 0x0000000082400000| PB 0x0000000082300000| Untracked 
|  36|0x0000000082400000, 0x0000000082500000, 0x0000000082500000|100%| O|  |TAMS 0x0000000082500000| PB 0x0000000082400000| Untracked 
|  37|0x0000000082500000, 0x0000000082600000, 0x0000000082600000|100%|HS|  |TAMS 0x0000000082600000| PB 0x0000000082500000| Complete 
|  38|0x0000000082600000, 0x0000000082700000, 0x0000000082700000|100%| O|  |TAMS 0x0000000082700000| PB 0x0000000082600000| Untracked 
|  39|0x0000000082700000, 0x0000000082800000, 0x0000000082800000|100%| O|  |TAMS 0x0000000082800000| PB 0x0000000082700000| Untracked 
|  40|0x0000000082800000, 0x0000000082900000, 0x0000000082900000|100%| O|  |TAMS 0x0000000082900000| PB 0x0000000082800000| Untracked 
|  41|0x0000000082900000, 0x0000000082a00000, 0x0000000082a00000|100%| O|  |TAMS 0x0000000082a00000| PB 0x0000000082900000| Untracked 
|  42|0x0000000082a00000, 0x0000000082b00000, 0x0000000082b00000|100%| O|  |TAMS 0x0000000082b00000| PB 0x0000000082a00000| Untracked 
|  43|0x0000000082b00000, 0x0000000082c00000, 0x0000000082c00000|100%| O|  |TAMS 0x0000000082c00000| PB 0x0000000082b00000| Untracked 
|  44|0x0000000082c00000, 0x0000000082d00000, 0x0000000082d00000|100%| O|  |TAMS 0x0000000082d00000| PB 0x0000000082c00000| Untracked 
|  45|0x0000000082d00000, 0x0000000082e00000, 0x0000000082e00000|100%|HS|  |TAMS 0x0000000082e00000| PB 0x0000000082d00000| Complete 
|  46|0x0000000082e00000, 0x0000000082f00000, 0x0000000082f00000|100%| O|  |TAMS 0x0000000082f00000| PB 0x0000000082e00000| Untracked 
|  47|0x0000000082f00000, 0x0000000083000000, 0x0000000083000000|100%| O|  |TAMS 0x0000000083000000| PB 0x0000000082f00000| Untracked 
|  48|0x0000000083000000, 0x0000000083100000, 0x0000000083100000|100%| O|  |TAMS 0x0000000083100000| PB 0x0000000083000000| Untracked 
|  49|0x0000000083100000, 0x0000000083200000, 0x0000000083200000|100%| O|  |TAMS 0x0000000083200000| PB 0x0000000083100000| Untracked 
|  50|0x0000000083200000, 0x0000000083300000, 0x0000000083300000|100%| O|  |TAMS 0x0000000083300000| PB 0x0000000083200000| Untracked 
|  51|0x0000000083300000, 0x0000000083400000, 0x0000000083400000|100%| O|  |TAMS 0x0000000083400000| PB 0x0000000083300000| Untracked 
|  52|0x0000000083400000, 0x0000000083500000, 0x0000000083500000|100%| O|  |TAMS 0x0000000083500000| PB 0x0000000083400000| Untracked 
|  53|0x0000000083500000, 0x0000000083600000, 0x0000000083600000|100%| O|  |TAMS 0x0000000083600000| PB 0x0000000083500000| Untracked 
|  54|0x0000000083600000, 0x0000000083700000, 0x0000000083700000|100%| O|  |TAMS 0x0000000083700000| PB 0x0000000083600000| Untracked 
|  55|0x0000000083700000, 0x0000000083800000, 0x0000000083800000|100%| O|  |TAMS 0x0000000083800000| PB 0x0000000083700000| Untracked 
|  56|0x0000000083800000, 0x0000000083900000, 0x0000000083900000|100%| O|  |TAMS 0x0000000083900000| PB 0x0000000083800000| Untracked 
|  57|0x0000000083900000, 0x0000000083a00000, 0x0000000083a00000|100%| O|  |TAMS 0x0000000083a00000| PB 0x0000000083900000| Untracked 
|  58|0x0000000083a00000, 0x0000000083b00000, 0x0000000083b00000|100%| O|  |TAMS 0x0000000083b00000| PB 0x0000000083a00000| Untracked 
|  59|0x0000000083b00000, 0x0000000083c00000, 0x0000000083c00000|100%| O|  |TAMS 0x0000000083c00000| PB 0x0000000083b00000| Untracked 
|  60|0x0000000083c00000, 0x0000000083d00000, 0x0000000083d00000|100%| O|  |TAMS 0x0000000083d00000| PB 0x0000000083c00000| Untracked 
|  61|0x0000000083d00000, 0x0000000083e00000, 0x0000000083e00000|100%| O|  |TAMS 0x0000000083e00000| PB 0x0000000083d00000| Untracked 
|  62|0x0000000083e00000, 0x0000000083f00000, 0x0000000083f00000|100%| O|  |TAMS 0x0000000083f00000| PB 0x0000000083e00000| Untracked 
|  63|0x0000000083f00000, 0x0000000084000000, 0x0000000084000000|100%| O|  |TAMS 0x0000000084000000| PB 0x0000000083f00000| Untracked 
|  64|0x0000000084000000, 0x0000000084100000, 0x0000000084100000|100%| O|  |TAMS 0x0000000084100000| PB 0x0000000084000000| Untracked 
|  65|0x0000000084100000, 0x0000000084200000, 0x0000000084200000|100%| O|  |TAMS 0x0000000084200000| PB 0x0000000084100000| Untracked 
|  66|0x0000000084200000, 0x0000000084300000, 0x0000000084300000|100%| O|  |TAMS 0x0000000084300000| PB 0x0000000084200000| Untracked 
|  67|0x0000000084300000, 0x0000000084400000, 0x0000000084400000|100%| O|  |TAMS 0x0000000084400000| PB 0x0000000084300000| Untracked 
|  68|0x0000000084400000, 0x0000000084500000, 0x0000000084500000|100%| O|  |TAMS 0x0000000084500000| PB 0x0000000084400000| Untracked 
|  69|0x0000000084500000, 0x0000000084600000, 0x0000000084600000|100%| O|  |TAMS 0x0000000084600000| PB 0x0000000084500000| Untracked 
|  70|0x0000000084600000, 0x0000000084700000, 0x0000000084700000|100%| O|  |TAMS 0x0000000084700000| PB 0x0000000084600000| Untracked 
|  71|0x0000000084700000, 0x0000000084800000, 0x0000000084800000|100%| O|  |TAMS 0x0000000084800000| PB 0x0000000084700000| Untracked 
|  72|0x0000000084800000, 0x0000000084900000, 0x0000000084900000|100%| O|  |TAMS 0x0000000084900000| PB 0x0000000084800000| Untracked 
|  73|0x0000000084900000, 0x0000000084a00000, 0x0000000084a00000|100%|HS|  |TAMS 0x0000000084a00000| PB 0x0000000084900000| Complete 
|  74|0x0000000084a00000, 0x0000000084b00000, 0x0000000084b00000|100%| O|  |TAMS 0x0000000084b00000| PB 0x0000000084a00000| Untracked 
|  75|0x0000000084b00000, 0x0000000084c00000, 0x0000000084c00000|100%| O|  |TAMS 0x0000000084c00000| PB 0x0000000084b00000| Untracked 
|  76|0x0000000084c00000, 0x0000000084d00000, 0x0000000084d00000|100%| O|  |TAMS 0x0000000084d00000| PB 0x0000000084c00000| Untracked 
|  77|0x0000000084d00000, 0x0000000084e00000, 0x0000000084e00000|100%| O|  |TAMS 0x0000000084e00000| PB 0x0000000084d00000| Untracked 
|  78|0x0000000084e00000, 0x0000000084f00000, 0x0000000084f00000|100%| O|  |TAMS 0x0000000084f00000| PB 0x0000000084e00000| Untracked 
|  79|0x0000000084f00000, 0x0000000085000000, 0x0000000085000000|100%| O|  |TAMS 0x0000000085000000| PB 0x0000000084f00000| Untracked 
|  80|0x0000000085000000, 0x0000000085100000, 0x0000000085100000|100%| O|  |TAMS 0x0000000085100000| PB 0x0000000085000000| Untracked 
|  81|0x0000000085100000, 0x0000000085200000, 0x0000000085200000|100%| O|  |TAMS 0x0000000085200000| PB 0x0000000085100000| Untracked 
|  82|0x0000000085200000, 0x0000000085300000, 0x0000000085300000|100%| O|  |TAMS 0x0000000085300000| PB 0x0000000085200000| Untracked 
|  83|0x0000000085300000, 0x0000000085400000, 0x0000000085400000|100%| O|  |TAMS 0x0000000085400000| PB 0x0000000085300000| Untracked 
|  84|0x0000000085400000, 0x0000000085500000, 0x0000000085500000|100%| O|  |TAMS 0x0000000085500000| PB 0x0000000085400000| Untracked 
|  85|0x0000000085500000, 0x0000000085600000, 0x0000000085600000|100%| O|  |TAMS 0x0000000085600000| PB 0x0000000085500000| Untracked 
|  86|0x0000000085600000, 0x0000000085700000, 0x0000000085700000|100%|HS|  |TAMS 0x0000000085700000| PB 0x0000000085600000| Complete 
|  87|0x0000000085700000, 0x0000000085800000, 0x0000000085800000|100%| O|  |TAMS 0x0000000085800000| PB 0x0000000085700000| Untracked 
|  88|0x0000000085800000, 0x0000000085900000, 0x0000000085900000|100%| O|  |TAMS 0x0000000085900000| PB 0x0000000085800000| Untracked 
|  89|0x0000000085900000, 0x0000000085a00000, 0x0000000085a00000|100%| O|  |TAMS 0x0000000085a00000| PB 0x0000000085900000| Untracked 
|  90|0x0000000085a00000, 0x0000000085b00000, 0x0000000085b00000|100%| O|  |TAMS 0x0000000085b00000| PB 0x0000000085a00000| Untracked 
|  91|0x0000000085b00000, 0x0000000085c00000, 0x0000000085c00000|100%|HS|  |TAMS 0x0000000085c00000| PB 0x0000000085b00000| Complete 
|  92|0x0000000085c00000, 0x0000000085d00000, 0x0000000085d00000|100%| O|  |TAMS 0x0000000085d00000| PB 0x0000000085c00000| Untracked 
|  93|0x0000000085d00000, 0x0000000085e00000, 0x0000000085e00000|100%|HS|  |TAMS 0x0000000085e00000| PB 0x0000000085d00000| Complete 
|  94|0x0000000085e00000, 0x0000000085f00000, 0x0000000085f00000|100%|HC|  |TAMS 0x0000000085f00000| PB 0x0000000085e00000| Complete 
|  95|0x0000000085f00000, 0x0000000086000000, 0x0000000086000000|100%| O|  |TAMS 0x0000000086000000| PB 0x0000000085f00000| Untracked 
|  96|0x0000000086000000, 0x0000000086100000, 0x0000000086100000|100%|HS|  |TAMS 0x0000000086100000| PB 0x0000000086000000| Complete 
|  97|0x0000000086100000, 0x0000000086200000, 0x0000000086200000|100%|HS|  |TAMS 0x0000000086200000| PB 0x0000000086100000| Complete 
|  98|0x0000000086200000, 0x0000000086300000, 0x0000000086300000|100%| O|  |TAMS 0x0000000086300000| PB 0x0000000086200000| Untracked 
|  99|0x0000000086300000, 0x0000000086400000, 0x0000000086400000|100%| O|  |TAMS 0x0000000086400000| PB 0x0000000086300000| Untracked 
| 100|0x0000000086400000, 0x0000000086500000, 0x0000000086500000|100%| O|  |TAMS 0x0000000086500000| PB 0x0000000086400000| Untracked 
| 101|0x0000000086500000, 0x0000000086600000, 0x0000000086600000|100%| O|  |TAMS 0x0000000086600000| PB 0x0000000086500000| Untracked 
| 102|0x0000000086600000, 0x0000000086700000, 0x0000000086700000|100%|HS|  |TAMS 0x0000000086700000| PB 0x0000000086600000| Complete 
| 103|0x0000000086700000, 0x0000000086800000, 0x0000000086800000|100%| O|  |TAMS 0x0000000086800000| PB 0x0000000086700000| Untracked 
| 104|0x0000000086800000, 0x0000000086900000, 0x0000000086900000|100%| O|  |TAMS 0x0000000086900000| PB 0x0000000086800000| Untracked 
| 105|0x0000000086900000, 0x0000000086a00000, 0x0000000086a00000|100%| O|  |TAMS 0x0000000086a00000| PB 0x0000000086900000| Untracked 
| 106|0x0000000086a00000, 0x0000000086b00000, 0x0000000086b00000|100%| O|  |TAMS 0x0000000086b00000| PB 0x0000000086a00000| Untracked 
| 107|0x0000000086b00000, 0x0000000086c00000, 0x0000000086c00000|100%| O|  |TAMS 0x0000000086c00000| PB 0x0000000086b00000| Untracked 
| 108|0x0000000086c00000, 0x0000000086d00000, 0x0000000086d00000|100%| O|  |TAMS 0x0000000086d00000| PB 0x0000000086c00000| Untracked 
| 109|0x0000000086d00000, 0x0000000086e00000, 0x0000000086e00000|100%| O|  |TAMS 0x0000000086e00000| PB 0x0000000086d00000| Untracked 
| 110|0x0000000086e00000, 0x0000000086f00000, 0x0000000086f00000|100%| O|  |TAMS 0x0000000086f00000| PB 0x0000000086e00000| Untracked 
| 111|0x0000000086f00000, 0x0000000087000000, 0x0000000087000000|100%| O|  |TAMS 0x0000000087000000| PB 0x0000000086f00000| Untracked 
| 112|0x0000000087000000, 0x0000000087100000, 0x0000000087100000|100%| O|  |TAMS 0x0000000087100000| PB 0x0000000087000000| Untracked 
| 113|0x0000000087100000, 0x0000000087200000, 0x0000000087200000|100%| O|  |TAMS 0x0000000087200000| PB 0x0000000087100000| Untracked 
| 114|0x0000000087200000, 0x0000000087300000, 0x0000000087300000|100%| O|  |TAMS 0x0000000087300000| PB 0x0000000087200000| Untracked 
| 115|0x0000000087300000, 0x0000000087400000, 0x0000000087400000|100%| O|  |TAMS 0x0000000087400000| PB 0x0000000087300000| Untracked 
| 116|0x0000000087400000, 0x0000000087500000, 0x0000000087500000|100%| O|  |TAMS 0x0000000087500000| PB 0x0000000087400000| Untracked 
| 117|0x0000000087500000, 0x0000000087600000, 0x0000000087600000|100%| O|  |TAMS 0x0000000087600000| PB 0x0000000087500000| Untracked 
| 118|0x0000000087600000, 0x0000000087700000, 0x0000000087700000|100%| O|  |TAMS 0x0000000087700000| PB 0x0000000087600000| Untracked 
| 119|0x0000000087700000, 0x0000000087800000, 0x0000000087800000|100%| O|  |TAMS 0x0000000087800000| PB 0x0000000087700000| Untracked 
| 120|0x0000000087800000, 0x0000000087900000, 0x0000000087900000|100%| O|  |TAMS 0x0000000087900000| PB 0x0000000087800000| Untracked 
| 121|0x0000000087900000, 0x0000000087a00000, 0x0000000087a00000|100%| O|  |TAMS 0x0000000087a00000| PB 0x0000000087900000| Untracked 
| 122|0x0000000087a00000, 0x0000000087b00000, 0x0000000087b00000|100%| O|  |TAMS 0x0000000087b00000| PB 0x0000000087a00000| Untracked 
| 123|0x0000000087b00000, 0x0000000087c00000, 0x0000000087c00000|100%| O|  |TAMS 0x0000000087c00000| PB 0x0000000087b00000| Untracked 
| 124|0x0000000087c00000, 0x0000000087d00000, 0x0000000087d00000|100%| O|  |TAMS 0x0000000087d00000| PB 0x0000000087c00000| Untracked 
| 125|0x0000000087d00000, 0x0000000087d00000, 0x0000000087e00000|  0%| F|  |TAMS 0x0000000087d00000| PB 0x0000000087d00000| Untracked 
| 126|0x0000000087e00000, 0x0000000087f00000, 0x0000000087f00000|100%| O|  |TAMS 0x0000000087f00000| PB 0x0000000087e00000| Untracked 
| 127|0x0000000087f00000, 0x0000000088000000, 0x0000000088000000|100%| O|  |TAMS 0x0000000088000000| PB 0x0000000087f00000| Untracked 
| 128|0x0000000088000000, 0x0000000088100000, 0x0000000088100000|100%| O|  |TAMS 0x0000000088100000| PB 0x0000000088000000| Untracked 
| 129|0x0000000088100000, 0x0000000088200000, 0x0000000088200000|100%| O|  |TAMS 0x0000000088200000| PB 0x0000000088100000| Untracked 
| 130|0x0000000088200000, 0x0000000088300000, 0x0000000088300000|100%| O|  |TAMS 0x0000000088300000| PB 0x0000000088200000| Untracked 
| 131|0x0000000088300000, 0x0000000088400000, 0x0000000088400000|100%| O|  |TAMS 0x0000000088400000| PB 0x0000000088300000| Untracked 
| 132|0x0000000088400000, 0x0000000088500000, 0x0000000088500000|100%| O|  |TAMS 0x0000000088500000| PB 0x0000000088400000| Untracked 
| 133|0x0000000088500000, 0x0000000088600000, 0x0000000088600000|100%| O|  |TAMS 0x0000000088600000| PB 0x0000000088500000| Untracked 
| 134|0x0000000088600000, 0x0000000088700000, 0x0000000088700000|100%| O|  |TAMS 0x0000000088700000| PB 0x0000000088600000| Untracked 
| 135|0x0000000088700000, 0x0000000088800000, 0x0000000088800000|100%| O|  |TAMS 0x0000000088800000| PB 0x0000000088700000| Untracked 
| 136|0x0000000088800000, 0x0000000088900000, 0x0000000088900000|100%| O|  |TAMS 0x0000000088900000| PB 0x0000000088800000| Untracked 
| 137|0x0000000088900000, 0x0000000088a00000, 0x0000000088a00000|100%| O|  |TAMS 0x0000000088a00000| PB 0x0000000088900000| Untracked 
| 138|0x0000000088a00000, 0x0000000088b00000, 0x0000000088b00000|100%| O|  |TAMS 0x0000000088b00000| PB 0x0000000088a00000| Untracked 
| 139|0x0000000088b00000, 0x0000000088c00000, 0x0000000088c00000|100%| O|  |TAMS 0x0000000088c00000| PB 0x0000000088b00000| Untracked 
| 140|0x0000000088c00000, 0x0000000088c00000, 0x0000000088d00000|  0%| F|  |TAMS 0x0000000088c00000| PB 0x0000000088c00000| Untracked 
| 141|0x0000000088d00000, 0x0000000088e00000, 0x0000000088e00000|100%| O|  |TAMS 0x0000000088e00000| PB 0x0000000088d00000| Untracked 
| 142|0x0000000088e00000, 0x0000000088f00000, 0x0000000088f00000|100%| O|  |TAMS 0x0000000088f00000| PB 0x0000000088e00000| Untracked 
| 143|0x0000000088f00000, 0x0000000089000000, 0x0000000089000000|100%| O|  |TAMS 0x0000000089000000| PB 0x0000000088f00000| Untracked 
| 144|0x0000000089000000, 0x0000000089100000, 0x0000000089100000|100%| O|  |TAMS 0x0000000089100000| PB 0x0000000089000000| Untracked 
| 145|0x0000000089100000, 0x0000000089200000, 0x0000000089200000|100%| O|  |TAMS 0x0000000089200000| PB 0x0000000089100000| Untracked 
| 146|0x0000000089200000, 0x0000000089300000, 0x0000000089300000|100%| O|  |TAMS 0x0000000089300000| PB 0x0000000089200000| Untracked 
| 147|0x0000000089300000, 0x0000000089400000, 0x0000000089400000|100%| O|  |TAMS 0x0000000089400000| PB 0x0000000089300000| Untracked 
| 148|0x0000000089400000, 0x0000000089500000, 0x0000000089500000|100%| O|  |TAMS 0x0000000089500000| PB 0x0000000089400000| Untracked 
| 149|0x0000000089500000, 0x0000000089600000, 0x0000000089600000|100%| O|  |TAMS 0x0000000089600000| PB 0x0000000089500000| Untracked 
| 150|0x0000000089600000, 0x0000000089700000, 0x0000000089700000|100%| O|  |TAMS 0x0000000089700000| PB 0x0000000089600000| Untracked 
| 151|0x0000000089700000, 0x0000000089800000, 0x0000000089800000|100%| O|  |TAMS 0x0000000089800000| PB 0x0000000089700000| Untracked 
| 152|0x0000000089800000, 0x0000000089900000, 0x0000000089900000|100%| O|  |TAMS 0x0000000089900000| PB 0x0000000089800000| Untracked 
| 153|0x0000000089900000, 0x0000000089a00000, 0x0000000089a00000|100%| O|  |TAMS 0x0000000089a00000| PB 0x0000000089900000| Untracked 
| 154|0x0000000089a00000, 0x0000000089b00000, 0x0000000089b00000|100%| O|  |TAMS 0x0000000089b00000| PB 0x0000000089a00000| Untracked 
| 155|0x0000000089b00000, 0x0000000089c00000, 0x0000000089c00000|100%| O|  |TAMS 0x0000000089c00000| PB 0x0000000089b00000| Untracked 
| 156|0x0000000089c00000, 0x0000000089d00000, 0x0000000089d00000|100%| O|  |TAMS 0x0000000089d00000| PB 0x0000000089c00000| Untracked 
| 157|0x0000000089d00000, 0x0000000089e00000, 0x0000000089e00000|100%| O|  |TAMS 0x0000000089e00000| PB 0x0000000089d00000| Untracked 
| 158|0x0000000089e00000, 0x0000000089f00000, 0x0000000089f00000|100%| O|  |TAMS 0x0000000089f00000| PB 0x0000000089e00000| Untracked 
| 159|0x0000000089f00000, 0x000000008a000000, 0x000000008a000000|100%| O|  |TAMS 0x000000008a000000| PB 0x0000000089f00000| Untracked 
| 160|0x000000008a000000, 0x000000008a100000, 0x000000008a100000|100%| O|  |TAMS 0x000000008a100000| PB 0x000000008a000000| Untracked 
| 161|0x000000008a100000, 0x000000008a200000, 0x000000008a200000|100%| O|  |TAMS 0x000000008a200000| PB 0x000000008a100000| Untracked 
| 162|0x000000008a200000, 0x000000008a300000, 0x000000008a300000|100%| O|  |TAMS 0x000000008a300000| PB 0x000000008a200000| Untracked 
| 163|0x000000008a300000, 0x000000008a400000, 0x000000008a400000|100%| O|  |TAMS 0x000000008a400000| PB 0x000000008a300000| Untracked 
| 164|0x000000008a400000, 0x000000008a500000, 0x000000008a500000|100%| O|  |TAMS 0x000000008a500000| PB 0x000000008a400000| Untracked 
| 165|0x000000008a500000, 0x000000008a600000, 0x000000008a600000|100%| O|  |TAMS 0x000000008a600000| PB 0x000000008a500000| Untracked 
| 166|0x000000008a600000, 0x000000008a700000, 0x000000008a700000|100%| O|  |TAMS 0x000000008a700000| PB 0x000000008a600000| Untracked 
| 167|0x000000008a700000, 0x000000008a800000, 0x000000008a800000|100%| O|  |TAMS 0x000000008a800000| PB 0x000000008a700000| Untracked 
| 168|0x000000008a800000, 0x000000008a900000, 0x000000008a900000|100%| O|  |TAMS 0x000000008a900000| PB 0x000000008a800000| Untracked 
| 169|0x000000008a900000, 0x000000008aa00000, 0x000000008aa00000|100%| O|  |TAMS 0x000000008aa00000| PB 0x000000008a900000| Untracked 
| 170|0x000000008aa00000, 0x000000008ab00000, 0x000000008ab00000|100%| O|  |TAMS 0x000000008ab00000| PB 0x000000008aa00000| Untracked 
| 171|0x000000008ab00000, 0x000000008ac00000, 0x000000008ac00000|100%| O|  |TAMS 0x000000008ac00000| PB 0x000000008ab00000| Untracked 
| 172|0x000000008ac00000, 0x000000008ad00000, 0x000000008ad00000|100%| O|  |TAMS 0x000000008ad00000| PB 0x000000008ac00000| Untracked 
| 173|0x000000008ad00000, 0x000000008ae00000, 0x000000008ae00000|100%| O|  |TAMS 0x000000008ae00000| PB 0x000000008ad00000| Untracked 
| 174|0x000000008ae00000, 0x000000008af00000, 0x000000008af00000|100%| O|  |TAMS 0x000000008af00000| PB 0x000000008ae00000| Untracked 
| 175|0x000000008af00000, 0x000000008b000000, 0x000000008b000000|100%| O|  |TAMS 0x000000008b000000| PB 0x000000008af00000| Untracked 
| 176|0x000000008b000000, 0x000000008b100000, 0x000000008b100000|100%| O|  |TAMS 0x000000008b100000| PB 0x000000008b000000| Untracked 
| 177|0x000000008b100000, 0x000000008b200000, 0x000000008b200000|100%| O|  |TAMS 0x000000008b200000| PB 0x000000008b100000| Untracked 
| 178|0x000000008b200000, 0x000000008b300000, 0x000000008b300000|100%| O|  |TAMS 0x000000008b300000| PB 0x000000008b200000| Untracked 
| 179|0x000000008b300000, 0x000000008b400000, 0x000000008b400000|100%| O|  |TAMS 0x000000008b400000| PB 0x000000008b300000| Untracked 
| 180|0x000000008b400000, 0x000000008b500000, 0x000000008b500000|100%| O|  |TAMS 0x000000008b500000| PB 0x000000008b400000| Untracked 
| 181|0x000000008b500000, 0x000000008b600000, 0x000000008b600000|100%|HS|  |TAMS 0x000000008b600000| PB 0x000000008b500000| Complete 
| 182|0x000000008b600000, 0x000000008b700000, 0x000000008b700000|100%|HC|  |TAMS 0x000000008b700000| PB 0x000000008b600000| Complete 
| 183|0x000000008b700000, 0x000000008b800000, 0x000000008b800000|100%|HC|  |TAMS 0x000000008b800000| PB 0x000000008b700000| Complete 
| 184|0x000000008b800000, 0x000000008b900000, 0x000000008b900000|100%|HC|  |TAMS 0x000000008b900000| PB 0x000000008b800000| Complete 
| 185|0x000000008b900000, 0x000000008ba00000, 0x000000008ba00000|100%|HC|  |TAMS 0x000000008ba00000| PB 0x000000008b900000| Complete 
| 186|0x000000008ba00000, 0x000000008bb00000, 0x000000008bb00000|100%|HC|  |TAMS 0x000000008bb00000| PB 0x000000008ba00000| Complete 
| 187|0x000000008bb00000, 0x000000008bc00000, 0x000000008bc00000|100%|HC|  |TAMS 0x000000008bc00000| PB 0x000000008bb00000| Complete 
| 188|0x000000008bc00000, 0x000000008bc00000, 0x000000008bd00000|  0%| F|  |TAMS 0x000000008bc00000| PB 0x000000008bc00000| Untracked 
| 189|0x000000008bd00000, 0x000000008be00000, 0x000000008be00000|100%| O|  |TAMS 0x000000008be00000| PB 0x000000008bd00000| Untracked 
| 190|0x000000008be00000, 0x000000008bf00000, 0x000000008bf00000|100%| O|  |TAMS 0x000000008bf00000| PB 0x000000008be00000| Untracked 
| 191|0x000000008bf00000, 0x000000008bf00000, 0x000000008c000000|  0%| F|  |TAMS 0x000000008bf00000| PB 0x000000008bf00000| Untracked 
| 192|0x000000008c000000, 0x000000008c100000, 0x000000008c100000|100%| O|  |TAMS 0x000000008c100000| PB 0x000000008c000000| Untracked 
| 193|0x000000008c100000, 0x000000008c200000, 0x000000008c200000|100%| O|  |TAMS 0x000000008c200000| PB 0x000000008c100000| Untracked 
| 194|0x000000008c200000, 0x000000008c200000, 0x000000008c300000|  0%| F|  |TAMS 0x000000008c200000| PB 0x000000008c200000| Untracked 
| 195|0x000000008c300000, 0x000000008c400000, 0x000000008c400000|100%| O|  |TAMS 0x000000008c400000| PB 0x000000008c300000| Untracked 
| 196|0x000000008c400000, 0x000000008c500000, 0x000000008c500000|100%| O|  |TAMS 0x000000008c500000| PB 0x000000008c400000| Untracked 
| 197|0x000000008c500000, 0x000000008c600000, 0x000000008c600000|100%|HS|  |TAMS 0x000000008c600000| PB 0x000000008c500000| Complete 
| 198|0x000000008c600000, 0x000000008c700000, 0x000000008c700000|100%| O|  |TAMS 0x000000008c700000| PB 0x000000008c600000| Untracked 
| 199|0x000000008c700000, 0x000000008c800000, 0x000000008c800000|100%| O|  |TAMS 0x000000008c800000| PB 0x000000008c700000| Untracked 
| 200|0x000000008c800000, 0x000000008c800000, 0x000000008c900000|  0%| F|  |TAMS 0x000000008c800000| PB 0x000000008c800000| Untracked 
| 201|0x000000008c900000, 0x000000008ca00000, 0x000000008ca00000|100%| O|  |TAMS 0x000000008ca00000| PB 0x000000008c900000| Untracked 
| 202|0x000000008ca00000, 0x000000008cb00000, 0x000000008cb00000|100%| O|  |TAMS 0x000000008cb00000| PB 0x000000008ca00000| Untracked 
| 203|0x000000008cb00000, 0x000000008cc00000, 0x000000008cc00000|100%| O|  |TAMS 0x000000008cc00000| PB 0x000000008cb00000| Untracked 
| 204|0x000000008cc00000, 0x000000008cc00000, 0x000000008cd00000|  0%| F|  |TAMS 0x000000008cc00000| PB 0x000000008cc00000| Untracked 
| 205|0x000000008cd00000, 0x000000008ce00000, 0x000000008ce00000|100%| O|  |TAMS 0x000000008ce00000| PB 0x000000008cd00000| Untracked 
| 206|0x000000008ce00000, 0x000000008cf00000, 0x000000008cf00000|100%| O|  |TAMS 0x000000008cf00000| PB 0x000000008ce00000| Untracked 
| 207|0x000000008cf00000, 0x000000008d000000, 0x000000008d000000|100%| O|  |TAMS 0x000000008d000000| PB 0x000000008cf00000| Untracked 
| 208|0x000000008d000000, 0x000000008d100000, 0x000000008d100000|100%| O|  |TAMS 0x000000008d100000| PB 0x000000008d000000| Untracked 
| 209|0x000000008d100000, 0x000000008d200000, 0x000000008d200000|100%| O|  |TAMS 0x000000008d200000| PB 0x000000008d100000| Untracked 
| 210|0x000000008d200000, 0x000000008d300000, 0x000000008d300000|100%| O|  |TAMS 0x000000008d300000| PB 0x000000008d200000| Untracked 
| 211|0x000000008d300000, 0x000000008d400000, 0x000000008d400000|100%| O|  |TAMS 0x000000008d400000| PB 0x000000008d300000| Untracked 
| 212|0x000000008d400000, 0x000000008d500000, 0x000000008d500000|100%| O|  |TAMS 0x000000008d500000| PB 0x000000008d400000| Untracked 
| 213|0x000000008d500000, 0x000000008d600000, 0x000000008d600000|100%| O|  |TAMS 0x000000008d600000| PB 0x000000008d500000| Untracked 
| 214|0x000000008d600000, 0x000000008d700000, 0x000000008d700000|100%| O|  |TAMS 0x000000008d700000| PB 0x000000008d600000| Untracked 
| 215|0x000000008d700000, 0x000000008d800000, 0x000000008d800000|100%| O|  |TAMS 0x000000008d800000| PB 0x000000008d700000| Untracked 
| 216|0x000000008d800000, 0x000000008d900000, 0x000000008d900000|100%| O|  |TAMS 0x000000008d900000| PB 0x000000008d800000| Untracked 
| 217|0x000000008d900000, 0x000000008da00000, 0x000000008da00000|100%| O|  |TAMS 0x000000008da00000| PB 0x000000008d900000| Untracked 
| 218|0x000000008da00000, 0x000000008db00000, 0x000000008db00000|100%| O|  |TAMS 0x000000008db00000| PB 0x000000008da00000| Untracked 
| 219|0x000000008db00000, 0x000000008dc00000, 0x000000008dc00000|100%| O|  |TAMS 0x000000008dc00000| PB 0x000000008db00000| Untracked 
| 220|0x000000008dc00000, 0x000000008dd00000, 0x000000008dd00000|100%| O|  |TAMS 0x000000008dd00000| PB 0x000000008dc00000| Untracked 
| 221|0x000000008dd00000, 0x000000008de00000, 0x000000008de00000|100%| O|  |TAMS 0x000000008de00000| PB 0x000000008dd00000| Untracked 
| 222|0x000000008de00000, 0x000000008de00000, 0x000000008df00000|  0%| F|  |TAMS 0x000000008de00000| PB 0x000000008de00000| Untracked 
| 223|0x000000008df00000, 0x000000008e000000, 0x000000008e000000|100%| O|  |TAMS 0x000000008e000000| PB 0x000000008df00000| Untracked 
| 224|0x000000008e000000, 0x000000008e100000, 0x000000008e100000|100%| O|  |TAMS 0x000000008e100000| PB 0x000000008e000000| Untracked 
| 225|0x000000008e100000, 0x000000008e200000, 0x000000008e200000|100%| O|  |TAMS 0x000000008e200000| PB 0x000000008e100000| Untracked 
| 226|0x000000008e200000, 0x000000008e200000, 0x000000008e300000|  0%| F|  |TAMS 0x000000008e200000| PB 0x000000008e200000| Untracked 
| 227|0x000000008e300000, 0x000000008e400000, 0x000000008e400000|100%| O|  |TAMS 0x000000008e400000| PB 0x000000008e300000| Untracked 
| 228|0x000000008e400000, 0x000000008e500000, 0x000000008e500000|100%| O|  |TAMS 0x000000008e500000| PB 0x000000008e400000| Untracked 
| 229|0x000000008e500000, 0x000000008e500000, 0x000000008e600000|  0%| F|  |TAMS 0x000000008e500000| PB 0x000000008e500000| Untracked 
| 230|0x000000008e600000, 0x000000008e600000, 0x000000008e700000|  0%| F|  |TAMS 0x000000008e600000| PB 0x000000008e600000| Untracked 
| 231|0x000000008e700000, 0x000000008e800000, 0x000000008e800000|100%| O|  |TAMS 0x000000008e800000| PB 0x000000008e700000| Untracked 
| 232|0x000000008e800000, 0x000000008e900000, 0x000000008e900000|100%| O|  |TAMS 0x000000008e900000| PB 0x000000008e800000| Untracked 
| 233|0x000000008e900000, 0x000000008ea00000, 0x000000008ea00000|100%| O|  |TAMS 0x000000008ea00000| PB 0x000000008e900000| Untracked 
| 234|0x000000008ea00000, 0x000000008ea00000, 0x000000008eb00000|  0%| F|  |TAMS 0x000000008ea00000| PB 0x000000008ea00000| Untracked 
| 235|0x000000008eb00000, 0x000000008ec00000, 0x000000008ec00000|100%| O|  |TAMS 0x000000008ec00000| PB 0x000000008eb00000| Untracked 
| 236|0x000000008ec00000, 0x000000008ed00000, 0x000000008ed00000|100%| O|  |TAMS 0x000000008ed00000| PB 0x000000008ec00000| Untracked 
| 237|0x000000008ed00000, 0x000000008ee00000, 0x000000008ee00000|100%| O|  |TAMS 0x000000008ee00000| PB 0x000000008ed00000| Untracked 
| 238|0x000000008ee00000, 0x000000008ef00000, 0x000000008ef00000|100%| O|  |TAMS 0x000000008ef00000| PB 0x000000008ee00000| Untracked 
| 239|0x000000008ef00000, 0x000000008f000000, 0x000000008f000000|100%| O|  |TAMS 0x000000008f000000| PB 0x000000008ef00000| Untracked 
| 240|0x000000008f000000, 0x000000008f000000, 0x000000008f100000|  0%| F|  |TAMS 0x000000008f000000| PB 0x000000008f000000| Untracked 
| 241|0x000000008f100000, 0x000000008f200000, 0x000000008f200000|100%| O|  |TAMS 0x000000008f200000| PB 0x000000008f100000| Untracked 
| 242|0x000000008f200000, 0x000000008f300000, 0x000000008f300000|100%| O|  |TAMS 0x000000008f300000| PB 0x000000008f200000| Untracked 
| 243|0x000000008f300000, 0x000000008f400000, 0x000000008f400000|100%| O|  |TAMS 0x000000008f400000| PB 0x000000008f300000| Untracked 
| 244|0x000000008f400000, 0x000000008f500000, 0x000000008f500000|100%| O|  |TAMS 0x000000008f500000| PB 0x000000008f400000| Untracked 
| 245|0x000000008f500000, 0x000000008f600000, 0x000000008f600000|100%| O|  |TAMS 0x000000008f600000| PB 0x000000008f500000| Untracked 
| 246|0x000000008f600000, 0x000000008f700000, 0x000000008f700000|100%| O|  |TAMS 0x000000008f700000| PB 0x000000008f600000| Untracked 
| 247|0x000000008f700000, 0x000000008f800000, 0x000000008f800000|100%| O|  |TAMS 0x000000008f800000| PB 0x000000008f700000| Untracked 
| 248|0x000000008f800000, 0x000000008f900000, 0x000000008f900000|100%| O|  |TAMS 0x000000008f900000| PB 0x000000008f800000| Untracked 
| 249|0x000000008f900000, 0x000000008fa00000, 0x000000008fa00000|100%| O|  |TAMS 0x000000008fa00000| PB 0x000000008f900000| Untracked 
| 250|0x000000008fa00000, 0x000000008fb00000, 0x000000008fb00000|100%| O|  |TAMS 0x000000008fb00000| PB 0x000000008fa00000| Untracked 
| 251|0x000000008fb00000, 0x000000008fc00000, 0x000000008fc00000|100%| O|  |TAMS 0x000000008fc00000| PB 0x000000008fb00000| Untracked 
| 252|0x000000008fc00000, 0x000000008fd00000, 0x000000008fd00000|100%| O|  |TAMS 0x000000008fd00000| PB 0x000000008fc00000| Untracked 
| 253|0x000000008fd00000, 0x000000008fd00000, 0x000000008fe00000|  0%| F|  |TAMS 0x000000008fd00000| PB 0x000000008fd00000| Untracked 
| 254|0x000000008fe00000, 0x000000008ff00000, 0x000000008ff00000|100%| O|  |TAMS 0x000000008ff00000| PB 0x000000008fe00000| Untracked 
| 255|0x000000008ff00000, 0x000000008ff00000, 0x0000000090000000|  0%| F|  |TAMS 0x000000008ff00000| PB 0x000000008ff00000| Untracked 
| 256|0x0000000090000000, 0x0000000090100000, 0x0000000090100000|100%| O|  |TAMS 0x0000000090100000| PB 0x0000000090000000| Untracked 
| 257|0x0000000090100000, 0x0000000090200000, 0x0000000090200000|100%| O|  |TAMS 0x0000000090200000| PB 0x0000000090100000| Untracked 
| 258|0x0000000090200000, 0x0000000090300000, 0x0000000090300000|100%| O|  |TAMS 0x0000000090300000| PB 0x0000000090200000| Untracked 
| 259|0x0000000090300000, 0x0000000090400000, 0x0000000090400000|100%| O|  |TAMS 0x0000000090400000| PB 0x0000000090300000| Untracked 
| 260|0x0000000090400000, 0x0000000090500000, 0x0000000090500000|100%| O|  |TAMS 0x0000000090500000| PB 0x0000000090400000| Untracked 
| 261|0x0000000090500000, 0x0000000090600000, 0x0000000090600000|100%| O|  |TAMS 0x0000000090600000| PB 0x0000000090500000| Untracked 
| 262|0x0000000090600000, 0x0000000090700000, 0x0000000090700000|100%| O|  |TAMS 0x0000000090700000| PB 0x0000000090600000| Untracked 
| 263|0x0000000090700000, 0x0000000090800000, 0x0000000090800000|100%| O|  |TAMS 0x0000000090800000| PB 0x0000000090700000| Untracked 
| 264|0x0000000090800000, 0x0000000090900000, 0x0000000090900000|100%| O|  |TAMS 0x0000000090900000| PB 0x0000000090800000| Untracked 
| 265|0x0000000090900000, 0x0000000090a00000, 0x0000000090a00000|100%| O|  |TAMS 0x0000000090a00000| PB 0x0000000090900000| Untracked 
| 266|0x0000000090a00000, 0x0000000090b00000, 0x0000000090b00000|100%| O|  |TAMS 0x0000000090b00000| PB 0x0000000090a00000| Untracked 
| 267|0x0000000090b00000, 0x0000000090b00000, 0x0000000090c00000|  0%| F|  |TAMS 0x0000000090b00000| PB 0x0000000090b00000| Untracked 
| 268|0x0000000090c00000, 0x0000000090c00000, 0x0000000090d00000|  0%| F|  |TAMS 0x0000000090c00000| PB 0x0000000090c00000| Untracked 
| 269|0x0000000090d00000, 0x0000000090e00000, 0x0000000090e00000|100%| O|  |TAMS 0x0000000090e00000| PB 0x0000000090d00000| Untracked 
| 270|0x0000000090e00000, 0x0000000090e00000, 0x0000000090f00000|  0%| F|  |TAMS 0x0000000090e00000| PB 0x0000000090e00000| Untracked 
| 271|0x0000000090f00000, 0x0000000090f00000, 0x0000000091000000|  0%| F|  |TAMS 0x0000000090f00000| PB 0x0000000090f00000| Untracked 
| 272|0x0000000091000000, 0x000000009101fd90, 0x0000000091100000| 12%| S|CS|TAMS 0x0000000091000000| PB 0x0000000091000000| Complete 
| 273|0x0000000091100000, 0x0000000091200000, 0x0000000091200000|100%| O|  |TAMS 0x0000000091200000| PB 0x0000000091100000| Untracked 
| 274|0x0000000091200000, 0x0000000091300000, 0x0000000091300000|100%| O|  |TAMS 0x0000000091300000| PB 0x0000000091200000| Untracked 
| 275|0x0000000091300000, 0x0000000091400000, 0x0000000091400000|100%| O|  |TAMS 0x0000000091400000| PB 0x0000000091300000| Untracked 
| 276|0x0000000091400000, 0x0000000091500000, 0x0000000091500000|100%| S|CS|TAMS 0x0000000091400000| PB 0x0000000091400000| Complete 
| 277|0x0000000091500000, 0x0000000091600000, 0x0000000091600000|100%| S|CS|TAMS 0x0000000091500000| PB 0x0000000091500000| Complete 
| 278|0x0000000091600000, 0x0000000091600000, 0x0000000091700000|  0%| F|  |TAMS 0x0000000091600000| PB 0x0000000091600000| Untracked 
| 279|0x0000000091700000, 0x0000000091700000, 0x0000000091800000|  0%| F|  |TAMS 0x0000000091700000| PB 0x0000000091700000| Untracked 
| 280|0x0000000091800000, 0x0000000091800000, 0x0000000091900000|  0%| F|  |TAMS 0x0000000091800000| PB 0x0000000091800000| Untracked 
| 281|0x0000000091900000, 0x0000000091900000, 0x0000000091a00000|  0%| F|  |TAMS 0x0000000091900000| PB 0x0000000091900000| Untracked 
| 282|0x0000000091a00000, 0x0000000091a00000, 0x0000000091b00000|  0%| F|  |TAMS 0x0000000091a00000| PB 0x0000000091a00000| Untracked 
| 283|0x0000000091b00000, 0x0000000091b00000, 0x0000000091c00000|  0%| F|  |TAMS 0x0000000091b00000| PB 0x0000000091b00000| Untracked 
| 284|0x0000000091c00000, 0x0000000091c00000, 0x0000000091d00000|  0%| F|  |TAMS 0x0000000091c00000| PB 0x0000000091c00000| Untracked 
| 285|0x0000000091d00000, 0x0000000091d00000, 0x0000000091e00000|  0%| F|  |TAMS 0x0000000091d00000| PB 0x0000000091d00000| Untracked 
| 286|0x0000000091e00000, 0x0000000091f00000, 0x0000000091f00000|100%| O|  |TAMS 0x0000000091f00000| PB 0x0000000091e00000| Untracked 
| 287|0x0000000091f00000, 0x0000000092000000, 0x0000000092000000|100%| O|  |TAMS 0x0000000092000000| PB 0x0000000091f00000| Untracked 
| 288|0x0000000092000000, 0x0000000092000000, 0x0000000092100000|  0%| F|  |TAMS 0x0000000092000000| PB 0x0000000092000000| Untracked 
| 289|0x0000000092100000, 0x0000000092100000, 0x0000000092200000|  0%| F|  |TAMS 0x0000000092100000| PB 0x0000000092100000| Untracked 
| 290|0x0000000092200000, 0x0000000092300000, 0x0000000092300000|100%| S|CS|TAMS 0x0000000092200000| PB 0x0000000092200000| Complete 
| 291|0x0000000092300000, 0x0000000092400000, 0x0000000092400000|100%| S|CS|TAMS 0x0000000092300000| PB 0x0000000092300000| Complete 
| 292|0x0000000092400000, 0x0000000092500000, 0x0000000092500000|100%| S|CS|TAMS 0x0000000092400000| PB 0x0000000092400000| Complete 
| 293|0x0000000092500000, 0x0000000092600000, 0x0000000092600000|100%| S|CS|TAMS 0x0000000092500000| PB 0x0000000092500000| Complete 
| 294|0x0000000092600000, 0x0000000092700000, 0x0000000092700000|100%| S|CS|TAMS 0x0000000092600000| PB 0x0000000092600000| Complete 
| 295|0x0000000092700000, 0x0000000092800000, 0x0000000092800000|100%| S|CS|TAMS 0x0000000092700000| PB 0x0000000092700000| Complete 
| 296|0x0000000092800000, 0x0000000092900000, 0x0000000092900000|100%| O|  |TAMS 0x0000000092900000| PB 0x0000000092800000| Untracked 
| 297|0x0000000092900000, 0x0000000092a00000, 0x0000000092a00000|100%| O|  |TAMS 0x0000000092a00000| PB 0x0000000092900000| Untracked 
| 298|0x0000000092a00000, 0x0000000092b00000, 0x0000000092b00000|100%| O|  |TAMS 0x0000000092b00000| PB 0x0000000092a00000| Untracked 
| 299|0x0000000092b00000, 0x0000000092c00000, 0x0000000092c00000|100%| O|  |TAMS 0x0000000092c00000| PB 0x0000000092b00000| Untracked 
| 300|0x0000000092c00000, 0x0000000092d00000, 0x0000000092d00000|100%| O|  |TAMS 0x0000000092d00000| PB 0x0000000092c00000| Untracked 
| 301|0x0000000092d00000, 0x0000000092e00000, 0x0000000092e00000|100%| O|  |TAMS 0x0000000092e00000| PB 0x0000000092d00000| Untracked 
| 302|0x0000000092e00000, 0x0000000092f00000, 0x0000000092f00000|100%| S|CS|TAMS 0x0000000092e00000| PB 0x0000000092e00000| Complete 
| 303|0x0000000092f00000, 0x0000000093000000, 0x0000000093000000|100%| S|CS|TAMS 0x0000000092f00000| PB 0x0000000092f00000| Complete 
| 304|0x0000000093000000, 0x0000000093100000, 0x0000000093100000|100%| S|CS|TAMS 0x0000000093000000| PB 0x0000000093000000| Complete 
| 305|0x0000000093100000, 0x0000000093200000, 0x0000000093200000|100%| S|CS|TAMS 0x0000000093100000| PB 0x0000000093100000| Complete 
| 306|0x0000000093200000, 0x0000000093200000, 0x0000000093300000|  0%| F|  |TAMS 0x0000000093200000| PB 0x0000000093200000| Untracked 
| 307|0x0000000093300000, 0x0000000093300000, 0x0000000093400000|  0%| F|  |TAMS 0x0000000093300000| PB 0x0000000093300000| Untracked 
| 308|0x0000000093400000, 0x0000000093400000, 0x0000000093500000|  0%| F|  |TAMS 0x0000000093400000| PB 0x0000000093400000| Untracked 
| 309|0x0000000093500000, 0x0000000093500000, 0x0000000093600000|  0%| F|  |TAMS 0x0000000093500000| PB 0x0000000093500000| Untracked 
| 310|0x0000000093600000, 0x0000000093600000, 0x0000000093700000|  0%| F|  |TAMS 0x0000000093600000| PB 0x0000000093600000| Untracked 
| 311|0x0000000093700000, 0x0000000093700000, 0x0000000093800000|  0%| F|  |TAMS 0x0000000093700000| PB 0x0000000093700000| Untracked 
| 312|0x0000000093800000, 0x0000000093800000, 0x0000000093900000|  0%| F|  |TAMS 0x0000000093800000| PB 0x0000000093800000| Untracked 
| 313|0x0000000093900000, 0x0000000093900000, 0x0000000093a00000|  0%| F|  |TAMS 0x0000000093900000| PB 0x0000000093900000| Untracked 
| 314|0x0000000093a00000, 0x0000000093a00000, 0x0000000093b00000|  0%| F|  |TAMS 0x0000000093a00000| PB 0x0000000093a00000| Untracked 
| 315|0x0000000093b00000, 0x0000000093b00000, 0x0000000093c00000|  0%| F|  |TAMS 0x0000000093b00000| PB 0x0000000093b00000| Untracked 
| 316|0x0000000093c00000, 0x0000000093c00000, 0x0000000093d00000|  0%| F|  |TAMS 0x0000000093c00000| PB 0x0000000093c00000| Untracked 
| 317|0x0000000093d00000, 0x0000000093d00000, 0x0000000093e00000|  0%| F|  |TAMS 0x0000000093d00000| PB 0x0000000093d00000| Untracked 
| 318|0x0000000093e00000, 0x0000000093e00000, 0x0000000093f00000|  0%| F|  |TAMS 0x0000000093e00000| PB 0x0000000093e00000| Untracked 
| 319|0x0000000093f00000, 0x0000000093f00000, 0x0000000094000000|  0%| F|  |TAMS 0x0000000093f00000| PB 0x0000000093f00000| Untracked 
| 320|0x0000000094000000, 0x0000000094000000, 0x0000000094100000|  0%| F|  |TAMS 0x0000000094000000| PB 0x0000000094000000| Untracked 
| 321|0x0000000094100000, 0x0000000094100000, 0x0000000094200000|  0%| F|  |TAMS 0x0000000094100000| PB 0x0000000094100000| Untracked 
| 322|0x0000000094200000, 0x0000000094200000, 0x0000000094300000|  0%| F|  |TAMS 0x0000000094200000| PB 0x0000000094200000| Untracked 
| 323|0x0000000094300000, 0x0000000094300000, 0x0000000094400000|  0%| F|  |TAMS 0x0000000094300000| PB 0x0000000094300000| Untracked 
| 324|0x0000000094400000, 0x0000000094400000, 0x0000000094500000|  0%| F|  |TAMS 0x0000000094400000| PB 0x0000000094400000| Untracked 
| 325|0x0000000094500000, 0x0000000094500000, 0x0000000094600000|  0%| F|  |TAMS 0x0000000094500000| PB 0x0000000094500000| Untracked 
| 326|0x0000000094600000, 0x0000000094600000, 0x0000000094700000|  0%| F|  |TAMS 0x0000000094600000| PB 0x0000000094600000| Untracked 
| 327|0x0000000094700000, 0x0000000094700000, 0x0000000094800000|  0%| F|  |TAMS 0x0000000094700000| PB 0x0000000094700000| Untracked 
| 328|0x0000000094800000, 0x0000000094800000, 0x0000000094900000|  0%| F|  |TAMS 0x0000000094800000| PB 0x0000000094800000| Untracked 
| 329|0x0000000094900000, 0x0000000094900000, 0x0000000094a00000|  0%| F|  |TAMS 0x0000000094900000| PB 0x0000000094900000| Untracked 
| 330|0x0000000094a00000, 0x0000000094a00000, 0x0000000094b00000|  0%| F|  |TAMS 0x0000000094a00000| PB 0x0000000094a00000| Untracked 
| 331|0x0000000094b00000, 0x0000000094b00000, 0x0000000094c00000|  0%| F|  |TAMS 0x0000000094b00000| PB 0x0000000094b00000| Untracked 
| 332|0x0000000094c00000, 0x0000000094c00000, 0x0000000094d00000|  0%| F|  |TAMS 0x0000000094c00000| PB 0x0000000094c00000| Untracked 
| 333|0x0000000094d00000, 0x0000000094d00000, 0x0000000094e00000|  0%| F|  |TAMS 0x0000000094d00000| PB 0x0000000094d00000| Untracked 
| 334|0x0000000094e00000, 0x0000000094e00000, 0x0000000094f00000|  0%| F|  |TAMS 0x0000000094e00000| PB 0x0000000094e00000| Untracked 
| 335|0x0000000094f00000, 0x0000000094f00000, 0x0000000095000000|  0%| F|  |TAMS 0x0000000094f00000| PB 0x0000000094f00000| Untracked 
| 336|0x0000000095000000, 0x0000000095000000, 0x0000000095100000|  0%| F|  |TAMS 0x0000000095000000| PB 0x0000000095000000| Untracked 
| 337|0x0000000095100000, 0x0000000095100000, 0x0000000095200000|  0%| F|  |TAMS 0x0000000095100000| PB 0x0000000095100000| Untracked 
| 338|0x0000000095200000, 0x0000000095200000, 0x0000000095300000|  0%| F|  |TAMS 0x0000000095200000| PB 0x0000000095200000| Untracked 
| 339|0x0000000095300000, 0x0000000095300000, 0x0000000095400000|  0%| F|  |TAMS 0x0000000095300000| PB 0x0000000095300000| Untracked 
| 340|0x0000000095400000, 0x0000000095400000, 0x0000000095500000|  0%| F|  |TAMS 0x0000000095400000| PB 0x0000000095400000| Untracked 
| 341|0x0000000095500000, 0x0000000095500000, 0x0000000095600000|  0%| F|  |TAMS 0x0000000095500000| PB 0x0000000095500000| Untracked 
| 342|0x0000000095600000, 0x0000000095600000, 0x0000000095700000|  0%| F|  |TAMS 0x0000000095600000| PB 0x0000000095600000| Untracked 
| 343|0x0000000095700000, 0x0000000095700000, 0x0000000095800000|  0%| F|  |TAMS 0x0000000095700000| PB 0x0000000095700000| Untracked 
| 344|0x0000000095800000, 0x0000000095800000, 0x0000000095900000|  0%| F|  |TAMS 0x0000000095800000| PB 0x0000000095800000| Untracked 
| 345|0x0000000095900000, 0x0000000095900000, 0x0000000095a00000|  0%| F|  |TAMS 0x0000000095900000| PB 0x0000000095900000| Untracked 
| 346|0x0000000095a00000, 0x0000000095a00000, 0x0000000095b00000|  0%| F|  |TAMS 0x0000000095a00000| PB 0x0000000095a00000| Untracked 
| 347|0x0000000095b00000, 0x0000000095b00000, 0x0000000095c00000|  0%| F|  |TAMS 0x0000000095b00000| PB 0x0000000095b00000| Untracked 
| 348|0x0000000095c00000, 0x0000000095c00000, 0x0000000095d00000|  0%| F|  |TAMS 0x0000000095c00000| PB 0x0000000095c00000| Untracked 
| 349|0x0000000095d00000, 0x0000000095d00000, 0x0000000095e00000|  0%| F|  |TAMS 0x0000000095d00000| PB 0x0000000095d00000| Untracked 
| 350|0x0000000095e00000, 0x0000000095e00000, 0x0000000095f00000|  0%| F|  |TAMS 0x0000000095e00000| PB 0x0000000095e00000| Untracked 
| 351|0x0000000095f00000, 0x0000000095f00000, 0x0000000096000000|  0%| F|  |TAMS 0x0000000095f00000| PB 0x0000000095f00000| Untracked 
| 352|0x0000000096000000, 0x0000000096000000, 0x0000000096100000|  0%| F|  |TAMS 0x0000000096000000| PB 0x0000000096000000| Untracked 
| 353|0x0000000096100000, 0x0000000096100000, 0x0000000096200000|  0%| F|  |TAMS 0x0000000096100000| PB 0x0000000096100000| Untracked 
| 354|0x0000000096200000, 0x0000000096200000, 0x0000000096300000|  0%| F|  |TAMS 0x0000000096200000| PB 0x0000000096200000| Untracked 
| 355|0x0000000096300000, 0x0000000096300000, 0x0000000096400000|  0%| F|  |TAMS 0x0000000096300000| PB 0x0000000096300000| Untracked 
| 356|0x0000000096400000, 0x0000000096400000, 0x0000000096500000|  0%| F|  |TAMS 0x0000000096400000| PB 0x0000000096400000| Untracked 
| 357|0x0000000096500000, 0x0000000096500000, 0x0000000096600000|  0%| F|  |TAMS 0x0000000096500000| PB 0x0000000096500000| Untracked 
| 358|0x0000000096600000, 0x0000000096600000, 0x0000000096700000|  0%| F|  |TAMS 0x0000000096600000| PB 0x0000000096600000| Untracked 
| 359|0x0000000096700000, 0x0000000096700000, 0x0000000096800000|  0%| F|  |TAMS 0x0000000096700000| PB 0x0000000096700000| Untracked 
| 360|0x0000000096800000, 0x0000000096800000, 0x0000000096900000|  0%| F|  |TAMS 0x0000000096800000| PB 0x0000000096800000| Untracked 
| 361|0x0000000096900000, 0x0000000096900000, 0x0000000096a00000|  0%| F|  |TAMS 0x0000000096900000| PB 0x0000000096900000| Untracked 
| 362|0x0000000096a00000, 0x0000000096a00000, 0x0000000096b00000|  0%| F|  |TAMS 0x0000000096a00000| PB 0x0000000096a00000| Untracked 
| 363|0x0000000096b00000, 0x0000000096b00000, 0x0000000096c00000|  0%| F|  |TAMS 0x0000000096b00000| PB 0x0000000096b00000| Untracked 
| 364|0x0000000096c00000, 0x0000000096c00000, 0x0000000096d00000|  0%| F|  |TAMS 0x0000000096c00000| PB 0x0000000096c00000| Untracked 
| 365|0x0000000096d00000, 0x0000000096d00000, 0x0000000096e00000|  0%| F|  |TAMS 0x0000000096d00000| PB 0x0000000096d00000| Untracked 
| 366|0x0000000096e00000, 0x0000000096e00000, 0x0000000096f00000|  0%| F|  |TAMS 0x0000000096e00000| PB 0x0000000096e00000| Untracked 
| 367|0x0000000096f00000, 0x0000000096f00000, 0x0000000097000000|  0%| F|  |TAMS 0x0000000096f00000| PB 0x0000000096f00000| Untracked 
| 368|0x0000000097000000, 0x0000000097000000, 0x0000000097100000|  0%| F|  |TAMS 0x0000000097000000| PB 0x0000000097000000| Untracked 
| 369|0x0000000097100000, 0x0000000097100000, 0x0000000097200000|  0%| F|  |TAMS 0x0000000097100000| PB 0x0000000097100000| Untracked 
| 370|0x0000000097200000, 0x0000000097200000, 0x0000000097300000|  0%| F|  |TAMS 0x0000000097200000| PB 0x0000000097200000| Untracked 
| 371|0x0000000097300000, 0x0000000097300000, 0x0000000097400000|  0%| F|  |TAMS 0x0000000097300000| PB 0x0000000097300000| Untracked 
| 372|0x0000000097400000, 0x0000000097400000, 0x0000000097500000|  0%| F|  |TAMS 0x0000000097400000| PB 0x0000000097400000| Untracked 
| 373|0x0000000097500000, 0x0000000097500000, 0x0000000097600000|  0%| F|  |TAMS 0x0000000097500000| PB 0x0000000097500000| Untracked 
| 374|0x0000000097600000, 0x0000000097600000, 0x0000000097700000|  0%| F|  |TAMS 0x0000000097600000| PB 0x0000000097600000| Untracked 
| 375|0x0000000097700000, 0x0000000097700000, 0x0000000097800000|  0%| F|  |TAMS 0x0000000097700000| PB 0x0000000097700000| Untracked 
| 376|0x0000000097800000, 0x0000000097800000, 0x0000000097900000|  0%| F|  |TAMS 0x0000000097800000| PB 0x0000000097800000| Untracked 
| 377|0x0000000097900000, 0x0000000097900000, 0x0000000097a00000|  0%| F|  |TAMS 0x0000000097900000| PB 0x0000000097900000| Untracked 
| 378|0x0000000097a00000, 0x0000000097a00000, 0x0000000097b00000|  0%| F|  |TAMS 0x0000000097a00000| PB 0x0000000097a00000| Untracked 
| 379|0x0000000097b00000, 0x0000000097b00000, 0x0000000097c00000|  0%| F|  |TAMS 0x0000000097b00000| PB 0x0000000097b00000| Untracked 
| 380|0x0000000097c00000, 0x0000000097c00000, 0x0000000097d00000|  0%| F|  |TAMS 0x0000000097c00000| PB 0x0000000097c00000| Untracked 
| 381|0x0000000097d00000, 0x0000000097d00000, 0x0000000097e00000|  0%| F|  |TAMS 0x0000000097d00000| PB 0x0000000097d00000| Untracked 
| 382|0x0000000097e00000, 0x0000000097e00000, 0x0000000097f00000|  0%| F|  |TAMS 0x0000000097e00000| PB 0x0000000097e00000| Untracked 
| 383|0x0000000097f00000, 0x0000000097f00000, 0x0000000098000000|  0%| F|  |TAMS 0x0000000097f00000| PB 0x0000000097f00000| Untracked 
| 384|0x0000000098000000, 0x0000000098000000, 0x0000000098100000|  0%| F|  |TAMS 0x0000000098000000| PB 0x0000000098000000| Untracked 
| 385|0x0000000098100000, 0x0000000098100000, 0x0000000098200000|  0%| F|  |TAMS 0x0000000098100000| PB 0x0000000098100000| Untracked 
| 386|0x0000000098200000, 0x0000000098200000, 0x0000000098300000|  0%| F|  |TAMS 0x0000000098200000| PB 0x0000000098200000| Untracked 
| 387|0x0000000098300000, 0x0000000098300000, 0x0000000098400000|  0%| F|  |TAMS 0x0000000098300000| PB 0x0000000098300000| Untracked 
| 388|0x0000000098400000, 0x0000000098400000, 0x0000000098500000|  0%| F|  |TAMS 0x0000000098400000| PB 0x0000000098400000| Untracked 
| 389|0x0000000098500000, 0x0000000098500000, 0x0000000098600000|  0%| F|  |TAMS 0x0000000098500000| PB 0x0000000098500000| Untracked 
| 390|0x0000000098600000, 0x0000000098600000, 0x0000000098700000|  0%| F|  |TAMS 0x0000000098600000| PB 0x0000000098600000| Untracked 
| 391|0x0000000098700000, 0x0000000098700000, 0x0000000098800000|  0%| F|  |TAMS 0x0000000098700000| PB 0x0000000098700000| Untracked 
| 392|0x0000000098800000, 0x0000000098800000, 0x0000000098900000|  0%| F|  |TAMS 0x0000000098800000| PB 0x0000000098800000| Untracked 
| 393|0x0000000098900000, 0x0000000098900000, 0x0000000098a00000|  0%| F|  |TAMS 0x0000000098900000| PB 0x0000000098900000| Untracked 
| 394|0x0000000098a00000, 0x0000000098a00000, 0x0000000098b00000|  0%| F|  |TAMS 0x0000000098a00000| PB 0x0000000098a00000| Untracked 
| 395|0x0000000098b00000, 0x0000000098b00000, 0x0000000098c00000|  0%| F|  |TAMS 0x0000000098b00000| PB 0x0000000098b00000| Untracked 
| 396|0x0000000098c00000, 0x0000000098c00000, 0x0000000098d00000|  0%| F|  |TAMS 0x0000000098c00000| PB 0x0000000098c00000| Untracked 
| 397|0x0000000098d00000, 0x0000000098d00000, 0x0000000098e00000|  0%| F|  |TAMS 0x0000000098d00000| PB 0x0000000098d00000| Untracked 
| 398|0x0000000098e00000, 0x0000000098e00000, 0x0000000098f00000|  0%| F|  |TAMS 0x0000000098e00000| PB 0x0000000098e00000| Untracked 
| 399|0x0000000098f00000, 0x0000000098f00000, 0x0000000099000000|  0%| F|  |TAMS 0x0000000098f00000| PB 0x0000000098f00000| Untracked 
| 400|0x0000000099000000, 0x0000000099000000, 0x0000000099100000|  0%| F|  |TAMS 0x0000000099000000| PB 0x0000000099000000| Untracked 
| 401|0x0000000099100000, 0x0000000099100000, 0x0000000099200000|  0%| F|  |TAMS 0x0000000099100000| PB 0x0000000099100000| Untracked 
| 402|0x0000000099200000, 0x0000000099200000, 0x0000000099300000|  0%| F|  |TAMS 0x0000000099200000| PB 0x0000000099200000| Untracked 
| 403|0x0000000099300000, 0x0000000099300000, 0x0000000099400000|  0%| F|  |TAMS 0x0000000099300000| PB 0x0000000099300000| Untracked 
| 404|0x0000000099400000, 0x0000000099400000, 0x0000000099500000|  0%| F|  |TAMS 0x0000000099400000| PB 0x0000000099400000| Untracked 
| 405|0x0000000099500000, 0x0000000099500000, 0x0000000099600000|  0%| F|  |TAMS 0x0000000099500000| PB 0x0000000099500000| Untracked 
| 406|0x0000000099600000, 0x0000000099600000, 0x0000000099700000|  0%| F|  |TAMS 0x0000000099600000| PB 0x0000000099600000| Untracked 
| 407|0x0000000099700000, 0x0000000099700000, 0x0000000099800000|  0%| F|  |TAMS 0x0000000099700000| PB 0x0000000099700000| Untracked 
| 408|0x0000000099800000, 0x0000000099800000, 0x0000000099900000|  0%| F|  |TAMS 0x0000000099800000| PB 0x0000000099800000| Untracked 
| 409|0x0000000099900000, 0x0000000099900000, 0x0000000099a00000|  0%| F|  |TAMS 0x0000000099900000| PB 0x0000000099900000| Untracked 
| 410|0x0000000099a00000, 0x0000000099a00000, 0x0000000099b00000|  0%| F|  |TAMS 0x0000000099a00000| PB 0x0000000099a00000| Untracked 
| 411|0x0000000099b00000, 0x0000000099b00000, 0x0000000099c00000|  0%| F|  |TAMS 0x0000000099b00000| PB 0x0000000099b00000| Untracked 
| 412|0x0000000099c00000, 0x0000000099c00000, 0x0000000099d00000|  0%| F|  |TAMS 0x0000000099c00000| PB 0x0000000099c00000| Untracked 
| 413|0x0000000099d00000, 0x0000000099d00000, 0x0000000099e00000|  0%| F|  |TAMS 0x0000000099d00000| PB 0x0000000099d00000| Untracked 
| 414|0x0000000099e00000, 0x0000000099e00000, 0x0000000099f00000|  0%| F|  |TAMS 0x0000000099e00000| PB 0x0000000099e00000| Untracked 
| 415|0x0000000099f00000, 0x0000000099f00000, 0x000000009a000000|  0%| F|  |TAMS 0x0000000099f00000| PB 0x0000000099f00000| Untracked 
| 416|0x000000009a000000, 0x000000009a000000, 0x000000009a100000|  0%| F|  |TAMS 0x000000009a000000| PB 0x000000009a000000| Untracked 
| 417|0x000000009a100000, 0x000000009a100000, 0x000000009a200000|  0%| F|  |TAMS 0x000000009a100000| PB 0x000000009a100000| Untracked 
| 418|0x000000009a200000, 0x000000009a200000, 0x000000009a300000|  0%| F|  |TAMS 0x000000009a200000| PB 0x000000009a200000| Untracked 
| 419|0x000000009a300000, 0x000000009a300000, 0x000000009a400000|  0%| F|  |TAMS 0x000000009a300000| PB 0x000000009a300000| Untracked 
| 420|0x000000009a400000, 0x000000009a400000, 0x000000009a500000|  0%| F|  |TAMS 0x000000009a400000| PB 0x000000009a400000| Untracked 
| 421|0x000000009a500000, 0x000000009a500000, 0x000000009a600000|  0%| F|  |TAMS 0x000000009a500000| PB 0x000000009a500000| Untracked 
| 422|0x000000009a600000, 0x000000009a600000, 0x000000009a700000|  0%| F|  |TAMS 0x000000009a600000| PB 0x000000009a600000| Untracked 
| 423|0x000000009a700000, 0x000000009a700000, 0x000000009a800000|  0%| F|  |TAMS 0x000000009a700000| PB 0x000000009a700000| Untracked 
| 424|0x000000009a800000, 0x000000009a800000, 0x000000009a900000|  0%| F|  |TAMS 0x000000009a800000| PB 0x000000009a800000| Untracked 
| 425|0x000000009a900000, 0x000000009a900000, 0x000000009aa00000|  0%| F|  |TAMS 0x000000009a900000| PB 0x000000009a900000| Untracked 
| 426|0x000000009aa00000, 0x000000009aa00000, 0x000000009ab00000|  0%| F|  |TAMS 0x000000009aa00000| PB 0x000000009aa00000| Untracked 
| 427|0x000000009ab00000, 0x000000009ab00000, 0x000000009ac00000|  0%| F|  |TAMS 0x000000009ab00000| PB 0x000000009ab00000| Untracked 
| 428|0x000000009ac00000, 0x000000009ac00000, 0x000000009ad00000|  0%| F|  |TAMS 0x000000009ac00000| PB 0x000000009ac00000| Untracked 
| 429|0x000000009ad00000, 0x000000009ad00000, 0x000000009ae00000|  0%| F|  |TAMS 0x000000009ad00000| PB 0x000000009ad00000| Untracked 
| 430|0x000000009ae00000, 0x000000009ae00000, 0x000000009af00000|  0%| F|  |TAMS 0x000000009ae00000| PB 0x000000009ae00000| Untracked 
| 431|0x000000009af00000, 0x000000009af00000, 0x000000009b000000|  0%| F|  |TAMS 0x000000009af00000| PB 0x000000009af00000| Untracked 
| 432|0x000000009b000000, 0x000000009b000000, 0x000000009b100000|  0%| F|  |TAMS 0x000000009b000000| PB 0x000000009b000000| Untracked 
| 433|0x000000009b100000, 0x000000009b100000, 0x000000009b200000|  0%| F|  |TAMS 0x000000009b100000| PB 0x000000009b100000| Untracked 
| 434|0x000000009b200000, 0x000000009b200000, 0x000000009b300000|  0%| F|  |TAMS 0x000000009b200000| PB 0x000000009b200000| Untracked 
| 435|0x000000009b300000, 0x000000009b300000, 0x000000009b400000|  0%| F|  |TAMS 0x000000009b300000| PB 0x000000009b300000| Untracked 
| 436|0x000000009b400000, 0x000000009b400000, 0x000000009b500000|  0%| F|  |TAMS 0x000000009b400000| PB 0x000000009b400000| Untracked 
| 437|0x000000009b500000, 0x000000009b500000, 0x000000009b600000|  0%| F|  |TAMS 0x000000009b500000| PB 0x000000009b500000| Untracked 
| 438|0x000000009b600000, 0x000000009b600000, 0x000000009b700000|  0%| F|  |TAMS 0x000000009b600000| PB 0x000000009b600000| Untracked 
| 439|0x000000009b700000, 0x000000009b700000, 0x000000009b800000|  0%| F|  |TAMS 0x000000009b700000| PB 0x000000009b700000| Untracked 
| 440|0x000000009b800000, 0x000000009b800000, 0x000000009b900000|  0%| F|  |TAMS 0x000000009b800000| PB 0x000000009b800000| Untracked 
| 441|0x000000009b900000, 0x000000009b900000, 0x000000009ba00000|  0%| F|  |TAMS 0x000000009b900000| PB 0x000000009b900000| Untracked 
| 442|0x000000009ba00000, 0x000000009ba00000, 0x000000009bb00000|  0%| F|  |TAMS 0x000000009ba00000| PB 0x000000009ba00000| Untracked 
| 443|0x000000009bb00000, 0x000000009bb00000, 0x000000009bc00000|  0%| F|  |TAMS 0x000000009bb00000| PB 0x000000009bb00000| Untracked 
| 444|0x000000009bc00000, 0x000000009bc00000, 0x000000009bd00000|  0%| F|  |TAMS 0x000000009bc00000| PB 0x000000009bc00000| Untracked 
| 445|0x000000009bd00000, 0x000000009bd00000, 0x000000009be00000|  0%| F|  |TAMS 0x000000009bd00000| PB 0x000000009bd00000| Untracked 
| 446|0x000000009be00000, 0x000000009be00000, 0x000000009bf00000|  0%| F|  |TAMS 0x000000009be00000| PB 0x000000009be00000| Untracked 
| 447|0x000000009bf00000, 0x000000009bf00000, 0x000000009c000000|  0%| F|  |TAMS 0x000000009bf00000| PB 0x000000009bf00000| Untracked 
| 448|0x000000009c000000, 0x000000009c000000, 0x000000009c100000|  0%| F|  |TAMS 0x000000009c000000| PB 0x000000009c000000| Untracked 
| 449|0x000000009c100000, 0x000000009c100000, 0x000000009c200000|  0%| F|  |TAMS 0x000000009c100000| PB 0x000000009c100000| Untracked 
| 450|0x000000009c200000, 0x000000009c200000, 0x000000009c300000|  0%| F|  |TAMS 0x000000009c200000| PB 0x000000009c200000| Untracked 
| 451|0x000000009c300000, 0x000000009c300000, 0x000000009c400000|  0%| F|  |TAMS 0x000000009c300000| PB 0x000000009c300000| Untracked 
| 452|0x000000009c400000, 0x000000009c400000, 0x000000009c500000|  0%| F|  |TAMS 0x000000009c400000| PB 0x000000009c400000| Untracked 
| 453|0x000000009c500000, 0x000000009c500000, 0x000000009c600000|  0%| F|  |TAMS 0x000000009c500000| PB 0x000000009c500000| Untracked 
| 454|0x000000009c600000, 0x000000009c600000, 0x000000009c700000|  0%| F|  |TAMS 0x000000009c600000| PB 0x000000009c600000| Untracked 
| 455|0x000000009c700000, 0x000000009c700000, 0x000000009c800000|  0%| F|  |TAMS 0x000000009c700000| PB 0x000000009c700000| Untracked 
| 456|0x000000009c800000, 0x000000009c800000, 0x000000009c900000|  0%| F|  |TAMS 0x000000009c800000| PB 0x000000009c800000| Untracked 
| 457|0x000000009c900000, 0x000000009c900000, 0x000000009ca00000|  0%| F|  |TAMS 0x000000009c900000| PB 0x000000009c900000| Untracked 
| 458|0x000000009ca00000, 0x000000009ca00000, 0x000000009cb00000|  0%| F|  |TAMS 0x000000009ca00000| PB 0x000000009ca00000| Untracked 
| 459|0x000000009cb00000, 0x000000009cb00000, 0x000000009cc00000|  0%| F|  |TAMS 0x000000009cb00000| PB 0x000000009cb00000| Untracked 
| 460|0x000000009cc00000, 0x000000009cc00000, 0x000000009cd00000|  0%| F|  |TAMS 0x000000009cc00000| PB 0x000000009cc00000| Untracked 
| 461|0x000000009cd00000, 0x000000009cd00000, 0x000000009ce00000|  0%| F|  |TAMS 0x000000009cd00000| PB 0x000000009cd00000| Untracked 
| 462|0x000000009ce00000, 0x000000009ce00000, 0x000000009cf00000|  0%| F|  |TAMS 0x000000009ce00000| PB 0x000000009ce00000| Untracked 
| 463|0x000000009cf00000, 0x000000009cf00000, 0x000000009d000000|  0%| F|  |TAMS 0x000000009cf00000| PB 0x000000009cf00000| Untracked 
| 464|0x000000009d000000, 0x000000009d000000, 0x000000009d100000|  0%| F|  |TAMS 0x000000009d000000| PB 0x000000009d000000| Untracked 
| 465|0x000000009d100000, 0x000000009d100000, 0x000000009d200000|  0%| F|  |TAMS 0x000000009d100000| PB 0x000000009d100000| Untracked 
| 466|0x000000009d200000, 0x000000009d200000, 0x000000009d300000|  0%| F|  |TAMS 0x000000009d200000| PB 0x000000009d200000| Untracked 
| 467|0x000000009d300000, 0x000000009d300000, 0x000000009d400000|  0%| F|  |TAMS 0x000000009d300000| PB 0x000000009d300000| Untracked 
| 468|0x000000009d400000, 0x000000009d400000, 0x000000009d500000|  0%| F|  |TAMS 0x000000009d400000| PB 0x000000009d400000| Untracked 
| 469|0x000000009d500000, 0x000000009d500000, 0x000000009d600000|  0%| F|  |TAMS 0x000000009d500000| PB 0x000000009d500000| Untracked 
| 470|0x000000009d600000, 0x000000009d600000, 0x000000009d700000|  0%| F|  |TAMS 0x000000009d600000| PB 0x000000009d600000| Untracked 
| 471|0x000000009d700000, 0x000000009d700000, 0x000000009d800000|  0%| F|  |TAMS 0x000000009d700000| PB 0x000000009d700000| Untracked 
| 472|0x000000009d800000, 0x000000009d800000, 0x000000009d900000|  0%| F|  |TAMS 0x000000009d800000| PB 0x000000009d800000| Untracked 
| 473|0x000000009d900000, 0x000000009d900000, 0x000000009da00000|  0%| F|  |TAMS 0x000000009d900000| PB 0x000000009d900000| Untracked 
| 474|0x000000009da00000, 0x000000009da00000, 0x000000009db00000|  0%| F|  |TAMS 0x000000009da00000| PB 0x000000009da00000| Untracked 
| 475|0x000000009db00000, 0x000000009db00000, 0x000000009dc00000|  0%| F|  |TAMS 0x000000009db00000| PB 0x000000009db00000| Untracked 
| 476|0x000000009dc00000, 0x000000009dc00000, 0x000000009dd00000|  0%| F|  |TAMS 0x000000009dc00000| PB 0x000000009dc00000| Untracked 
| 477|0x000000009dd00000, 0x000000009dd00000, 0x000000009de00000|  0%| F|  |TAMS 0x000000009dd00000| PB 0x000000009dd00000| Untracked 
| 478|0x000000009de00000, 0x000000009de00000, 0x000000009df00000|  0%| F|  |TAMS 0x000000009de00000| PB 0x000000009de00000| Untracked 
| 479|0x000000009df00000, 0x000000009df00000, 0x000000009e000000|  0%| F|  |TAMS 0x000000009df00000| PB 0x000000009df00000| Untracked 
| 480|0x000000009e000000, 0x000000009e000000, 0x000000009e100000|  0%| F|  |TAMS 0x000000009e000000| PB 0x000000009e000000| Untracked 
| 481|0x000000009e100000, 0x000000009e100000, 0x000000009e200000|  0%| F|  |TAMS 0x000000009e100000| PB 0x000000009e100000| Untracked 
| 482|0x000000009e200000, 0x000000009e200000, 0x000000009e300000|  0%| F|  |TAMS 0x000000009e200000| PB 0x000000009e200000| Untracked 
| 483|0x000000009e300000, 0x000000009e300000, 0x000000009e400000|  0%| F|  |TAMS 0x000000009e300000| PB 0x000000009e300000| Untracked 
| 484|0x000000009e400000, 0x000000009e400000, 0x000000009e500000|  0%| F|  |TAMS 0x000000009e400000| PB 0x000000009e400000| Untracked 
| 485|0x000000009e500000, 0x000000009e500000, 0x000000009e600000|  0%| F|  |TAMS 0x000000009e500000| PB 0x000000009e500000| Untracked 
| 486|0x000000009e600000, 0x000000009e600000, 0x000000009e700000|  0%| F|  |TAMS 0x000000009e600000| PB 0x000000009e600000| Untracked 
| 487|0x000000009e700000, 0x000000009e700000, 0x000000009e800000|  0%| F|  |TAMS 0x000000009e700000| PB 0x000000009e700000| Untracked 
| 488|0x000000009e800000, 0x000000009e800000, 0x000000009e900000|  0%| F|  |TAMS 0x000000009e800000| PB 0x000000009e800000| Untracked 
| 489|0x000000009e900000, 0x000000009e900000, 0x000000009ea00000|  0%| F|  |TAMS 0x000000009e900000| PB 0x000000009e900000| Untracked 
| 490|0x000000009ea00000, 0x000000009ea00000, 0x000000009eb00000|  0%| F|  |TAMS 0x000000009ea00000| PB 0x000000009ea00000| Untracked 
| 491|0x000000009eb00000, 0x000000009eb00000, 0x000000009ec00000|  0%| F|  |TAMS 0x000000009eb00000| PB 0x000000009eb00000| Untracked 
| 492|0x000000009ec00000, 0x000000009ec00000, 0x000000009ed00000|  0%| F|  |TAMS 0x000000009ec00000| PB 0x000000009ec00000| Untracked 
| 493|0x000000009ed00000, 0x000000009ed00000, 0x000000009ee00000|  0%| F|  |TAMS 0x000000009ed00000| PB 0x000000009ed00000| Untracked 
| 494|0x000000009ee00000, 0x000000009ee00000, 0x000000009ef00000|  0%| F|  |TAMS 0x000000009ee00000| PB 0x000000009ee00000| Untracked 
| 495|0x000000009ef00000, 0x000000009ef00000, 0x000000009f000000|  0%| F|  |TAMS 0x000000009ef00000| PB 0x000000009ef00000| Untracked 
| 496|0x000000009f000000, 0x000000009f000000, 0x000000009f100000|  0%| F|  |TAMS 0x000000009f000000| PB 0x000000009f000000| Untracked 
| 497|0x000000009f100000, 0x000000009f100000, 0x000000009f200000|  0%| F|  |TAMS 0x000000009f100000| PB 0x000000009f100000| Untracked 
| 498|0x000000009f200000, 0x000000009f200000, 0x000000009f300000|  0%| F|  |TAMS 0x000000009f200000| PB 0x000000009f200000| Untracked 
| 499|0x000000009f300000, 0x000000009f300000, 0x000000009f400000|  0%| F|  |TAMS 0x000000009f300000| PB 0x000000009f300000| Untracked 
| 500|0x000000009f400000, 0x000000009f400000, 0x000000009f500000|  0%| F|  |TAMS 0x000000009f400000| PB 0x000000009f400000| Untracked 
| 501|0x000000009f500000, 0x000000009f500000, 0x000000009f600000|  0%| F|  |TAMS 0x000000009f500000| PB 0x000000009f500000| Untracked 
| 502|0x000000009f600000, 0x000000009f600000, 0x000000009f700000|  0%| F|  |TAMS 0x000000009f600000| PB 0x000000009f600000| Untracked 
| 503|0x000000009f700000, 0x000000009f700000, 0x000000009f800000|  0%| F|  |TAMS 0x000000009f700000| PB 0x000000009f700000| Untracked 
| 504|0x000000009f800000, 0x000000009f800000, 0x000000009f900000|  0%| F|  |TAMS 0x000000009f800000| PB 0x000000009f800000| Untracked 
| 505|0x000000009f900000, 0x000000009f900000, 0x000000009fa00000|  0%| F|  |TAMS 0x000000009f900000| PB 0x000000009f900000| Untracked 
| 506|0x000000009fa00000, 0x000000009fa00000, 0x000000009fb00000|  0%| F|  |TAMS 0x000000009fa00000| PB 0x000000009fa00000| Untracked 
| 507|0x000000009fb00000, 0x000000009fb00000, 0x000000009fc00000|  0%| F|  |TAMS 0x000000009fb00000| PB 0x000000009fb00000| Untracked 
| 508|0x000000009fc00000, 0x000000009fc00000, 0x000000009fd00000|  0%| F|  |TAMS 0x000000009fc00000| PB 0x000000009fc00000| Untracked 
| 509|0x000000009fd00000, 0x000000009fd00000, 0x000000009fe00000|  0%| F|  |TAMS 0x000000009fd00000| PB 0x000000009fd00000| Untracked 
| 510|0x000000009fe00000, 0x000000009fe00000, 0x000000009ff00000|  0%| F|  |TAMS 0x000000009fe00000| PB 0x000000009fe00000| Untracked 
| 511|0x000000009ff00000, 0x000000009ff00000, 0x00000000a0000000|  0%| F|  |TAMS 0x000000009ff00000| PB 0x000000009ff00000| Untracked 
| 512|0x00000000a0000000, 0x00000000a0000000, 0x00000000a0100000|  0%| F|  |TAMS 0x00000000a0000000| PB 0x00000000a0000000| Untracked 
| 513|0x00000000a0100000, 0x00000000a0100000, 0x00000000a0200000|  0%| F|  |TAMS 0x00000000a0100000| PB 0x00000000a0100000| Untracked 
| 514|0x00000000a0200000, 0x00000000a0200000, 0x00000000a0300000|  0%| F|  |TAMS 0x00000000a0200000| PB 0x00000000a0200000| Untracked 
| 515|0x00000000a0300000, 0x00000000a0300000, 0x00000000a0400000|  0%| F|  |TAMS 0x00000000a0300000| PB 0x00000000a0300000| Untracked 
| 516|0x00000000a0400000, 0x00000000a0400000, 0x00000000a0500000|  0%| F|  |TAMS 0x00000000a0400000| PB 0x00000000a0400000| Untracked 
| 517|0x00000000a0500000, 0x00000000a0500000, 0x00000000a0600000|  0%| F|  |TAMS 0x00000000a0500000| PB 0x00000000a0500000| Untracked 
| 518|0x00000000a0600000, 0x00000000a0600000, 0x00000000a0700000|  0%| F|  |TAMS 0x00000000a0600000| PB 0x00000000a0600000| Untracked 
| 519|0x00000000a0700000, 0x00000000a0700000, 0x00000000a0800000|  0%| F|  |TAMS 0x00000000a0700000| PB 0x00000000a0700000| Untracked 
| 520|0x00000000a0800000, 0x00000000a0800000, 0x00000000a0900000|  0%| F|  |TAMS 0x00000000a0800000| PB 0x00000000a0800000| Untracked 
| 521|0x00000000a0900000, 0x00000000a0900000, 0x00000000a0a00000|  0%| F|  |TAMS 0x00000000a0900000| PB 0x00000000a0900000| Untracked 
| 522|0x00000000a0a00000, 0x00000000a0a00000, 0x00000000a0b00000|  0%| F|  |TAMS 0x00000000a0a00000| PB 0x00000000a0a00000| Untracked 
| 523|0x00000000a0b00000, 0x00000000a0b00000, 0x00000000a0c00000|  0%| F|  |TAMS 0x00000000a0b00000| PB 0x00000000a0b00000| Untracked 
| 524|0x00000000a0c00000, 0x00000000a0c00000, 0x00000000a0d00000|  0%| F|  |TAMS 0x00000000a0c00000| PB 0x00000000a0c00000| Untracked 
| 525|0x00000000a0d00000, 0x00000000a0d00000, 0x00000000a0e00000|  0%| F|  |TAMS 0x00000000a0d00000| PB 0x00000000a0d00000| Untracked 
| 526|0x00000000a0e00000, 0x00000000a0e00000, 0x00000000a0f00000|  0%| F|  |TAMS 0x00000000a0e00000| PB 0x00000000a0e00000| Untracked 
| 527|0x00000000a0f00000, 0x00000000a0f00000, 0x00000000a1000000|  0%| F|  |TAMS 0x00000000a0f00000| PB 0x00000000a0f00000| Untracked 
| 528|0x00000000a1000000, 0x00000000a1000000, 0x00000000a1100000|  0%| F|  |TAMS 0x00000000a1000000| PB 0x00000000a1000000| Untracked 
| 529|0x00000000a1100000, 0x00000000a1100000, 0x00000000a1200000|  0%| F|  |TAMS 0x00000000a1100000| PB 0x00000000a1100000| Untracked 
| 530|0x00000000a1200000, 0x00000000a1200000, 0x00000000a1300000|  0%| F|  |TAMS 0x00000000a1200000| PB 0x00000000a1200000| Untracked 
| 531|0x00000000a1300000, 0x00000000a1300000, 0x00000000a1400000|  0%| F|  |TAMS 0x00000000a1300000| PB 0x00000000a1300000| Untracked 
| 532|0x00000000a1400000, 0x00000000a1400000, 0x00000000a1500000|  0%| F|  |TAMS 0x00000000a1400000| PB 0x00000000a1400000| Untracked 
| 533|0x00000000a1500000, 0x00000000a1500000, 0x00000000a1600000|  0%| F|  |TAMS 0x00000000a1500000| PB 0x00000000a1500000| Untracked 
| 534|0x00000000a1600000, 0x00000000a1600000, 0x00000000a1700000|  0%| F|  |TAMS 0x00000000a1600000| PB 0x00000000a1600000| Untracked 
| 535|0x00000000a1700000, 0x00000000a1700000, 0x00000000a1800000|  0%| F|  |TAMS 0x00000000a1700000| PB 0x00000000a1700000| Untracked 
| 536|0x00000000a1800000, 0x00000000a1800000, 0x00000000a1900000|  0%| F|  |TAMS 0x00000000a1800000| PB 0x00000000a1800000| Untracked 
| 537|0x00000000a1900000, 0x00000000a1900000, 0x00000000a1a00000|  0%| F|  |TAMS 0x00000000a1900000| PB 0x00000000a1900000| Untracked 
| 538|0x00000000a1a00000, 0x00000000a1a00000, 0x00000000a1b00000|  0%| F|  |TAMS 0x00000000a1a00000| PB 0x00000000a1a00000| Untracked 
| 539|0x00000000a1b00000, 0x00000000a1b00000, 0x00000000a1c00000|  0%| F|  |TAMS 0x00000000a1b00000| PB 0x00000000a1b00000| Untracked 
|1974|0x00000000fb600000, 0x00000000fb600000, 0x00000000fb700000|  0%| F|  |TAMS 0x00000000fb600000| PB 0x00000000fb600000| Untracked 
|1975|0x00000000fb700000, 0x00000000fb800000, 0x00000000fb800000|100%| O|  |TAMS 0x00000000fb800000| PB 0x00000000fb700000| Untracked 
|1976|0x00000000fb800000, 0x00000000fb800000, 0x00000000fb900000|  0%| F|  |TAMS 0x00000000fb800000| PB 0x00000000fb800000| Untracked 
|1977|0x00000000fb900000, 0x00000000fb900000, 0x00000000fba00000|  0%| F|  |TAMS 0x00000000fb900000| PB 0x00000000fb900000| Untracked 
|1978|0x00000000fba00000, 0x00000000fba00000, 0x00000000fbb00000|  0%| F|  |TAMS 0x00000000fba00000| PB 0x00000000fba00000| Untracked 
|1979|0x00000000fbb00000, 0x00000000fbc00000, 0x00000000fbc00000|100%| O|  |TAMS 0x00000000fbc00000| PB 0x00000000fbb00000| Untracked 
|1980|0x00000000fbc00000, 0x00000000fbd00000, 0x00000000fbd00000|100%| O|  |TAMS 0x00000000fbd00000| PB 0x00000000fbc00000| Untracked 
|1981|0x00000000fbd00000, 0x00000000fbd00000, 0x00000000fbe00000|  0%| F|  |TAMS 0x00000000fbd00000| PB 0x00000000fbd00000| Untracked 
|1982|0x00000000fbe00000, 0x00000000fbe00000, 0x00000000fbf00000|  0%| F|  |TAMS 0x00000000fbe00000| PB 0x00000000fbe00000| Untracked 
|1983|0x00000000fbf00000, 0x00000000fbf00000, 0x00000000fc000000|  0%| F|  |TAMS 0x00000000fbf00000| PB 0x00000000fbf00000| Untracked 
|1984|0x00000000fc000000, 0x00000000fc100000, 0x00000000fc100000|100%| O|  |TAMS 0x00000000fc100000| PB 0x00000000fc000000| Untracked 
|1985|0x00000000fc100000, 0x00000000fc100000, 0x00000000fc200000|  0%| F|  |TAMS 0x00000000fc100000| PB 0x00000000fc100000| Untracked 
|1986|0x00000000fc200000, 0x00000000fc200000, 0x00000000fc300000|  0%| F|  |TAMS 0x00000000fc200000| PB 0x00000000fc200000| Untracked 
|1987|0x00000000fc300000, 0x00000000fc300000, 0x00000000fc400000|  0%| F|  |TAMS 0x00000000fc300000| PB 0x00000000fc300000| Untracked 
|1988|0x00000000fc400000, 0x00000000fc400000, 0x00000000fc500000|  0%| F|  |TAMS 0x00000000fc400000| PB 0x00000000fc400000| Untracked 
|1989|0x00000000fc500000, 0x00000000fc600000, 0x00000000fc600000|100%| O|  |TAMS 0x00000000fc600000| PB 0x00000000fc500000| Untracked 
|1990|0x00000000fc600000, 0x00000000fc600000, 0x00000000fc700000|  0%| F|  |TAMS 0x00000000fc600000| PB 0x00000000fc600000| Untracked 
|1991|0x00000000fc700000, 0x00000000fc700000, 0x00000000fc800000|  0%| F|  |TAMS 0x00000000fc700000| PB 0x00000000fc700000| Untracked 
|1992|0x00000000fc800000, 0x00000000fc800000, 0x00000000fc900000|  0%| F|  |TAMS 0x00000000fc800000| PB 0x00000000fc800000| Untracked 
|1993|0x00000000fc900000, 0x00000000fc900000, 0x00000000fca00000|  0%| F|  |TAMS 0x00000000fc900000| PB 0x00000000fc900000| Untracked 
|1994|0x00000000fca00000, 0x00000000fca00000, 0x00000000fcb00000|  0%| F|  |TAMS 0x00000000fca00000| PB 0x00000000fca00000| Untracked 
|1995|0x00000000fcb00000, 0x00000000fcb00000, 0x00000000fcc00000|  0%| F|  |TAMS 0x00000000fcb00000| PB 0x00000000fcb00000| Untracked 
|1996|0x00000000fcc00000, 0x00000000fcc00000, 0x00000000fcd00000|  0%| F|  |TAMS 0x00000000fcc00000| PB 0x00000000fcc00000| Untracked 
|1997|0x00000000fcd00000, 0x00000000fcd00000, 0x00000000fce00000|  0%| F|  |TAMS 0x00000000fcd00000| PB 0x00000000fcd00000| Untracked 
|1998|0x00000000fce00000, 0x00000000fce00000, 0x00000000fcf00000|  0%| F|  |TAMS 0x00000000fce00000| PB 0x00000000fce00000| Untracked 
|1999|0x00000000fcf00000, 0x00000000fcf00000, 0x00000000fd000000|  0%| F|  |TAMS 0x00000000fcf00000| PB 0x00000000fcf00000| Untracked 
|2000|0x00000000fd000000, 0x00000000fd100000, 0x00000000fd100000|100%| O|  |TAMS 0x00000000fd100000| PB 0x00000000fd000000| Untracked 
|2001|0x00000000fd100000, 0x00000000fd100000, 0x00000000fd200000|  0%| F|  |TAMS 0x00000000fd100000| PB 0x00000000fd100000| Untracked 
|2002|0x00000000fd200000, 0x00000000fd200000, 0x00000000fd300000|  0%| F|  |TAMS 0x00000000fd200000| PB 0x00000000fd200000| Untracked 
|2003|0x00000000fd300000, 0x00000000fd300000, 0x00000000fd400000|  0%| F|  |TAMS 0x00000000fd300000| PB 0x00000000fd300000| Untracked 
|2004|0x00000000fd400000, 0x00000000fd400000, 0x00000000fd500000|  0%| F|  |TAMS 0x00000000fd400000| PB 0x00000000fd400000| Untracked 
|2005|0x00000000fd500000, 0x00000000fd600000, 0x00000000fd600000|100%| O|  |TAMS 0x00000000fd600000| PB 0x00000000fd500000| Untracked 
|2006|0x00000000fd600000, 0x00000000fd700000, 0x00000000fd700000|100%| O|  |TAMS 0x00000000fd700000| PB 0x00000000fd600000| Untracked 
|2007|0x00000000fd700000, 0x00000000fd800000, 0x00000000fd800000|100%| O|  |TAMS 0x00000000fd800000| PB 0x00000000fd700000| Untracked 
|2008|0x00000000fd800000, 0x00000000fd800000, 0x00000000fd900000|  0%| F|  |TAMS 0x00000000fd800000| PB 0x00000000fd800000| Untracked 
|2009|0x00000000fd900000, 0x00000000fda00000, 0x00000000fda00000|100%| O|  |TAMS 0x00000000fda00000| PB 0x00000000fd900000| Untracked 
|2010|0x00000000fda00000, 0x00000000fdb00000, 0x00000000fdb00000|100%| O|  |TAMS 0x00000000fdb00000| PB 0x00000000fda00000| Untracked 
|2011|0x00000000fdb00000, 0x00000000fdc00000, 0x00000000fdc00000|100%| O|  |TAMS 0x00000000fdc00000| PB 0x00000000fdb00000| Untracked 
|2012|0x00000000fdc00000, 0x00000000fdc00000, 0x00000000fdd00000|  0%| F|  |TAMS 0x00000000fdc00000| PB 0x00000000fdc00000| Untracked 
|2013|0x00000000fdd00000, 0x00000000fde00000, 0x00000000fde00000|100%| O|  |TAMS 0x00000000fde00000| PB 0x00000000fdd00000| Untracked 
|2014|0x00000000fde00000, 0x00000000fde00000, 0x00000000fdf00000|  0%| F|  |TAMS 0x00000000fde00000| PB 0x00000000fde00000| Untracked 
|2015|0x00000000fdf00000, 0x00000000fdf00000, 0x00000000fe000000|  0%| F|  |TAMS 0x00000000fdf00000| PB 0x00000000fdf00000| Untracked 
|2016|0x00000000fe000000, 0x00000000fe000000, 0x00000000fe100000|  0%| F|  |TAMS 0x00000000fe000000| PB 0x00000000fe000000| Untracked 
|2017|0x00000000fe100000, 0x00000000fe100000, 0x00000000fe200000|  0%| F|  |TAMS 0x00000000fe100000| PB 0x00000000fe100000| Untracked 
|2018|0x00000000fe200000, 0x00000000fe200000, 0x00000000fe300000|  0%| F|  |TAMS 0x00000000fe200000| PB 0x00000000fe200000| Untracked 
|2019|0x00000000fe300000, 0x00000000fe400000, 0x00000000fe400000|100%| O|  |TAMS 0x00000000fe400000| PB 0x00000000fe300000| Untracked 
|2020|0x00000000fe400000, 0x00000000fe500000, 0x00000000fe500000|100%| O|  |TAMS 0x00000000fe500000| PB 0x00000000fe400000| Untracked 
|2021|0x00000000fe500000, 0x00000000fe600000, 0x00000000fe600000|100%| O|  |TAMS 0x00000000fe600000| PB 0x00000000fe500000| Untracked 
|2022|0x00000000fe600000, 0x00000000fe700000, 0x00000000fe700000|100%| O|  |TAMS 0x00000000fe700000| PB 0x00000000fe600000| Untracked 
|2023|0x00000000fe700000, 0x00000000fe800000, 0x00000000fe800000|100%| O|  |TAMS 0x00000000fe800000| PB 0x00000000fe700000| Untracked 
|2024|0x00000000fe800000, 0x00000000fe900000, 0x00000000fe900000|100%| O|  |TAMS 0x00000000fe900000| PB 0x00000000fe800000| Untracked 
|2025|0x00000000fe900000, 0x00000000fea00000, 0x00000000fea00000|100%| O|  |TAMS 0x00000000fea00000| PB 0x00000000fe900000| Untracked 
|2026|0x00000000fea00000, 0x00000000feb00000, 0x00000000feb00000|100%| O|  |TAMS 0x00000000feb00000| PB 0x00000000fea00000| Untracked 
|2027|0x00000000feb00000, 0x00000000fec00000, 0x00000000fec00000|100%| O|  |TAMS 0x00000000fec00000| PB 0x00000000feb00000| Untracked 
|2028|0x00000000fec00000, 0x00000000fed00000, 0x00000000fed00000|100%| O|  |TAMS 0x00000000fed00000| PB 0x00000000fec00000| Untracked 
|2029|0x00000000fed00000, 0x00000000fee00000, 0x00000000fee00000|100%| O|  |TAMS 0x00000000fee00000| PB 0x00000000fed00000| Untracked 
|2030|0x00000000fee00000, 0x00000000fef00000, 0x00000000fef00000|100%| O|  |TAMS 0x00000000fef00000| PB 0x00000000fee00000| Untracked 
|2031|0x00000000fef00000, 0x00000000fef00000, 0x00000000ff000000|  0%| F|  |TAMS 0x00000000fef00000| PB 0x00000000fef00000| Untracked 
|2032|0x00000000ff000000, 0x00000000ff100000, 0x00000000ff100000|100%| O|  |TAMS 0x00000000ff100000| PB 0x00000000ff000000| Untracked 
|2033|0x00000000ff100000, 0x00000000ff200000, 0x00000000ff200000|100%| O|  |TAMS 0x00000000ff200000| PB 0x00000000ff100000| Untracked 
|2034|0x00000000ff200000, 0x00000000ff200000, 0x00000000ff300000|  0%| F|  |TAMS 0x00000000ff200000| PB 0x00000000ff200000| Untracked 
|2035|0x00000000ff300000, 0x00000000ff300000, 0x00000000ff400000|  0%| F|  |TAMS 0x00000000ff300000| PB 0x00000000ff300000| Untracked 
|2036|0x00000000ff400000, 0x00000000ff480000, 0x00000000ff500000| 50%| E|  |TAMS 0x00000000ff400000| PB 0x00000000ff400000| Complete 
|2037|0x00000000ff500000, 0x00000000ff600000, 0x00000000ff600000|100%| O|  |TAMS 0x00000000ff600000| PB 0x00000000ff500000| Untracked 
|2038|0x00000000ff600000, 0x00000000ff700000, 0x00000000ff700000|100%| O|  |TAMS 0x00000000ff700000| PB 0x00000000ff600000| Untracked 
|2039|0x00000000ff700000, 0x00000000ff800000, 0x00000000ff800000|100%| O|  |TAMS 0x00000000ff800000| PB 0x00000000ff700000| Untracked 
|2040|0x00000000ff800000, 0x00000000ff900000, 0x00000000ff900000|100%| O|  |TAMS 0x00000000ff900000| PB 0x00000000ff800000| Untracked 
|2041|0x00000000ff900000, 0x00000000ffa00000, 0x00000000ffa00000|100%| O|  |TAMS 0x00000000ffa00000| PB 0x00000000ff900000| Untracked 
|2042|0x00000000ffa00000, 0x00000000ffb00000, 0x00000000ffb00000|100%| O|  |TAMS 0x00000000ffb00000| PB 0x00000000ffa00000| Untracked 
|2043|0x00000000ffb00000, 0x00000000ffc00000, 0x00000000ffc00000|100%| O|  |TAMS 0x00000000ffc00000| PB 0x00000000ffb00000| Untracked 
|2044|0x00000000ffc00000, 0x00000000ffd00000, 0x00000000ffd00000|100%| O|  |TAMS 0x00000000ffd00000| PB 0x00000000ffc00000| Untracked 
|2045|0x00000000ffd00000, 0x00000000ffe00000, 0x00000000ffe00000|100%| O|  |TAMS 0x00000000ffe00000| PB 0x00000000ffd00000| Untracked 
|2046|0x00000000ffe00000, 0x00000000fff00000, 0x00000000fff00000|100%| O|  |TAMS 0x00000000fff00000| PB 0x00000000ffe00000| Untracked 
|2047|0x00000000fff00000, 0x0000000100000000, 0x0000000100000000|100%| O|  |TAMS 0x0000000100000000| PB 0x00000000fff00000| Untracked 

Card table byte_map: [0x00000299332a0000,0x00000299336a0000] _byte_map_base: 0x0000029932ea0000

Marking Bits: (CMBitMap*) 0x00000299205068e0
 Bits: [0x00000299336a0000, 0x00000299356a0000)

Polling page: 0x000002991e2d0000

Metaspace:

Usage:
  Non-class:    138.88 MB used.
      Class:     21.71 MB used.
       Both:    160.59 MB used.

Virtual space:
  Non-class space:      192.00 MB reserved,     139.94 MB ( 73%) committed,  3 nodes.
      Class space:        1.00 GB reserved,      22.75 MB (  2%) committed,  1 nodes.
             Both:        1.19 GB reserved,     162.69 MB ( 13%) committed. 

Chunk freelists:
   Non-Class:  4.03 MB
       Class:  9.19 MB
        Both:  13.21 MB

MaxMetaspaceSize: unlimited
CompressedClassSpaceSize: 1.00 GB
Initial GC threshold: 21.00 MB
Current GC threshold: 270.88 MB
CDS: off
 - commit_granule_bytes: 65536.
 - commit_granule_words: 8192.
 - virtual_space_node_default_size: 8388608.
 - enlarge_chunks_in_place: 1.
 - use_allocation_guard: 0.


Internal statistics:

num_allocs_failed_limit: 11.
num_arena_births: 4230.
num_arena_deaths: 50.
num_vsnodes_births: 4.
num_vsnodes_deaths: 0.
num_space_committed: 2604.
num_space_uncommitted: 2.
num_chunks_returned_to_freelist: 95.
num_chunks_taken_from_freelist: 10759.
num_chunk_merges: 37.
num_chunk_splits: 7284.
num_chunks_enlarged: 4989.
num_inconsistent_stats: 0.

CodeHeap 'non-profiled nmethods': size=119168Kb used=23119Kb max_used=27979Kb free=96049Kb
 bounds [0x000002992b1b0000, 0x000002992cd10000, 0x0000029932610000]
CodeHeap 'profiled nmethods': size=119104Kb used=28295Kb max_used=48115Kb free=90808Kb
 bounds [0x0000029923610000, 0x0000029926520000, 0x000002992aa60000]
CodeHeap 'non-nmethods': size=7488Kb used=3971Kb max_used=4656Kb free=3516Kb
 bounds [0x000002992aa60000, 0x000002992af00000, 0x000002992b1b0000]
CodeCache: size=245760Kb, used=55385Kb, max_used=80750Kb, free=190373Kb
 total_blobs=15766, nmethods=14660, adapters=1004, full_count=0
Compilation: enabled, stopped_count=0, restarted_count=0

Compilation events (20 events):
Event: 109.589 Thread 0x00000299387e3530 34608       3       com.android.tools.r8.internal.HP::a (20 bytes)
Event: 109.590 Thread 0x00000299387e3530 nmethod 34608 0x000002992374fa10 code [0x000002992374fca0, 0x00000299237508d0]
Event: 109.590 Thread 0x00000299387e3530 34609       3       com.android.tools.r8.internal.HP$$Lambda/0x00000001015b6568::<init> (15 bytes)
Event: 109.590 Thread 0x00000299387e3530 nmethod 34609 0x0000029923a0f690 code [0x0000029923a0f840, 0x0000029923a0fa60]
Event: 109.619 Thread 0x0000029943e474e0 34610       3       com.android.tools.r8.internal.Vi::equals (58 bytes)
Event: 109.620 Thread 0x0000029943e474e0 nmethod 34610 0x0000029924882e10 code [0x0000029924882fe0, 0x0000029924883390]
Event: 109.654 Thread 0x000002993d001540 34611       1       com.android.tools.r8.internal.io::a (5 bytes)
Event: 109.654 Thread 0x000002993d001540 nmethod 34611 0x000002992b610490 code [0x000002992b610620, 0x000002992b6106d0]
Event: 109.658 Thread 0x00000299415f6320 nmethod 34595% 0x000002992b9ea510 code [0x000002992b9eaca0, 0x000002992b9f0c20]
Event: 109.658 Thread 0x00000299415f6320 34603       4       com.android.tools.r8.internal.Bn::b (937 bytes)
Event: 109.683 Thread 0x0000029943e474e0 34614       3       com.android.tools.r8.internal.hk0::w (6 bytes)
Event: 109.683 Thread 0x0000029943e474e0 nmethod 34614 0x00000299244d8a10 code [0x00000299244d8ba0, 0x00000299244d8cb0]
Event: 109.695 Thread 0x0000029943e474e0 34615       3       java.util.LinkedList::add (32 bytes)
Event: 109.696 Thread 0x0000029943e474e0 nmethod 34615 0x0000029923a13110 code [0x0000029923a13320, 0x0000029923a13808]
Event: 109.720 Thread 0x000002993d001540 34616       3       com.android.tools.r8.synthesis.V::b (4 bytes)
Event: 109.720 Thread 0x000002993d001540 nmethod 34616 0x00000299244ec710 code [0x00000299244ec8a0, 0x00000299244ec9b8]
Event: 109.728 Thread 0x00000299387d6fd0 nmethod 34592% 0x000002992b79dd10 code [0x000002992b79ea00, 0x000002992b7a7998]
Event: 109.728 Thread 0x00000299387d6fd0 34613       4       com.android.tools.r8.internal.CQ::a (1862 bytes)
Event: 109.758 Thread 0x0000029943e474e0 34619       1       com.android.tools.r8.internal.kt0::H2 (3 bytes)
Event: 109.758 Thread 0x0000029943e474e0 nmethod 34619 0x000002992b629510 code [0x000002992b6296a0, 0x000002992b629768]

GC Heap History (20 events):
Event: 102.501 GC heap before
{Heap before GC invocations=119 (full 0):
 garbage-first heap   total 522240K, used 484406K [0x0000000080000000, 0x0000000100000000)
  region size 1024K, 178 young (182272K), 8 survivors (8192K)
 Metaspace       used 164167K, committed 166336K, reserved 1245184K
  class space    used 22222K, committed 23296K, reserved 1048576K
}
Event: 102.517 GC heap after
{Heap after GC invocations=120 (full 0):
 garbage-first heap   total 522240K, used 322653K [0x0000000080000000, 0x0000000100000000)
  region size 1024K, 18 young (18432K), 18 survivors (18432K)
 Metaspace       used 164167K, committed 166336K, reserved 1245184K
  class space    used 22222K, committed 23296K, reserved 1048576K
}
Event: 103.311 GC heap before
{Heap before GC invocations=120 (full 0):
 garbage-first heap   total 522240K, used 489565K [0x0000000080000000, 0x0000000100000000)
  region size 1024K, 180 young (184320K), 18 survivors (18432K)
 Metaspace       used 164254K, committed 166400K, reserved 1245184K
  class space    used 22227K, committed 23296K, reserved 1048576K
}
Event: 103.336 GC heap after
{Heap after GC invocations=121 (full 0):
 garbage-first heap   total 530432K, used 299091K [0x0000000080000000, 0x0000000100000000)
  region size 1024K, 12 young (12288K), 12 survivors (12288K)
 Metaspace       used 164254K, committed 166400K, reserved 1245184K
  class space    used 22227K, committed 23296K, reserved 1048576K
}
Event: 104.004 GC heap before
{Heap before GC invocations=121 (full 0):
 garbage-first heap   total 530432K, used 490579K [0x0000000080000000, 0x0000000100000000)
  region size 1024K, 200 young (204800K), 12 survivors (12288K)
 Metaspace       used 164270K, committed 166400K, reserved 1245184K
  class space    used 22227K, committed 23296K, reserved 1048576K
}
Event: 104.025 GC heap after
{Heap after GC invocations=122 (full 0):
 garbage-first heap   total 530432K, used 314304K [0x0000000080000000, 0x0000000100000000)
  region size 1024K, 25 young (25600K), 25 survivors (25600K)
 Metaspace       used 164270K, committed 166400K, reserved 1245184K
  class space    used 22227K, committed 23296K, reserved 1048576K
}
Event: 105.065 GC heap before
{Heap before GC invocations=123 (full 0):
 garbage-first heap   total 530432K, used 489408K [0x0000000080000000, 0x0000000100000000)
  region size 1024K, 196 young (200704K), 25 survivors (25600K)
 Metaspace       used 164302K, committed 166464K, reserved 1245184K
  class space    used 22227K, committed 23296K, reserved 1048576K
}
Event: 105.096 GC heap after
{Heap after GC invocations=124 (full 0):
 garbage-first heap   total 532480K, used 331033K [0x0000000080000000, 0x0000000100000000)
  region size 1024K, 19 young (19456K), 19 survivors (19456K)
 Metaspace       used 164302K, committed 166464K, reserved 1245184K
  class space    used 22227K, committed 23296K, reserved 1048576K
}
Event: 105.632 GC heap before
{Heap before GC invocations=124 (full 0):
 garbage-first heap   total 532480K, used 490777K [0x0000000080000000, 0x0000000100000000)
  region size 1024K, 174 young (178176K), 19 survivors (19456K)
 Metaspace       used 164316K, committed 166464K, reserved 1245184K
  class space    used 22228K, committed 23296K, reserved 1048576K
}
Event: 105.674 GC heap after
{Heap after GC invocations=125 (full 0):
 garbage-first heap   total 539648K, used 316352K [0x0000000080000000, 0x0000000100000000)
  region size 1024K, 10 young (10240K), 10 survivors (10240K)
 Metaspace       used 164316K, committed 166464K, reserved 1245184K
  class space    used 22228K, committed 23296K, reserved 1048576K
}
Event: 106.223 GC heap before
{Heap before GC invocations=125 (full 0):
 garbage-first heap   total 539648K, used 496576K [0x0000000080000000, 0x0000000100000000)
  region size 1024K, 187 young (191488K), 10 survivors (10240K)
 Metaspace       used 164338K, committed 166464K, reserved 1245184K
  class space    used 22228K, committed 23296K, reserved 1048576K
}
Event: 106.238 GC heap after
{Heap after GC invocations=126 (full 0):
 garbage-first heap   total 539648K, used 326402K [0x0000000080000000, 0x0000000100000000)
  region size 1024K, 20 young (20480K), 20 survivors (20480K)
 Metaspace       used 164338K, committed 166464K, reserved 1245184K
  class space    used 22228K, committed 23296K, reserved 1048576K
}
Event: 106.983 GC heap before
{Heap before GC invocations=127 (full 0):
 garbage-first heap   total 544768K, used 500482K [0x0000000080000000, 0x0000000100000000)
  region size 1024K, 190 young (194560K), 20 survivors (20480K)
 Metaspace       used 164354K, committed 166528K, reserved 1245184K
  class space    used 22229K, committed 23296K, reserved 1048576K
}
Event: 107.010 GC heap after
{Heap after GC invocations=128 (full 0):
 garbage-first heap   total 544768K, used 329982K [0x0000000080000000, 0x0000000100000000)
  region size 1024K, 15 young (15360K), 15 survivors (15360K)
 Metaspace       used 164354K, committed 166528K, reserved 1245184K
  class space    used 22229K, committed 23296K, reserved 1048576K
}
Event: 107.526 GC heap before
{Heap before GC invocations=128 (full 0):
 garbage-first heap   total 544768K, used 510206K [0x0000000080000000, 0x0000000100000000)
  region size 1024K, 191 young (195584K), 15 survivors (15360K)
 Metaspace       used 164374K, committed 166528K, reserved 1245184K
  class space    used 22232K, committed 23296K, reserved 1048576K
}
Event: 107.550 GC heap after
{Heap after GC invocations=129 (full 0):
 garbage-first heap   total 628736K, used 316566K [0x0000000080000000, 0x0000000100000000)
  region size 1024K, 8 young (8192K), 8 survivors (8192K)
 Metaspace       used 164374K, committed 166528K, reserved 1245184K
  class space    used 22232K, committed 23296K, reserved 1048576K
}
Event: 108.466 GC heap before
{Heap before GC invocations=129 (full 0):
 garbage-first heap   total 628736K, used 584854K [0x0000000080000000, 0x0000000100000000)
  region size 1024K, 269 young (275456K), 8 survivors (8192K)
 Metaspace       used 164406K, committed 166528K, reserved 1245184K
  class space    used 22232K, committed 23296K, reserved 1048576K
}
Event: 108.476 GC heap after
{Heap after GC invocations=130 (full 0):
 garbage-first heap   total 628736K, used 316577K [0x0000000080000000, 0x0000000100000000)
  region size 1024K, 8 young (8192K), 8 survivors (8192K)
 Metaspace       used 164406K, committed 166528K, reserved 1245184K
  class space    used 22232K, committed 23296K, reserved 1048576K
}
Event: 109.049 GC heap before
{Heap before GC invocations=130 (full 0):
 garbage-first heap   total 628736K, used 595105K [0x0000000080000000, 0x0000000100000000)
  region size 1024K, 280 young (286720K), 8 survivors (8192K)
 Metaspace       used 164426K, committed 166592K, reserved 1245184K
  class space    used 22234K, committed 23296K, reserved 1048576K
}
Event: 109.061 GC heap after
{Heap after GC invocations=131 (full 0):
 garbage-first heap   total 628736K, used 319200K [0x0000000080000000, 0x0000000100000000)
  region size 1024K, 10 young (10240K), 10 survivors (10240K)
 Metaspace       used 164426K, committed 166592K, reserved 1245184K
  class space    used 22234K, committed 23296K, reserved 1048576K
}

Dll operation events (3 events):
Event: 0.007 Loaded shared library C:\Program Files\Android\Android Studio\jbr\bin\java.dll
Event: 0.012 Loaded shared library C:\Program Files\Android\Android Studio\jbr\bin\zip.dll
Event: 0.418 Loaded shared library C:\Program Files\Android\Android Studio\jbr\bin\verify.dll

Deoptimization events (20 events):
Event: 109.494 Thread 0x0000029944a78500 Uncommon trap: trap_request=0xffffffad fr.pc=0x000002992b8e439c relative=0x00000000000003dc
Event: 109.494 Thread 0x0000029944a78500 Uncommon trap: reason=uninitialized action=reinterpret pc=0x000002992b8e439c method=com.android.tools.r8.ir.optimize.t0.a(Lcom/android/tools/r8/internal/aA;Lcom/android/tools/r8/utils/w;)V @ 124 c2
Event: 109.494 Thread 0x0000029944a78500 DEOPT PACKING pc=0x000002992b8e439c sp=0x000000b2303faaa0
Event: 109.494 Thread 0x0000029944a78500 DEOPT UNPACKING pc=0x000002992aab43a2 sp=0x000000b2303faa80 mode 2
Event: 109.496 Thread 0x0000029944a78500 Uncommon trap: trap_request=0xffffffde fr.pc=0x000002992c8c4854 relative=0x0000000000005bb4
Event: 109.496 Thread 0x0000029944a78500 Uncommon trap: reason=class_check action=maybe_recompile pc=0x000002992c8c4854 method=com.android.tools.r8.internal.Bn.b(Lcom/android/tools/r8/internal/aA;)Lcom/android/tools/r8/internal/Xd; @ 615 c2
Event: 109.496 Thread 0x0000029944a78500 DEOPT PACKING pc=0x000002992c8c4854 sp=0x000000b2303fab80
Event: 109.496 Thread 0x0000029944a78500 DEOPT UNPACKING pc=0x000002992aab43a2 sp=0x000000b2303fab58 mode 2
Event: 109.569 Thread 0x0000029944a749f0 DEOPT PACKING pc=0x000002992618b56d sp=0x000000b22eefa5d0
Event: 109.569 Thread 0x0000029944a749f0 DEOPT UNPACKING pc=0x000002992aab4b42 sp=0x000000b22eef9e30 mode 0
Event: 109.685 Thread 0x0000029944a749f0 DEOPT PACKING pc=0x0000029924e90d99 sp=0x000000b22eefab50
Event: 109.685 Thread 0x0000029944a749f0 DEOPT UNPACKING pc=0x000002992aab4b42 sp=0x000000b22eefa280 mode 0
Event: 109.685 Thread 0x0000029944a749f0 Uncommon trap: trap_request=0xffffff45 fr.pc=0x000002992c62bfe4 relative=0x0000000000007324
Event: 109.685 Thread 0x0000029944a749f0 Uncommon trap: reason=unstable_if action=reinterpret pc=0x000002992c62bfe4 method=com.android.tools.r8.internal.CQ.a(Lcom/android/tools/r8/internal/aA;Lcom/android/tools/r8/internal/cB;Ljava/util/ArrayList;Lcom/android/tools/r8/internal/ic0;Ljava/util/Ide
Event: 109.685 Thread 0x0000029944a749f0 DEOPT PACKING pc=0x000002992c62bfe4 sp=0x000000b22eefad80
Event: 109.685 Thread 0x0000029944a749f0 DEOPT UNPACKING pc=0x000002992aab43a2 sp=0x000000b22eefad88 mode 2
Event: 109.753 Thread 0x0000029944a749f0 DEOPT PACKING pc=0x00000299237f9a52 sp=0x000000b22eefa4e0
Event: 109.753 Thread 0x0000029944a749f0 DEOPT UNPACKING pc=0x000002992aab4b42 sp=0x000000b22eef9a18 mode 0
Event: 109.762 Thread 0x0000029944a7b2f0 DEOPT PACKING pc=0x000002992618b56d sp=0x000000b2301fa2c0
Event: 109.762 Thread 0x0000029944a7b2f0 DEOPT UNPACKING pc=0x000002992aab4b42 sp=0x000000b2301f9b20 mode 0

Classes loaded (20 events):
Event: 79.490 Loading class java/util/SortedSet$1
Event: 79.490 Loading class java/util/SortedSet$1 done
Event: 79.503 Loading class java/util/stream/SliceOps
Event: 79.524 Loading class java/util/stream/SliceOps done
Event: 79.524 Loading class java/util/stream/SliceOps$1
Event: 79.525 Loading class java/util/stream/SliceOps$1 done
Event: 79.541 Loading class java/util/IdentityHashMap$ValueIterator
Event: 79.541 Loading class java/util/IdentityHashMap$ValueIterator done
Event: 79.542 Loading class java/util/stream/SliceOps$1$1
Event: 79.543 Loading class java/util/stream/SliceOps$1$1 done
Event: 79.802 Loading class java/util/AbstractList$SubList
Event: 79.803 Loading class java/util/AbstractList$SubList done
Event: 79.803 Loading class java/util/AbstractList$SubList$1
Event: 79.803 Loading class java/util/AbstractList$SubList$1 done
Event: 87.000 Loading class java/nio/ShortBuffer
Event: 87.001 Loading class java/nio/ShortBuffer done
Event: 87.761 Loading class java/nio/ByteBufferAsShortBufferL
Event: 87.761 Loading class java/nio/ByteBufferAsShortBufferL done
Event: 88.125 Loading class java/util/zip/Adler32
Event: 88.125 Loading class java/util/zip/Adler32 done

Classes unloaded (20 events):
Event: 76.978 Thread 0x00000299387295f0 Unloading class 0x0000000101318328 'jdk/internal/jrtfs/JrtFileSystem'
Event: 76.978 Thread 0x00000299387295f0 Unloading class 0x0000000101318000 'jdk/internal/jrtfs/JrtFileSystemProvider'
Event: 84.052 Thread 0x00000299387295f0 Unloading class 0x0000000101480400 'java/lang/invoke/LambdaForm$DMH+0x0000000101480400'
Event: 84.052 Thread 0x00000299387295f0 Unloading class 0x0000000101480c00 'java/lang/invoke/LambdaForm$DMH+0x0000000101480c00'
Event: 84.052 Thread 0x00000299387295f0 Unloading class 0x0000000101480800 'java/lang/invoke/LambdaForm$DMH+0x0000000101480800'
Event: 84.052 Thread 0x00000299387295f0 Unloading class 0x000000010141c400 'java/lang/invoke/LambdaForm$DMH+0x000000010141c400'
Event: 93.630 Thread 0x00000299387295f0 Unloading class 0x0000000101590000 'java/lang/invoke/LambdaForm$DMH+0x0000000101590000'
Event: 93.630 Thread 0x00000299387295f0 Unloading class 0x00000001014fc800 'java/lang/invoke/LambdaForm$DMH+0x00000001014fc800'
Event: 93.630 Thread 0x00000299387295f0 Unloading class 0x00000001014fc400 'java/lang/invoke/LambdaForm$DMH+0x00000001014fc400'
Event: 93.630 Thread 0x00000299387295f0 Unloading class 0x00000001014f2000 'java/lang/invoke/LambdaForm$DMH+0x00000001014f2000'
Event: 93.630 Thread 0x00000299387295f0 Unloading class 0x00000001014f1800 'java/lang/invoke/LambdaForm$DMH+0x00000001014f1800'
Event: 93.630 Thread 0x00000299387295f0 Unloading class 0x00000001014f1400 'java/lang/invoke/LambdaForm$DMH+0x00000001014f1400'
Event: 93.630 Thread 0x00000299387295f0 Unloading class 0x00000001014f1c00 'java/lang/invoke/LambdaForm$DMH+0x00000001014f1c00'
Event: 93.630 Thread 0x00000299387295f0 Unloading class 0x00000001014f2c00 'java/lang/invoke/LambdaForm$DMH+0x00000001014f2c00'
Event: 93.630 Thread 0x00000299387295f0 Unloading class 0x00000001014f2800 'java/lang/invoke/LambdaForm$DMH+0x00000001014f2800'
Event: 93.630 Thread 0x00000299387295f0 Unloading class 0x00000001014fc000 'java/lang/invoke/LambdaForm$DMH+0x00000001014fc000'
Event: 93.630 Thread 0x00000299387295f0 Unloading class 0x00000001014f2400 'java/lang/invoke/LambdaForm$DMH+0x00000001014f2400'
Event: 93.630 Thread 0x00000299387295f0 Unloading class 0x00000001014f1000 'java/lang/invoke/LambdaForm$DMH+0x00000001014f1000'
Event: 93.630 Thread 0x00000299387295f0 Unloading class 0x00000001014f0400 'java/lang/invoke/LambdaForm$DMH+0x00000001014f0400'
Event: 93.630 Thread 0x00000299387295f0 Unloading class 0x00000001014f0800 'java/lang/invoke/LambdaForm$DMH+0x00000001014f0800'

Classes redefined (0 events):
No events

Internal exceptions (20 events):
Event: 103.124 Thread 0x0000029943fa4840 Exception <a 'sun/nio/fs/WindowsException'{0x0000000099288b08}> (0x0000000099288b08) 
thrown [s\src\hotspot\share\prims\jni.cpp, line 537]
Event: 103.138 Thread 0x0000029944a78b90 Exception <a 'sun/nio/fs/WindowsException'{0x0000000097306030}> (0x0000000097306030) 
thrown [s\src\hotspot\share\prims\jni.cpp, line 537]
Event: 103.141 Thread 0x0000029944a77e70 Exception <a 'sun/nio/fs/WindowsException'{0x0000000097263900}> (0x0000000097263900) 
thrown [s\src\hotspot\share\prims\jni.cpp, line 537]
Event: 103.141 Thread 0x0000029944a77e70 Exception <a 'sun/nio/fs/WindowsException'{0x0000000097264798}> (0x0000000097264798) 
thrown [s\src\hotspot\share\prims\jni.cpp, line 537]
Event: 103.141 Thread 0x0000029944a77e70 Exception <a 'sun/nio/fs/WindowsException'{0x0000000097265848}> (0x0000000097265848) 
thrown [s\src\hotspot\share\prims\jni.cpp, line 537]
Event: 103.142 Thread 0x0000029944a77e70 Exception <a 'sun/nio/fs/WindowsException'{0x0000000097266a48}> (0x0000000097266a48) 
thrown [s\src\hotspot\share\prims\jni.cpp, line 537]
Event: 103.159 Thread 0x0000029944a77e70 Exception <a 'sun/nio/fs/WindowsException'{0x000000009726dfb0}> (0x000000009726dfb0) 
thrown [s\src\hotspot\share\prims\jni.cpp, line 537]
Event: 103.159 Thread 0x0000029944a77e70 Exception <a 'sun/nio/fs/WindowsException'{0x000000009726eeb0}> (0x000000009726eeb0) 
thrown [s\src\hotspot\share\prims\jni.cpp, line 537]
Event: 103.165 Thread 0x0000029944a701c0 Exception <a 'sun/nio/fs/WindowsException'{0x00000000975ca3e8}> (0x00000000975ca3e8) 
thrown [s\src\hotspot\share\prims\jni.cpp, line 537]
Event: 103.186 Thread 0x0000029944a78b90 Exception <a 'sun/nio/fs/WindowsException'{0x0000000097320108}> (0x0000000097320108) 
thrown [s\src\hotspot\share\prims\jni.cpp, line 537]
Event: 103.193 Thread 0x0000029944a701c0 Exception <a 'sun/nio/fs/WindowsException'{0x00000000975e4190}> (0x00000000975e4190) 
thrown [s\src\hotspot\share\prims\jni.cpp, line 537]
Event: 103.267 Thread 0x0000029944a77e70 Exception <a 'sun/nio/fs/WindowsException'{0x00000000943b86b8}> (0x00000000943b86b8) 
thrown [s\src\hotspot\share\prims\jni.cpp, line 537]
Event: 103.284 Thread 0x0000029944a77e70 Exception <a 'sun/nio/fs/WindowsException'{0x00000000943d2508}> (0x00000000943d2508) 
thrown [s\src\hotspot\share\prims\jni.cpp, line 537]
Event: 103.546 Thread 0x0000029944a76430 Exception <a 'sun/nio/fs/WindowsException'{0x00000000996ddc88}> (0x00000000996ddc88) 
thrown [s\src\hotspot\share\prims\jni.cpp, line 537]
Event: 103.591 Thread 0x0000029944a76430 Exception <a 'sun/nio/fs/WindowsException'{0x00000000996f8150}> (0x00000000996f8150) 
thrown [s\src\hotspot\share\prims\jni.cpp, line 537]
Event: 105.311 Thread 0x0000029944a76ac0 Exception <a 'sun/nio/fs/WindowsException'{0x000000009a141c68}> (0x000000009a141c68) 
thrown [s\src\hotspot\share\prims\jni.cpp, line 537]
Event: 105.392 Thread 0x0000029944a76ac0 Exception <a 'sun/nio/fs/WindowsException'{0x000000009a15c1d8}> (0x000000009a15c1d8) 
thrown [s\src\hotspot\share\prims\jni.cpp, line 537]
Event: 108.360 Thread 0x0000029944a79220 Exception <a 'sun/nio/fs/WindowsException'{0x00000000977f91a0}> (0x00000000977f91a0) 
thrown [s\src\hotspot\share\prims\jni.cpp, line 537]
Event: 108.398 Thread 0x0000029944a79220 Exception <a 'sun/nio/fs/WindowsException'{0x0000000096413ea8}> (0x0000000096413ea8) 
thrown [s\src\hotspot\share\prims\jni.cpp, line 537]
Event: 109.065 Thread 0x0000029944a749f0 Implicit null exception at 0x000002992c8ed047 to 0x000002992c8eda64

ZGC Phase Switch (0 events):
No events

VM Operations (20 events):
Event: 105.630 Executing safepoint VM operation: G1CollectForAllocation (G1 Evacuation Pause)
Event: 105.674 Executing safepoint VM operation: G1CollectForAllocation (G1 Evacuation Pause) done
Event: 106.222 Executing safepoint VM operation: G1CollectForAllocation (G1 Evacuation Pause)
Event: 106.238 Executing safepoint VM operation: G1CollectForAllocation (G1 Evacuation Pause) done
Event: 106.431 Executing safepoint VM operation: G1PauseRemark
Event: 106.460 Executing safepoint VM operation: G1PauseRemark done
Event: 106.549 Executing safepoint VM operation: G1PauseCleanup
Event: 106.550 Executing safepoint VM operation: G1PauseCleanup done
Event: 106.976 Executing safepoint VM operation: G1CollectForAllocation (G1 Evacuation Pause)
Event: 107.010 Executing safepoint VM operation: G1CollectForAllocation (G1 Evacuation Pause) done
Event: 107.525 Executing safepoint VM operation: G1CollectForAllocation (G1 Evacuation Pause)
Event: 107.550 Executing safepoint VM operation: G1CollectForAllocation (G1 Evacuation Pause) done
Event: 108.466 Executing safepoint VM operation: G1CollectForAllocation (G1 Evacuation Pause)
Event: 108.476 Executing safepoint VM operation: G1CollectForAllocation (G1 Evacuation Pause) done
Event: 108.977 Executing non-safepoint VM operation: HandshakeAllThreads (Deoptimize)
Event: 108.990 Executing non-safepoint VM operation: HandshakeAllThreads (Deoptimize) done
Event: 108.998 Executing non-safepoint VM operation: HandshakeAllThreads (Deoptimize)
Event: 109.012 Executing non-safepoint VM operation: HandshakeAllThreads (Deoptimize) done
Event: 109.049 Executing safepoint VM operation: G1CollectForAllocation (G1 Evacuation Pause)
Event: 109.062 Executing safepoint VM operation: G1CollectForAllocation (G1 Evacuation Pause) done

Memory protections (0 events):
No events

Nmethod flushes (20 events):
Event: 106.459 Thread 0x00000299387295f0 flushing  nmethod 0x0000029925fdac10
Event: 106.459 Thread 0x00000299387295f0 flushing  nmethod 0x000002992603af90
Event: 106.459 Thread 0x00000299387295f0 flushing  nmethod 0x0000029926043010
Event: 106.459 Thread 0x00000299387295f0 flushing  nmethod 0x000002992608ec90
Event: 106.459 Thread 0x00000299387295f0 flushing  nmethod 0x0000029926090490
Event: 106.459 Thread 0x00000299387295f0 flushing  nmethod 0x00000299260c5910
Event: 106.459 Thread 0x00000299387295f0 flushing  nmethod 0x0000029926202810
Event: 106.459 Thread 0x00000299387295f0 flushing  nmethod 0x0000029926211090
Event: 106.459 Thread 0x00000299387295f0 flushing  nmethod 0x0000029926247210
Event: 106.459 Thread 0x00000299387295f0 flushing  nmethod 0x0000029926249f10
Event: 106.459 Thread 0x00000299387295f0 flushing  nmethod 0x000002992624c790
Event: 106.459 Thread 0x00000299387295f0 flushing  nmethod 0x0000029926289890
Event: 106.459 Thread 0x00000299387295f0 flushing  nmethod 0x00000299261e8310
Event: 106.459 Thread 0x00000299387295f0 flushing  nmethod 0x00000299261f2690
Event: 106.459 Thread 0x00000299387295f0 flushing  nmethod 0x000002992622da90
Event: 106.459 Thread 0x00000299387295f0 flushing  nmethod 0x00000299263fc890
Event: 106.459 Thread 0x00000299387295f0 flushing  nmethod 0x0000029926403690
Event: 106.459 Thread 0x00000299387295f0 flushing  nmethod 0x00000299264ace10
Event: 106.459 Thread 0x00000299387295f0 flushing  nmethod 0x00000299264ae590
Event: 106.459 Thread 0x00000299387295f0 flushing  nmethod 0x00000299264b8310

Events (20 events):
Event: 77.730 Thread 0x000002993d001540 Thread added: 0x000002993e9e76f0
Event: 78.290 Thread 0x000002993e9e6950 Thread added: 0x0000029943e46740
Event: 91.563 Thread 0x00000299387d6fd0 Thread added: 0x0000029943e496f0
Event: 92.354 Thread 0x000002993e9e76f0 Thread exited: 0x000002993e9e76f0
Event: 92.559 Thread 0x000002993e9e6280 Thread exited: 0x000002993e9e6280
Event: 93.331 Thread 0x0000029943e496f0 Thread exited: 0x0000029943e496f0
Event: 94.406 Thread 0x000002993e9e6950 Thread added: 0x0000029943e474e0
Event: 98.195 Thread 0x0000029943e46740 Thread exited: 0x0000029943e46740
Event: 98.593 Thread 0x000002993d001540 Thread added: 0x0000029943e47bb0
Event: 98.690 Thread 0x0000029943e474e0 Thread added: 0x0000029943e48280
Event: 101.836 Thread 0x0000029943e48280 Thread exited: 0x0000029943e48280
Event: 101.837 Thread 0x000002993e9e6950 Thread exited: 0x000002993e9e6950
Event: 102.107 Thread 0x000002993d001540 Thread added: 0x0000029942afa820
Event: 102.482 Thread 0x0000029943e47bb0 Thread added: 0x00000299415f70c0
Event: 103.373 Thread 0x00000299415f70c0 Thread exited: 0x00000299415f70c0
Event: 106.516 Thread 0x0000029942afa820 Thread exited: 0x0000029942afa820
Event: 106.517 Thread 0x000002993d0044f0 Thread exited: 0x000002993d0044f0
Event: 106.567 Thread 0x0000029943e474e0 Thread added: 0x000002994a9b64a0
Event: 106.574 Thread 0x000002993d001540 Thread added: 0x00000299415f6320
Event: 106.625 Thread 0x0000029943e47bb0 Thread exited: 0x0000029943e47bb0


Dynamic libraries:
0x00007ff6131b0000 - 0x00007ff6131ba000 	C:\Program Files\Android\Android Studio\jbr\bin\java.exe
0x00007ffdde160000 - 0x00007ffdde3c7000 	C:\WINDOWS\SYSTEM32\ntdll.dll
0x00007ffddd1e0000 - 0x00007ffddd2a9000 	C:\WINDOWS\System32\KERNEL32.DLL
0x00007ffddb8c0000 - 0x00007ffddbcb4000 	C:\WINDOWS\System32\KERNELBASE.dll
0x00007ffddb570000 - 0x00007ffddb6bb000 	C:\WINDOWS\System32\ucrtbase.dll
0x00007ffd9b020000 - 0x00007ffd9b03b000 	C:\Program Files\Android\Android Studio\jbr\bin\VCRUNTIME140.dll
0x00007ffd9b040000 - 0x00007ffd9b058000 	C:\Program Files\Android\Android Studio\jbr\bin\jli.dll
0x00007ffddc2a0000 - 0x00007ffddc465000 	C:\WINDOWS\System32\USER32.dll
0x00007ffdc1b00000 - 0x00007ffdc1d93000 	C:\WINDOWS\WinSxS\amd64_microsoft.windows.common-controls_6595b64144ccf1df_6.0.26100.8115_none_3e075c82e3354f9c\COMCTL32.dll
0x00007ffddb540000 - 0x00007ffddb567000 	C:\WINDOWS\System32\win32u.dll
0x00007ffddc570000 - 0x00007ffddc619000 	C:\WINDOWS\System32\msvcrt.dll
0x00007ffddc150000 - 0x00007ffddc17b000 	C:\WINDOWS\System32\GDI32.dll
0x00007ffddb2a0000 - 0x00007ffddb3cb000 	C:\WINDOWS\System32\gdi32full.dll
0x00007ffddb3d0000 - 0x00007ffddb473000 	C:\WINDOWS\System32\msvcp_win.dll
0x00007ffdde060000 - 0x00007ffdde092000 	C:\WINDOWS\System32\IMM32.DLL
0x00007ffdc5b40000 - 0x00007ffdc5b4c000 	C:\Program Files\Android\Android Studio\jbr\bin\vcruntime140_1.dll
0x00007ffd753e0000 - 0x00007ffd7546d000 	C:\Program Files\Android\Android Studio\jbr\bin\msvcp140.dll
0x00007ffd1a6a0000 - 0x00007ffd1b336000 	C:\Program Files\Android\Android Studio\jbr\bin\server\jvm.dll
0x00007ffddc470000 - 0x00007ffddc526000 	C:\WINDOWS\System32\ADVAPI32.dll
0x00007ffddc080000 - 0x00007ffddc127000 	C:\WINDOWS\System32\sechost.dll
0x00007ffddc180000 - 0x00007ffddc298000 	C:\WINDOWS\System32\RPCRT4.dll
0x00007ffddcf70000 - 0x00007ffddcff0000 	C:\WINDOWS\System32\WS2_32.dll
0x00007ffdda290000 - 0x00007ffdda2ee000 	C:\WINDOWS\SYSTEM32\POWRPROF.dll
0x00007ffdd2190000 - 0x00007ffdd219b000 	C:\WINDOWS\SYSTEM32\VERSION.dll
0x00007ffdd0560000 - 0x00007ffdd0596000 	C:\WINDOWS\SYSTEM32\WINMM.dll
0x00007ffdda270000 - 0x00007ffdda284000 	C:\WINDOWS\SYSTEM32\UMPDC.dll
0x00007ffdd9780000 - 0x00007ffdd979b000 	C:\WINDOWS\SYSTEM32\kernel.appcore.dll
0x00007ffdc1090000 - 0x00007ffdc109a000 	C:\Program Files\Android\Android Studio\jbr\bin\jimage.dll
0x00007ffdd8920000 - 0x00007ffdd8b62000 	C:\WINDOWS\SYSTEM32\DBGHELP.DLL
0x00007ffddcb80000 - 0x00007ffddcf02000 	C:\WINDOWS\System32\combase.dll
0x00007ffddd560000 - 0x00007ffddd638000 	C:\WINDOWS\System32\OLEAUT32.dll
0x00007ffdb1c90000 - 0x00007ffdb1ccb000 	C:\WINDOWS\SYSTEM32\dbgcore.DLL
0x00007ffddbcc0000 - 0x00007ffddbd65000 	C:\WINDOWS\System32\bcryptPrimitives.dll
0x00007ffdc0ab0000 - 0x00007ffdc0abe000 	C:\Program Files\Android\Android Studio\jbr\bin\instrument.dll
0x00007ffd9b000000 - 0x00007ffd9b020000 	C:\Program Files\Android\Android Studio\jbr\bin\java.dll
0x00007ffd9afe0000 - 0x00007ffd9aff8000 	C:\Program Files\Android\Android Studio\jbr\bin\zip.dll
0x00007ffddd8e0000 - 0x00007ffdde047000 	C:\WINDOWS\System32\SHELL32.dll
0x00007ffddb6c0000 - 0x00007ffddb82a000 	C:\WINDOWS\System32\wintypes.dll
0x00007ffddaa30000 - 0x00007ffddb298000 	C:\WINDOWS\System32\windows.storage.dll
0x00007ffddbf80000 - 0x00007ffddc078000 	C:\WINDOWS\System32\SHCORE.dll
0x00007ffddd4d0000 - 0x00007ffddd536000 	C:\WINDOWS\System32\shlwapi.dll
0x00007ffdda950000 - 0x00007ffdda979000 	C:\WINDOWS\SYSTEM32\profapi.dll
0x00007ffdc04f0000 - 0x00007ffdc0500000 	C:\Program Files\Android\Android Studio\jbr\bin\net.dll
0x00007ffdd21e0000 - 0x00007ffdd230d000 	C:\WINDOWS\SYSTEM32\WINHTTP.dll
0x00007ffdd9cd0000 - 0x00007ffdd9d3c000 	C:\WINDOWS\system32\mswsock.dll
0x00007ffd753c0000 - 0x00007ffd753d6000 	C:\Program Files\Android\Android Studio\jbr\bin\nio.dll
0x00007ffdbeab0000 - 0x00007ffdbeac0000 	C:\Program Files\Android\Android Studio\jbr\bin\verify.dll
0x00007ffd9b060000 - 0x00007ffd9b087000 	C:\Users\MSI\.gradle\native\c067742578af261105cb4f569cf0c3c89f3d7b1fecec35dd04571415982c5e48\windows-amd64\native-platform.dll
0x00007ffdb2070000 - 0x00007ffdb21b4000 	C:\Users\MSI\.gradle\native\100fb08df4bc3b14c8652ba06237920a3bd2aa13389f12d3474272988ae205f9\windows-amd64\native-platform-file-events.dll
0x00007ffdb95a0000 - 0x00007ffdb95a9000 	C:\Program Files\Android\Android Studio\jbr\bin\management.dll
0x00007ffdabe90000 - 0x00007ffdabe9b000 	C:\Program Files\Android\Android Studio\jbr\bin\management_ext.dll
0x00007ffdde050000 - 0x00007ffdde058000 	C:\WINDOWS\System32\PSAPI.DLL
0x00007ffdda0d0000 - 0x00007ffdda0eb000 	C:\WINDOWS\SYSTEM32\CRYPTSP.dll
0x00007ffdd96e0000 - 0x00007ffdd9719000 	C:\WINDOWS\system32\rsaenh.dll
0x00007ffdd9d80000 - 0x00007ffdd9db3000 	C:\WINDOWS\SYSTEM32\USERENV.dll
0x00007ffdda920000 - 0x00007ffdda94a000 	C:\WINDOWS\SYSTEM32\bcrypt.dll
0x00007ffdd9f30000 - 0x00007ffdd9f3c000 	C:\WINDOWS\SYSTEM32\CRYPTBASE.dll
0x00007ffdd9160000 - 0x00007ffdd9192000 	C:\WINDOWS\SYSTEM32\IPHLPAPI.DLL
0x00007ffddd550000 - 0x00007ffddd55a000 	C:\WINDOWS\System32\NSI.dll
0x00007ffd9afd0000 - 0x00007ffd9afd9000 	C:\Program Files\Android\Android Studio\jbr\bin\extnet.dll
0x00007ffdbd3b0000 - 0x00007ffdbd3b8000 	C:\WINDOWS\system32\wshunix.dll
0x00007ffdd91a0000 - 0x00007ffdd92d2000 	C:\WINDOWS\SYSTEM32\DNSAPI.dll
0x00007ffdd21d0000 - 0x00007ffdd21db000 	C:\Windows\System32\rasadhlp.dll
0x00007ffdd2f30000 - 0x00007ffdd2fb6000 	C:\WINDOWS\System32\fwpuclnt.dll
0x00007ffdd98a0000 - 0x00007ffdd98d6000 	C:\WINDOWS\SYSTEM32\ntmarta.dll
0x00007ffdd7d90000 - 0x00007ffdd7e2f000 	C:\WINDOWS\system32\apphelp.dll

JVMTI agents:
C:\Users\MSI\.gradle\wrapper\dists\gradle-8.9-bin\90cnw93cvbtalezasaz0blq0a\gradle-8.9\lib\agents\gradle-instrumentation-agent-8.9.jar path:C:\Program Files\Android\Android Studio\jbr\bin\instrument.dll, loaded, initialized, instrumentlib options:none

dbghelp: loaded successfully - version: 4.0.5 - missing functions: none
symbol engine: initialized successfully - sym options: 0x614 - pdb path: .;C:\Program Files\Android\Android Studio\jbr\bin;C:\WINDOWS\SYSTEM32;C:\WINDOWS\WinSxS\amd64_microsoft.windows.common-controls_6595b64144ccf1df_6.0.26100.8115_none_3e075c82e3354f9c;C:\Program Files\Android\Android Studio\jbr\bin\server;C:\Users\MSI\.gradle\native\c067742578af261105cb4f569cf0c3c89f3d7b1fecec35dd04571415982c5e48\windows-amd64;C:\Users\MSI\.gradle\native\100fb08df4bc3b14c8652ba06237920a3bd2aa13389f12d3474272988ae205f9\windows-amd64

VM Arguments:
jvm_args: --add-opens=java.base/java.util=ALL-UNNAMED --add-opens=java.base/java.lang=ALL-UNNAMED --add-opens=java.base/java.lang.invoke=ALL-UNNAMED --add-opens=java.prefs/java.util.prefs=ALL-UNNAMED --add-exports=jdk.compiler/com.sun.tools.javac.api=ALL-UNNAMED --add-exports=jdk.compiler/com.sun.tools.javac.util=ALL-UNNAMED --add-opens=java.base/java.nio.charset=ALL-UNNAMED --add-opens=java.base/java.net=ALL-UNNAMED --add-opens=java.base/java.util.concurrent.atomic=ALL-UNNAMED -Xmx2048m -Dfile.encoding=UTF-8 -Duser.country=US -Duser.language=en -Duser.variant -javaagent:C:\Users\MSI\.gradle\wrapper\dists\gradle-8.9-bin\90cnw93cvbtalezasaz0blq0a\gradle-8.9\lib\agents\gradle-instrumentation-agent-8.9.jar 
java_command: org.gradle.launcher.daemon.bootstrap.GradleDaemon 8.9
java_class_path (initial): C:\Users\MSI\.gradle\wrapper\dists\gradle-8.9-bin\90cnw93cvbtalezasaz0blq0a\gradle-8.9\lib\gradle-daemon-main-8.9.jar
Launcher Type: SUN_STANDARD

[Global flags]
     intx CICompilerCount                          = 12                                        {product} {ergonomic}
     uint ConcGCThreads                            = 3                                         {product} {ergonomic}
     uint G1ConcRefinementThreads                  = 13                                        {product} {ergonomic}
   size_t G1HeapRegionSize                         = 1048576                                   {product} {ergonomic}
    uintx GCDrainStackTargetSize                   = 64                                        {product} {ergonomic}
   size_t InitialHeapSize                          = 264241152                                 {product} {ergonomic}
   size_t MarkStackSize                            = 4194304                                   {product} {ergonomic}
   size_t MaxHeapSize                              = 2147483648                                {product} {command line}
   size_t MaxNewSize                               = 1287651328                                {product} {ergonomic}
   size_t MinHeapDeltaBytes                        = 1048576                                   {product} {ergonomic}
   size_t MinHeapSize                              = 8388608                                   {product} {ergonomic}
    uintx NonNMethodCodeHeapSize                   = 7602480                                {pd product} {ergonomic}
    uintx NonProfiledCodeHeapSize                  = 122027880                              {pd product} {ergonomic}
    uintx ProfiledCodeHeapSize                     = 122027880                              {pd product} {ergonomic}
    uintx ReservedCodeCacheSize                    = 251658240                              {pd product} {ergonomic}
     bool SegmentedCodeCache                       = true                                      {product} {ergonomic}
   size_t SoftMaxHeapSize                          = 2147483648                             {manageable} {ergonomic}
     bool UseCompressedOops                        = true                           {product lp64_product} {ergonomic}
     bool UseG1GC                                  = true                                      {product} {ergonomic}
     bool UseLargePagesIndividualAllocation        = false                                  {pd product} {ergonomic}

Logging:
Log output configuration:
 #0: stdout all=warning uptime,level,tags foldmultilines=false
 #1: stderr all=off uptime,level,tags foldmultilines=false

Release file:
JAVA_VERSION="21.0.10" 
MODULES="java.base java.compiler java.datatransfer java.xml java.prefs java.desktop java.instrument java.logging java.management java.security.sasl java.naming java.rmi java.management.rmi java.net.http java.scripting java.security.jgss java.transaction.xa java.sql java.sql.rowset java.xml.crypto java.se java.smartcardio jdk.accessibility jdk.internal.jvmstat jdk.attach jdk.charsets jdk.internal.opt jdk.zipfs jdk.compiler jdk.crypto.ec jdk.crypto.cryptoki jdk.dynalink jdk.hotspot.agent jdk.httpserver jdk.internal.ed jdk.internal.le jdk.internal.vm.ci jdk.jartool jdk.javadoc jdk.jcmd jdk.jdeps jdk.jdwp.agent jdk.jdi jdk.jfr jdk.jlink jdk.jsobject jdk.localedata jdk.management jdk.management.agent jdk.management.jfr jdk.naming.dns jdk.naming.rmi jdk.net jdk.sctp jdk.security.auth jdk.security.jgss jdk.unsupported jdk.unsupported.desktop jdk.xml.dom" 
IMPLEMENTOR="JetBrains s.r.o." 
JAVA_RUNTIME_VERSION="21.0.10+-14961533-b1163.108" 
LIBC="default" 
OS_ARCH="x86_64" 
OS_NAME="Windows" 
SOURCE=".:git:1351622c2ff2" 

Environment Variables:
JAVA_HOME=C:\Program Files\Android\Android Studio\jbr
PATH=C:\Users\MSI\.codex\tmp\arg0\codex-arg04gVmAe;C:\Users\MSI\AppData\Local\Programs\Microsoft VS Code;C:\Program Files (x86)\Common Files\Oracle\Java\javapath;C:\oraclexe\app\oracle\product\11.2.0\server\bin;C:\Windows\system32;C:\Windows;C:\Windows\System32\Wbem;C:\Windows\System32\WindowsPowerShell\v1.0\;C:\Windows\System32\OpenSSH\;C:\Program Files (x86)\NVIDIA Corporation\PhysX\Common;C:\Program Files\NVIDIA Corporation\NVIDIA app\NvDLISR;C:\Users\MSI\AppData\Local\Programs\Python\Python313\Scripts;C:\WINDOWS\system32;C:\WINDOWS;C:\WINDOWS\System32\Wbem;C:\WINDOWS\System32\WindowsPowerShell\v1.0\;C:\WINDOWS\System32\OpenSSH\;C:\Program Files\dotnet\;C:\Program Files\Java\jdk1.8.0_202\BIN;C:\php;C:\Program Files\Git\cmd;C:\Users\MSI\AppData\Local\Programs\Python\Launcher\;C:\Users\MSI\AppData\Local\Programs\Eclipse Adoptium\jdk-21.0.4.7-hotspot\bin;C:\Users\MSI\AppData\Local\Microsoft\WindowsApps;C:\Users\MSI\AppData\Local\Programs\Microsoft VS Code\bin;C:\Users\MSI\AppData\Local\Muse Hub\lib;C:\Users\MSI\AppData\Local\Programs\Python\Python314\;C:\Users\MSI\AppData\Local\Programs\Python\Python314\Scripts\;C:\msys64\ucrt64\bin;c:\Users\MSI\.vscode\extensions\openai.chatgpt-26.429.30905-win32-x64\bin\windows-x86_64
USERNAME=MSI
OS=Windows_NT
PROCESSOR_IDENTIFIER=Intel64 Family 6 Model 154 Stepping 3, GenuineIntel
TMP=C:\Users\MSI\AppData\Local\Temp
TEMP=C:\Users\MSI\AppData\Local\Temp




Periodic native trim disabled

JNI global refs:
JNI global refs: 39, weak refs: 6

JNI global refs memory usage: 835, weak refs: 833

Process memory usage:
Resident Set Size: 1200180K (7% of 16471224K total physical memory with 815620K free physical memory)

OOME stack traces (most recent first):
Classloader memory used:
Loader org.gradle.internal.classloader.VisitableURLClassLoader$InstrumentingVisitableURLClassLoader: 57539K
Loader org.gradle.internal.classloader.VisitableURLClassLoader                         : 48334K
Loader bootstrap                                                                       : 35158K
Loader org.gradle.initialization.MixInLegacyTypesClassLoader                           : 13284K
Loader jdk.internal.loader.ClassLoaders$AppClassLoader                                 : 8633K
Loader jdk.internal.loader.ClassLoaders$PlatformClassLoader                            : 1026K
Loader jdk.internal.reflect.DelegatingClassLoader                                      : 288K
Loader org.gradle.groovy.scripts.internal.DefaultScriptCompilationHandler$ScriptClassLoader: 126K
Loader org.gradle.internal.classloader.VisitableURLClassLoader                         : 40736B
Loader org.codehaus.groovy.runtime.callsite.CallSiteClassLoader                        : 16080B

Classes loaded by more than one classloader:
Class com.google.common.io.LineReader                                                 : loaded 2 times (x 72B)
Class com.google.common.base.PairwiseEquivalence                                      : loaded 2 times (x 83B)
Class com.google.common.base.Equivalence$Identity                                     : loaded 2 times (x 82B)
Class com.google.common.collect.RegularImmutableMap$KeySet                            : loaded 2 times (x 150B)
Class org.gradle.internal.classloader.FilteringClassLoader                            : loaded 2 times (x 105B)
Class [Lcom.google.common.collect.MapMakerInternalMap$Segment;                        : loaded 2 times (x 69B)
Class com.google.common.io.FileWriteMode                                              : loaded 2 times (x 79B)
Class [Lcom.google.common.base.AbstractIterator$State;                                : loaded 2 times (x 69B)
Class com.google.common.base.CharMatcher$IsEither                                     : loaded 2 times (x 111B)
Class org.gradle.internal.classloader.ClassLoaderHierarchy                            : loaded 2 times (x 70B)
Class com.google.common.collect.AbstractMapBasedMultimap$WrappedCollection            : loaded 2 times (x 124B)
Class com.google.common.collect.ImmutableEnumSet                                      : loaded 2 times (x 146B)
Class com.google.common.util.concurrent.ExecutionError                                : loaded 2 times (x 82B)
Class com.google.common.collect.ImmutableList$1                                       : loaded 2 times (x 97B)
Class org.gradle.api.internal.classpath.ManifestUtil                                  : loaded 2 times (x 71B)
Class com.google.common.io.ByteArrayDataOutput                                        : loaded 2 times (x 70B)
Class com.google.gson.stream.MalformedJsonException                                   : loaded 2 times (x 82B)
Class com.google.common.collect.RegularImmutableMap                                   : loaded 2 times (x 121B)
Class com.google.common.collect.ImmutableMap$MapViewOfValuesAsSingletonSets           : loaded 2 times (x 125B)
Class com.google.common.collect.TransformedListIterator                               : loaded 2 times (x 93B)
Class [Lorg.objectweb.asm.Symbol;                                                     : loaded 2 times (x 69B)
Class org.objectweb.asm.ClassVisitor                                                  : loaded 2 times (x 88B)
Class com.google.common.collect.UnmodifiableListIterator                              : loaded 2 times (x 95B)
Class com.google.common.collect.MapMakerInternalMap$StrongKeyDummyValueEntry$LinkedStrongKeyDummyValueEntry: loaded 2 times (x 82B)
Class com.google.common.collect.MapMakerInternalMap$Strength                          : loaded 2 times (x 80B)
Class org.objectweb.asm.MethodTooLargeException                                       : loaded 2 times (x 83B)
Class [Lcom.google.common.cache.CacheBuilder$OneWeigher;                              : loaded 2 times (x 69B)
Class com.google.common.base.Suppliers                                                : loaded 2 times (x 71B)
Class com.google.common.base.Platform$JdkPatternCompiler                              : loaded 2 times (x 75B)
Class org.gradle.internal.classloader.DefaultClassLoaderFactory                       : loaded 2 times (x 82B)
Class com.google.common.hash.AbstractHasher                                           : loaded 2 times (x 142B)
Class com.google.common.io.ByteSource$ConcatenatedByteSource                          : loaded 2 times (x 85B)
Class [Lcom.google.common.collect.AbstractIterator$State;                             : loaded 2 times (x 69B)
Class com.google.common.base.CharMatcher$None                                         : loaded 2 times (x 112B)
Class org.gradle.internal.classloader.ClassLoaderVisitor                              : loaded 2 times (x 76B)
Class [Lcom.google.common.collect.ImmutableMapEntry;                                  : loaded 2 times (x 69B)
Class org.gradle.api.internal.classpath.EffectiveClassPath                            : loaded 2 times (x 90B)
Class com.google.common.collect.CollectSpliterators$1WithCharacteristics              : loaded 2 times (x 90B)
Class com.google.common.collect.AbstractIterator$1                                    : loaded 2 times (x 71B)
Class com.google.common.collect.ImmutableRangeSet                                     : loaded 2 times (x 115B)
Class com.google.common.collect.ImmutableEnumMap                                      : loaded 2 times (x 125B)
Class com.google.common.collect.ListMultimap                                          : loaded 2 times (x 70B)
Class com.google.common.collect.Iterators$EmptyModifiableIterator                     : loaded 2 times (x 86B)
Class com.google.common.collect.Sets$1                                                : loaded 2 times (x 139B)
Class org.objectweb.asm.AnnotationVisitor                                             : loaded 2 times (x 78B)
Class com.google.common.base.Splitter                                                 : loaded 2 times (x 72B)
Class org.gradle.api.internal.DefaultClassPathProvider                                : loaded 2 times (x 76B)
Class com.google.common.io.CharSource$ConcatenatedCharSource                          : loaded 2 times (x 86B)
Class com.google.common.hash.HashCode$BytesHashCode                                   : loaded 2 times (x 81B)
Class com.google.common.collect.MapMakerInternalMap$Strength$1                        : loaded 2 times (x 80B)
Class com.google.common.collect.Maps$ViewCachingAbstractMap                           : loaded 2 times (x 125B)
Class com.google.common.collect.Sets$2                                                : loaded 2 times (x 139B)
Class [Lorg.gradle.api.internal.ClassPathProvider;                                    : loaded 2 times (x 69B)
Class org.gradle.api.internal.ClassPathProvider                                       : loaded 2 times (x 70B)
Class com.google.common.collect.MapMakerInternalMap$Strength$2                        : loaded 2 times (x 80B)
Class [Lorg.objectweb.asm.AnnotationVisitor;                                          : loaded 2 times (x 69B)
Class com.google.common.collect.Sets$3                                                : loaded 2 times (x 139B)
Class com.google.common.util.concurrent.AbstractFuture$SafeAtomicHelper               : loaded 2 times (x 79B)
Class com.google.common.cache.LocalCache$LocalLoadingCache                            : loaded 2 times (x 134B)
Class com.google.common.base.AbstractIterator$State                                   : loaded 2 times (x 79B)
Class org.gradle.internal.service.UnknownServiceException                             : loaded 2 times (x 83B)
Class com.google.common.hash.Hasher                                                   : loaded 2 times (x 70B)
Class com.google.common.collect.MapMakerInternalMap$StrongValueEntry                  : loaded 2 times (x 70B)
Class com.google.common.io.ByteArrayDataInput                                         : loaded 2 times (x 70B)
Class com.google.common.collect.Sets$4                                                : loaded 2 times (x 139B)
Class org.objectweb.asm.ModuleVisitor                                                 : loaded 2 times (x 81B)
Class com.google.common.cache.LocalCache$Strength$1                                   : loaded 2 times (x 81B)
Class com.google.common.util.concurrent.SettableFuture                                : loaded 2 times (x 114B)
Class com.google.common.cache.LocalCache$Strength$2                                   : loaded 2 times (x 81B)
Class com.google.common.collect.Interners$InternerImpl                                : loaded 2 times (x 75B)
Class com.google.common.collect.Interner                                              : loaded 2 times (x 70B)
Class com.google.common.collect.TransformedIterator                                   : loaded 2 times (x 80B)
Class com.google.common.io.ByteStreams                                                : loaded 2 times (x 71B)
Class org.objectweb.asm.Handle                                                        : loaded 2 times (x 72B)
Class com.google.common.cache.LocalCache$Strength$3                                   : loaded 2 times (x 81B)
Class com.google.common.collect.MapDifference                                         : loaded 2 times (x 70B)
Class com.google.common.base.Splitter$1                                               : loaded 2 times (x 77B)
Class com.google.common.collect.MapMaker$Dummy                                        : loaded 2 times (x 79B)
Class org.objectweb.asm.FieldWriter                                                   : loaded 2 times (x 78B)
Class com.google.common.cache.CacheBuilder$NullListener                               : loaded 2 times (x 82B)
Class org.gradle.internal.classpath.TransformedClassPath                              : loaded 2 times (x 96B)
Class com.google.common.collect.ImmutableListMultimap                                 : loaded 2 times (x 176B)
Class com.google.common.collect.ImmutableRangeSet$AsSet                               : loaded 2 times (x 299B)
Class com.google.common.cache.CacheLoader$FunctionToCacheLoader                       : loaded 2 times (x 75B)
Class com.google.common.collect.Iterators$ArrayItr                                    : loaded 2 times (x 97B)
Class com.google.common.collect.ImmutableCollection$Builder                           : loaded 2 times (x 76B)
Class com.google.common.collect.EmptyImmutableListMultimap                            : loaded 2 times (x 176B)
Class com.google.common.collect.BaseImmutableMultimap                                 : loaded 2 times (x 123B)
Class com.google.common.base.Joiner                                                   : loaded 2 times (x 79B)
Class com.google.common.base.MoreObjects                                              : loaded 2 times (x 71B)
Class [Lorg.objectweb.asm.Attribute;                                                  : loaded 2 times (x 69B)
Class [Lorg.objectweb.asm.Type;                                                       : loaded 2 times (x 69B)
Class com.google.common.collect.Platform                                              : loaded 2 times (x 71B)
Class com.google.common.collect.UnmodifiableIterator                                  : loaded 2 times (x 80B)
Class org.gradle.internal.service.ServiceLocator                                      : loaded 2 times (x 70B)
Class com.google.common.collect.HashBiMap$BiEntry                                     : loaded 2 times (x 83B)
Class com.google.common.collect.SingletonImmutableBiMap                               : loaded 2 times (x 143B)
Class com.google.common.base.Ascii                                                    : loaded 2 times (x 71B)
Class com.google.common.cache.LocalCache$1                                            : loaded 2 times (x 89B)
Class com.google.common.collect.AbstractMapEntry                                      : loaded 2 times (x 81B)
Class com.google.common.io.CharSource$StringCharSource                                : loaded 2 times (x 86B)
Class com.google.common.io.ByteSource$ByteArrayByteSource                             : loaded 2 times (x 85B)
Class com.google.common.collect.MapMakerInternalMap$AbstractStrongKeyEntry            : loaded 2 times (x 80B)
Class com.google.common.collect.Sets$ImprovedAbstractSet                              : loaded 2 times (x 135B)
Class com.google.common.collect.ImmutableList$Builder                                 : loaded 2 times (x 77B)
Class com.google.common.cache.LocalCache$2                                            : loaded 2 times (x 142B)
Class com.google.common.collect.AbstractMultimap                                      : loaded 2 times (x 123B)
Class com.google.common.hash.AbstractHashFunction                                     : loaded 2 times (x 95B)
Class com.google.common.collect.ImmutableRangeSet$1                                   : loaded 2 times (x 209B)
Class com.google.common.util.concurrent.AbstractFuture$UnsafeAtomicHelper$1           : loaded 2 times (x 76B)
Class com.google.common.collect.RegularImmutableAsList                                : loaded 2 times (x 216B)
Class com.google.common.base.Optional                                                 : loaded 2 times (x 80B)
Class com.google.common.collect.Range                                                 : loaded 2 times (x 87B)
Class com.google.common.util.concurrent.AbstractFuture$Trusted                        : loaded 2 times (x 70B)
Class com.google.common.collect.Iterators                                             : loaded 2 times (x 71B)
Class com.google.common.base.CharMatcher$RangesMatcher                                : loaded 2 times (x 112B)
Class com.google.common.io.ByteSink$AsCharSink                                        : loaded 2 times (x 80B)
Class com.google.common.util.concurrent.UncheckedExecutionException                   : loaded 2 times (x 82B)
Class com.google.common.collect.Lists$StringAsImmutableList                           : loaded 2 times (x 207B)
Class com.google.common.collect.ImmutableSortedSetFauxverideShim                      : loaded 2 times (x 147B)
Class com.google.common.base.CharMatcher$JavaLetterOrDigit                            : loaded 2 times (x 111B)
Class org.gradle.internal.InternalTransformer                                         : loaded 2 times (x 70B)
Class [Lcom.google.common.hash.ImmutableSupplier;                                     : loaded 2 times (x 69B)
Class org.objectweb.asm.ConstantDynamic                                               : loaded 2 times (x 72B)
Class com.google.common.collect.AbstractMapBasedMultimap$KeySet$1                     : loaded 2 times (x 82B)
Class org.objectweb.asm.ClassWriter                                                   : loaded 2 times (x 106B)
Class com.google.common.cache.CacheLoader$UnsupportedLoadingOperationException        : loaded 2 times (x 82B)
Class com.google.common.base.CharMatcher$And                                          : loaded 2 times (x 112B)
Class org.gradle.internal.classloader.ClasspathUtil$1                                 : loaded 2 times (x 76B)
Class com.google.common.collect.FluentIterable$1                                      : loaded 2 times (x 81B)
Class com.google.common.base.Objects                                                  : loaded 2 times (x 71B)
Class org.objectweb.asm.FieldVisitor                                                  : loaded 2 times (x 77B)
Class com.google.common.collect.IndexedImmutableSet                                   : loaded 2 times (x 150B)
Class com.google.common.collect.ImmutableMap$1                                        : loaded 2 times (x 81B)
Class com.google.common.collect.BiMap                                                 : loaded 2 times (x 70B)
Class org.gradle.api.internal.classpath.DefaultModuleRegistry$DefaultModule           : loaded 2 times (x 86B)
Class com.google.common.base.Absent                                                   : loaded 2 times (x 80B)
Class com.google.common.collect.FluentIterable$2                                      : loaded 2 times (x 81B)
Class com.google.common.primitives.Ints                                               : loaded 2 times (x 71B)
Class com.google.common.collect.AbstractIterator                                      : loaded 2 times (x 82B)
Class com.google.common.collect.FluentIterable$3                                      : loaded 2 times (x 81B)
Class com.google.common.math.MathPreconditions                                        : loaded 2 times (x 71B)
Class com.google.common.collect.Multiset                                              : loaded 2 times (x 70B)
Class com.google.common.collect.ArrayListMultimapGwtSerializationDependencies         : loaded 2 times (x 172B)
Class com.google.common.collect.ObjectArrays                                          : loaded 2 times (x 71B)
Class com.google.common.collect.AbstractIndexedListIterator                           : loaded 2 times (x 96B)
Class com.google.common.collect.ImmutableMapEntrySet                                  : loaded 2 times (x 151B)
Class org.gradle.api.internal.classpath.Module                                        : loaded 2 times (x 70B)
Class com.google.common.cache.Weigher                                                 : loaded 2 times (x 70B)
Class settings_7mjlx0kdgghx0gueypxf7remn                                              : loaded 2 times (x 179B)
Class org.gradle.api.internal.classpath.UnknownModuleException                        : loaded 2 times (x 82B)
Class com.google.common.base.Stopwatch                                                : loaded 2 times (x 72B)
Class com.google.common.cache.LocalCache$Strength                                     : loaded 2 times (x 81B)
Class com.google.common.cache.Cache                                                   : loaded 2 times (x 70B)
Class com.google.gson.stream.JsonReader$1                                             : loaded 2 times (x 72B)
Class com.google.common.io.AppendableWriter                                           : loaded 2 times (x 100B)
Class com.google.common.io.Files$2                                                    : loaded 2 times (x 76B)
Class com.google.common.util.concurrent.AbstractFuture$Cancellation                   : loaded 2 times (x 72B)
Class com.google.common.collect.ImmutableMap$Builder                                  : loaded 2 times (x 82B)
Class com.google.common.base.NullnessCasts                                            : loaded 2 times (x 71B)
Class com.google.common.base.Present                                                  : loaded 2 times (x 81B)
Class com.google.common.collect.AbstractMapBasedMultimap$WrappedCollection$WrappedIterator: loaded 2 times (x 84B)
Class com.google.common.cache.RemovalListener                                         : loaded 2 times (x 70B)
Class org.gradle.api.internal.DefaultClassPathRegistry                                : loaded 2 times (x 76B)
Class com.google.common.collect.ImmutableMultimap$Keys                                : loaded 2 times (x 166B)
Class com.google.common.primitives.IntsMethodsForWeb                                  : loaded 2 times (x 71B)
Class com.google.common.collect.Multimap                                              : loaded 2 times (x 70B)
Class org.gradle.api.internal.ClassPathRegistry                                       : loaded 2 times (x 70B)
Class org.gradle.internal.classpath.DefaultClassPath$ImmutableUniqueList              : loaded 2 times (x 199B)
Class com.google.common.collect.NullnessCasts                                         : loaded 2 times (x 71B)
Class com.google.common.collect.MapMakerInternalMap$Segment                           : loaded 2 times (x 142B)
Class com.google.common.base.ExtraObjectsMethodsForWeb                                : loaded 2 times (x 71B)
Class com.google.common.io.ByteSink                                                   : loaded 2 times (x 76B)
Class com.google.common.cache.CacheBuilder                                            : loaded 2 times (x 72B)
Class com.google.common.collect.SingletonImmutableList                                : loaded 2 times (x 207B)
Class org.gradle.internal.classpath.ClassPath                                         : loaded 2 times (x 70B)
Class org.gradle.api.UncheckedIOException                                             : loaded 2 times (x 82B)
Class com.google.common.collect.Interners$InternerBuilder                             : loaded 2 times (x 76B)
Class com.google.common.io.Files$FileByteSource                                       : loaded 2 times (x 85B)
Class com.google.common.collect.ImmutableList$ReverseImmutableList                    : loaded 2 times (x 208B)
Class com.google.common.base.JdkPattern                                               : loaded 2 times (x 75B)
Class settings_7mjlx0kdgghx0gueypxf7remn$_run_closure1$_closure2                      : loaded 2 times (x 139B)
Class com.google.common.io.CharSource$CharSequenceCharSource                          : loaded 2 times (x 86B)
Class com.google.common.io.CharStreams$NullWriter                                     : loaded 2 times (x 99B)
Class org.objectweb.asm.SymbolTable$Entry                                             : loaded 2 times (x 74B)
Class com.google.common.util.concurrent.AbstractFuture$AtomicHelper                   : loaded 2 times (x 78B)
Class com.google.gson.internal.JsonReaderInternalAccess                               : loaded 2 times (x 72B)
Class org.objectweb.asm.signature.SignatureReader                                     : loaded 2 times (x 74B)
Class org.objectweb.asm.Edge                                                          : loaded 2 times (x 72B)
Class com.google.common.base.Suppliers$SupplierOfInstance                             : loaded 2 times (x 79B)
Class com.google.common.collect.Iterators$1                                           : loaded 2 times (x 81B)
Class com.google.common.cache.LocalCache$ComputingValueReference                      : loaded 2 times (x 96B)
Class com.google.common.collect.SingletonImmutableSet                                 : loaded 2 times (x 146B)
Class com.google.common.collect.ImmutableMap$IteratorBasedImmutableMap                : loaded 2 times (x 125B)
Class org.objectweb.asm.TypePath                                                      : loaded 2 times (x 72B)
Class com.google.common.collect.AbstractMapBasedMultimap$AsMap$AsMapEntries           : loaded 2 times (x 138B)
Class com.google.common.cache.LocalCache$Segment                                      : loaded 2 times (x 154B)
Class [Lcom.google.common.base.Supplier;                                              : loaded 2 times (x 69B)
Class com.google.common.collect.SortedIterable                                        : loaded 2 times (x 70B)
Class [Lorg.objectweb.asm.SymbolTable$Entry;                                          : loaded 2 times (x 69B)
Class com.google.common.cache.CacheLoader                                             : loaded 2 times (x 74B)
Class com.google.common.collect.Iterators$4                                           : loaded 2 times (x 82B)
Class com.google.common.collect.ImmutableBiMap                                        : loaded 2 times (x 143B)
Class com.google.common.collect.AbstractListMultimap                                  : loaded 2 times (x 172B)
Class org.gradle.internal.installation.GradleInstallation$1                           : loaded 2 times (x 75B)
Class org.gradle.api.internal.classpath.ModuleRegistry                                : loaded 2 times (x 70B)
Class com.google.common.util.concurrent.internal.InternalFutureFailureAccess          : loaded 2 times (x 72B)
Class com.google.common.collect.Iterators$5                                           : loaded 2 times (x 82B)
Class com.google.common.collect.ImmutableSet$JdkBackedSetBuilderImpl                  : loaded 2 times (x 76B)
Class com.google.common.base.Splitter$SplittingIterator                               : loaded 2 times (x 84B)
Class com.google.common.collect.ImmutableMultimap$Values                              : loaded 2 times (x 126B)
Class com.google.common.io.Closer$SuppressingSuppressor                               : loaded 2 times (x 75B)
Class com.google.common.util.concurrent.AbstractFuture$UnsafeAtomicHelper             : loaded 2 times (x 78B)
Class com.google.common.cache.LocalCache$LocalManualCache$1                           : loaded 2 times (x 75B)
Class com.google.common.base.CharMatcher$ForPredicate                                 : loaded 2 times (x 112B)
Class com.google.common.collect.ImmutableCollection                                   : loaded 2 times (x 125B)
Class com.google.common.base.CharMatcher$AnyOf                                        : loaded 2 times (x 112B)
Class org.gradle.api.internal.classpath.DefaultModuleRegistry                         : loaded 2 times (x 83B)
Class com.google.common.hash.ChecksumHashFunction                                     : loaded 2 times (x 96B)
Class com.google.common.util.concurrent.ListenableFuture                              : loaded 2 times (x 70B)
Class com.google.common.cache.ReferenceEntry                                          : loaded 2 times (x 70B)
Class com.google.common.collect.ImmutableSet$CachingAsList                            : loaded 2 times (x 147B)
Class com.google.common.base.Converter                                                : loaded 2 times (x 90B)
Class com.google.common.collect.Lists                                                 : loaded 2 times (x 71B)
Class com.google.common.base.CharMatcher$Any                                          : loaded 2 times (x 112B)
Class com.google.common.hash.HashFunction                                             : loaded 2 times (x 70B)
Class com.google.common.util.concurrent.AbstractFuture                                : loaded 2 times (x 106B)
Class com.google.common.base.FunctionalEquivalence                                    : loaded 2 times (x 83B)
Class com.google.common.collect.Iterators$9                                           : loaded 2 times (x 81B)
Class com.google.common.collect.AbstractMapBasedMultimap                              : loaded 2 times (x 139B)
Class com.google.common.collect.ImmutableAsList                                       : loaded 2 times (x 209B)
Class com.google.common.hash.HashCode                                                 : loaded 2 times (x 80B)
Class com.google.common.hash.ChecksumHashFunction$ChecksumHasher                      : loaded 2 times (x 147B)
Class com.google.common.io.CharStreams                                                : loaded 2 times (x 71B)
Class com.google.common.collect.ImmutableMultiset                                     : loaded 2 times (x 163B)
Class org.objectweb.asm.RecordComponentVisitor                                        : loaded 2 times (x 77B)
Class com.google.common.cache.CacheLoader$SupplierToCacheLoader                       : loaded 2 times (x 75B)
Class com.google.common.collect.Maps$EntryTransformer                                 : loaded 2 times (x 70B)
Class org.gradle.internal.service.ServiceLookupException                              : loaded 2 times (x 82B)
Class com.google.common.hash.AbstractByteHasher                                       : loaded 2 times (x 147B)
Class com.google.common.collect.ImmutableSortedSet                                    : loaded 2 times (x 299B)
Class com.google.common.collect.Lists$ReverseList                                     : loaded 2 times (x 200B)
Class [Lcom.google.common.cache.LocalCache$EntryFactory;                              : loaded 2 times (x 69B)
Class com.google.common.base.CharMatcher$JavaLetter                                   : loaded 2 times (x 111B)
Class org.gradle.internal.classloader.ClassLoaderFactory                              : loaded 2 times (x 70B)
Class com.google.common.cache.LocalCache$LocalManualCache                             : loaded 2 times (x 99B)
Class com.google.common.base.CharMatcher$IsNot                                        : loaded 2 times (x 111B)
Class com.google.common.base.CommonPattern                                            : loaded 2 times (x 74B)
Class org.gradle.internal.service.CachingServiceLocator                               : loaded 2 times (x 82B)
Class com.google.common.collect.RegularImmutableSortedSet                             : loaded 2 times (x 299B)
Class com.google.common.collect.AbstractMapBasedMultimap$KeySet                       : loaded 2 times (x 137B)
Class com.google.common.math.IntMath                                                  : loaded 2 times (x 71B)
Class [Lcom.google.common.collect.HashBiMap$BiEntry;                                  : loaded 2 times (x 69B)
Class com.google.common.collect.MapMakerInternalMap$InternalEntry                     : loaded 2 times (x 70B)
Class org.objectweb.asm.commons.InstructionAdapter                                    : loaded 2 times (x 188B)
Class com.google.common.collect.Iterators$10                                          : loaded 2 times (x 81B)
Class com.google.common.collect.ImmutableMapEntry                                     : loaded 2 times (x 85B)
Class com.google.common.base.CharMatcher$JavaDigit                                    : loaded 2 times (x 111B)
Class com.google.common.collect.ImmutableMultimap                                     : loaded 2 times (x 147B)
Class org.objectweb.asm.signature.SignatureVisitor                                    : loaded 2 times (x 87B)
Class com.google.common.base.Equivalence                                              : loaded 2 times (x 82B)
Class com.google.common.collect.ImmutableMapEntry$NonTerminalImmutableMapEntry        : loaded 2 times (x 85B)
Class com.google.common.base.Function                                                 : loaded 2 times (x 70B)
Class com.google.common.hash.Hashing                                                  : loaded 2 times (x 71B)
Class com.google.common.collect.IndexedImmutableSet$1                                 : loaded 2 times (x 212B)
Class com.google.common.cache.CacheBuilder$OneWeigher                                 : loaded 2 times (x 82B)
Class com.google.common.collect.RegularImmutableList                                  : loaded 2 times (x 212B)
Class com.google.common.primitives.UnsignedInts                                       : loaded 2 times (x 71B)
Class com.google.common.collect.ImmutableBiMapFauxverideShim                          : loaded 2 times (x 120B)
Class org.gradle.internal.classloader.ClasspathUtil                                   : loaded 2 times (x 71B)
Class com.google.common.base.Charsets                                                 : loaded 2 times (x 71B)
Class com.google.common.util.concurrent.Uninterruptibles                              : loaded 2 times (x 71B)
Class com.google.common.io.CharSource                                                 : loaded 2 times (x 85B)
Class com.google.common.collect.Maps                                                  : loaded 2 times (x 71B)
Class com.google.common.base.CharMatcher$JavaUpperCase                                : loaded 2 times (x 111B)
Class org.gradle.api.specs.Spec                                                       : loaded 2 times (x 70B)
Class com.google.common.hash.Hashing$ChecksumType$1                                   : loaded 2 times (x 88B)
Class org.objectweb.asm.TypeReference                                                 : loaded 2 times (x 80B)
Class com.google.common.collect.MapMaker                                              : loaded 2 times (x 72B)
Class [Lcom.google.common.collect.ImmutableEntry;                                     : loaded 2 times (x 69B)
Class com.google.common.hash.Hashing$ChecksumType$2                                   : loaded 2 times (x 88B)
Class com.google.common.cache.LocalCache$LoadingValueReference                        : loaded 2 times (x 96B)
Class com.google.common.io.LineReader$1                                               : loaded 2 times (x 75B)
Class com.google.common.collect.CollectSpliterators                                   : loaded 2 times (x 71B)
Class com.google.common.collect.AbstractMapBasedMultimap$AsMap                        : loaded 2 times (x 128B)
Class com.google.common.collect.MapMakerInternalMap$StrongKeyDummyValueEntry          : loaded 2 times (x 82B)
Class com.google.common.base.Platform                                                 : loaded 2 times (x 71B)
Class com.google.common.collect.AbstractMapBasedMultimap$WrappedList                  : loaded 2 times (x 205B)
Class [Lorg.objectweb.asm.AnnotationWriter;                                           : loaded 2 times (x 69B)
Class com.google.common.primitives.Ints$IntConverter                                  : loaded 2 times (x 90B)
Class com.google.common.collect.Maps$8                                                : loaded 2 times (x 82B)
Class build_b5oilpzty9hd1gfydd6ixtp39$_run_closure1                                   : loaded 2 times (x 139B)
Class [Lcom.google.common.collect.Iterators$EmptyModifiableIterator;                  : loaded 2 times (x 69B)
Class com.google.common.collect.ImmutableRangeSet$Builder                             : loaded 2 times (x 77B)
Class com.google.common.collect.Lists$ReverseList$1                                   : loaded 2 times (x 99B)
Class com.google.common.collect.Sets$SetView                                          : loaded 2 times (x 138B)
Class com.google.common.cache.LocalCache$StrongValueReference                         : loaded 2 times (x 90B)
Class com.google.common.util.concurrent.AbstractFuture$SynchronizedHelper             : loaded 2 times (x 78B)
Class com.google.common.base.CharMatcher$Invisible                                    : loaded 2 times (x 112B)
Class com.google.common.graph.SuccessorsFunction                                      : loaded 2 times (x 70B)
Class [Lcom.google.gson.stream.JsonToken;                                             : loaded 2 times (x 69B)
Class org.objectweb.asm.Type                                                          : loaded 2 times (x 72B)
Class org.gradle.internal.classloader.VisitableURLClassLoader$InstrumentingVisitableURLClassLoader: loaded 2 times (x 123B)
Class com.google.common.collect.MapMakerInternalMap$StrongKeyDummyValueEntry$Helper   : loaded 2 times (x 79B)
Class com.google.common.io.Files$FileByteSink                                         : loaded 2 times (x 77B)
Class org.objectweb.asm.ByteVector                                                    : loaded 2 times (x 79B)
Class [Lcom.google.common.cache.CacheBuilder$NullListener;                            : loaded 2 times (x 69B)
Class com.google.common.math.IntMath$1                                                : loaded 2 times (x 71B)
Class org.gradle.internal.classloader.VisitableURLClassLoader$Spec                    : loaded 2 times (x 74B)
Class org.gradle.internal.classpath.DefaultClassPath                                  : loaded 2 times (x 90B)
Class org.objectweb.asm.Symbol                                                        : loaded 2 times (x 73B)
Class com.google.common.base.AbstractIterator                                         : loaded 2 times (x 80B)
Class com.google.common.io.Java8Compatibility                                         : loaded 2 times (x 71B)
Class com.google.common.io.Closer                                                     : loaded 2 times (x 78B)
Class com.google.common.collect.RegularImmutableMap$Values                            : loaded 2 times (x 207B)
Class com.google.common.collect.ImmutableSet                                          : loaded 2 times (x 145B)
Class com.google.common.base.CharMatcher$BitSetMatcher                                : loaded 2 times (x 112B)
Class com.google.common.base.CharMatcher$Ascii                                        : loaded 2 times (x 112B)
Class org.gradle.internal.classloader.ClassLoaderSpec                                 : loaded 2 times (x 71B)
Class com.google.common.io.ByteSource$EmptyByteSource                                 : loaded 2 times (x 85B)
Class org.objectweb.asm.AnnotationWriter                                              : loaded 2 times (x 79B)
Class com.google.common.cache.CacheStats                                              : loaded 2 times (x 71B)
Class com.google.common.collect.ImmutableMultisetGwtSerializationDependencies         : loaded 2 times (x 125B)
Class com.google.common.collect.Interners                                             : loaded 2 times (x 71B)
Class com.google.common.io.Closer$Suppressor                                          : loaded 2 times (x 70B)
Class com.google.common.io.LineProcessor                                              : loaded 2 times (x 70B)
Class org.objectweb.asm.RecordComponentWriter                                         : loaded 2 times (x 78B)
Class com.google.common.util.concurrent.AbstractFuture$Listener                       : loaded 2 times (x 72B)
Class com.google.common.base.CharMatcher$Or                                           : loaded 2 times (x 112B)
Class com.google.common.hash.Hashing$ChecksumType                                     : loaded 2 times (x 88B)
Class [Lorg.objectweb.asm.Label;                                                      : loaded 2 times (x 69B)
Class org.objectweb.asm.Attribute                                                     : loaded 2 times (x 77B)
Class com.google.common.base.Supplier                                                 : loaded 2 times (x 70B)
Class org.gradle.internal.classloader.VisitableURLClassLoader                         : loaded 2 times (x 117B)
Class com.google.common.io.CharSource$AsByteSource                                    : loaded 2 times (x 85B)
Class com.google.common.collect.ImmutableList$SerializedForm                          : loaded 2 times (x 73B)
Class com.google.common.util.concurrent.AbstractFuture$Waiter                         : loaded 2 times (x 72B)
Class org.gradle.internal.Cast                                                        : loaded 2 times (x 71B)
Class org.gradle.api.Action                                                           : loaded 2 times (x 70B)
Class com.google.common.collect.HashBiMap                                             : loaded 2 times (x 143B)
Class com.google.common.collect.MapMakerInternalMap                                   : loaded 2 times (x 161B)
Class com.google.common.collect.Sets                                                  : loaded 2 times (x 71B)
Class org.objectweb.asm.Handler                                                       : loaded 2 times (x 72B)
Class com.google.common.base.Ticker                                                   : loaded 2 times (x 72B)
Class com.google.common.base.Strings                                                  : loaded 2 times (x 71B)
Class com.google.common.base.CharMatcher$FastMatcher                                  : loaded 2 times (x 111B)
Class org.gradle.internal.agents.InstrumentingClassLoader                             : loaded 2 times (x 70B)
Class [Lcom.google.common.cache.LocalCache$Segment;                                   : loaded 2 times (x 69B)
Class [Lcom.google.common.cache.LocalCache$Strength;                                  : loaded 2 times (x 69B)
Class com.google.common.cache.CacheBuilder$1                                          : loaded 2 times (x 85B)
Class com.google.common.collect.ImmutableMap                                          : loaded 2 times (x 120B)
Class com.google.common.base.Predicate                                                : loaded 2 times (x 70B)
Class org.gradle.internal.classpath.DefaultClassPath$ImmutableUniqueList$Builder      : loaded 2 times (x 75B)
Class com.google.common.collect.MapMakerInternalMap$WeakValueReference                : loaded 2 times (x 70B)
Class com.google.common.collect.AbstractRangeSet                                      : loaded 2 times (x 114B)
Class com.google.gson.stream.JsonToken                                                : loaded 2 times (x 79B)
Class com.google.common.cache.LocalCache                                              : loaded 2 times (x 187B)
Class com.google.common.cache.CacheBuilder$2                                          : loaded 2 times (x 72B)
Class com.google.common.base.CharMatcher$NegatedFastMatcher                           : loaded 2 times (x 113B)
Class [Lcom.google.common.collect.AbstractMapEntry;                                   : loaded 2 times (x 69B)
Class com.google.common.collect.ImmutableEntry                                        : loaded 2 times (x 82B)
Class com.google.common.collect.ArrayListMultimap                                     : loaded 2 times (x 172B)
Class com.google.common.base.AbstractIterator$1                                       : loaded 2 times (x 71B)
Class com.google.common.base.CharMatcher$Digit                                        : loaded 2 times (x 112B)
Class org.gradle.api.GradleException                                                  : loaded 2 times (x 82B)
Class com.google.common.io.CharSource$EmptyCharSource                                 : loaded 2 times (x 86B)
Class com.google.common.base.Suppliers$MemoizingSupplier                              : loaded 2 times (x 79B)
Class com.google.common.collect.CollectPreconditions                                  : loaded 2 times (x 71B)
Class com.google.common.base.CharMatcher$JavaIsoControl                               : loaded 2 times (x 112B)
Class com.google.common.hash.ImmutableSupplier                                        : loaded 2 times (x 70B)
Class [Lcom.google.common.collect.MapMakerInternalMap$Strength;                       : loaded 2 times (x 69B)
Class [Lcom.google.common.io.FileWriteMode;                                           : loaded 2 times (x 69B)
Class com.google.common.collect.SortedMapDifference                                   : loaded 2 times (x 70B)
Class com.google.common.base.CharMatcher$JavaLowerCase                                : loaded 2 times (x 111B)
Class com.google.common.hash.HashCode$IntHashCode                                     : loaded 2 times (x 80B)
Class com.google.common.collect.Iterables$4                                           : loaded 2 times (x 81B)
Class com.google.common.collect.MapMakerInternalMap$StrongKeyDummyValueSegment        : loaded 2 times (x 142B)
Class com.google.common.io.Files                                                      : loaded 2 times (x 71B)
Class com.google.common.cache.LocalCache$EntryFactory                                 : loaded 2 times (x 83B)
Class [Lcom.google.common.collect.MapMaker$Dummy;                                     : loaded 2 times (x 69B)
Class com.google.common.cache.LocalCache$AbstractReferenceEntry                       : loaded 2 times (x 107B)
Class com.google.common.base.Splitter$1$1                                             : loaded 2 times (x 86B)
Class com.google.common.base.CharMatcher$Whitespace                                   : loaded 2 times (x 112B)
Class org.gradle.internal.IoActions                                                   : loaded 2 times (x 71B)
Class com.google.common.collect.ImmutableMapKeySet                                    : loaded 2 times (x 150B)
Class com.google.common.collect.ImmutableRangeSet$ComplementRanges                    : loaded 2 times (x 207B)
Class org.objectweb.asm.SymbolTable                                                   : loaded 2 times (x 72B)
Class com.google.common.cache.CacheLoader$InvalidCacheLoadException                   : loaded 2 times (x 82B)
Class com.google.common.collect.ImmutableSet$RegularSetBuilderImpl                    : loaded 2 times (x 77B)
Class com.google.common.base.CharMatcher$SingleWidth                                  : loaded 2 times (x 112B)
Class org.gradle.internal.classloader.SystemClassLoaderSpec                           : loaded 2 times (x 71B)
Class com.google.common.collect.FluentIterable                                        : loaded 2 times (x 81B)
Class com.google.common.cache.LocalCache$StrongEntry                                  : loaded 2 times (x 108B)
Class com.google.common.util.concurrent.AbstractFuture$TrustedFuture                  : loaded 2 times (x 114B)
Class com.google.common.cache.LoadingCache                                            : loaded 2 times (x 70B)
Class com.google.common.base.Suppliers$NonSerializableMemoizingSupplier               : loaded 2 times (x 79B)
Class com.google.common.io.ByteStreams$LimitedInputStream                             : loaded 2 times (x 92B)
Class org.objectweb.asm.MethodWriter                                                  : loaded 2 times (x 106B)
Class [Lcom.google.common.cache.Weigher;                                              : loaded 2 times (x 69B)
Class com.google.common.collect.RegularImmutableMap$BucketOverflowException           : loaded 2 times (x 82B)
Class com.google.common.collect.ImmutableMultimap$1                                   : loaded 2 times (x 82B)
Class com.google.common.collect.AbstractMapBasedMultimap$RandomAccessWrappedList      : loaded 2 times (x 205B)
Class com.google.common.collect.AbstractIterator$State                                : loaded 2 times (x 79B)
Class com.google.common.collect.ImmutableMultimap$2                                   : loaded 2 times (x 81B)
Class com.google.common.collect.RegularImmutableBiMap                                 : loaded 2 times (x 148B)
Class com.google.common.cache.LocalCache$ValueReference                               : loaded 2 times (x 70B)
Class com.google.common.base.CharMatcher$Negated                                      : loaded 2 times (x 113B)
Class com.google.common.base.CharMatcher$Is                                           : loaded 2 times (x 111B)
Class com.google.common.hash.PrimitiveSink                                            : loaded 2 times (x 70B)
Class com.google.common.util.concurrent.AbstractFuture$Failure                        : loaded 2 times (x 72B)
Class com.google.common.base.Equivalence$Equals                                       : loaded 2 times (x 82B)
Class com.google.common.collect.Hashing                                               : loaded 2 times (x 71B)
Class com.google.common.base.PatternCompiler                                          : loaded 2 times (x 70B)
Class com.google.common.base.Preconditions                                            : loaded 2 times (x 71B)
Class com.google.common.collect.ImmutableSetMultimap                                  : loaded 2 times (x 180B)
Class com.google.common.io.CharSink                                                   : loaded 2 times (x 79B)
Class com.google.common.base.Joiner$1                                                 : loaded 2 times (x 80B)
Class org.objectweb.asm.Label                                                         : loaded 2 times (x 73B)
Class org.objectweb.asm.CurrentFrame                                                  : loaded 2 times (x 73B)
Class org.objectweb.asm.ClassTooLargeException                                        : loaded 2 times (x 83B)
Class com.google.gson.stream.JsonReader                                               : loaded 2 times (x 97B)
Class com.google.common.collect.PeekingIterator                                       : loaded 2 times (x 70B)
Class com.google.common.base.CharMatcher                                              : loaded 2 times (x 111B)
Class com.google.common.hash.HashCode$LongHashCode                                    : loaded 2 times (x 80B)
Class com.google.common.io.ByteSource$AsCharSource                                    : loaded 2 times (x 86B)
Class com.google.common.collect.Maps$IteratorBasedAbstractMap                         : loaded 2 times (x 125B)
Class com.google.common.collect.MapMakerInternalMap$InternalEntryHelper               : loaded 2 times (x 70B)
Class com.google.common.collect.RangeGwtSerializationDependencies                     : loaded 2 times (x 71B)
Class com.google.common.collect.Table                                                 : loaded 2 times (x 70B)
Class com.google.common.base.Joiner$2                                                 : loaded 2 times (x 79B)
Class org.objectweb.asm.Frame                                                         : loaded 2 times (x 73B)
Class org.objectweb.asm.MethodVisitor                                                 : loaded 2 times (x 105B)
Class com.google.common.cache.LocalCache$EntryFactory$1                               : loaded 2 times (x 83B)
Class [Lcom.google.common.cache.RemovalListener;                                      : loaded 2 times (x 69B)
Class com.google.common.base.CharMatcher$1                                            : loaded 2 times (x 113B)
Class com.google.common.base.CharMatcher$NamedFastMatcher                             : loaded 2 times (x 112B)
Class com.google.common.collect.RangeSet                                              : loaded 2 times (x 70B)
Class com.google.common.cache.LocalCache$EntryFactory$2                               : loaded 2 times (x 83B)
Class com.google.common.collect.CollectCollectors                                     : loaded 2 times (x 71B)
Class org.objectweb.asm.ModuleWriter                                                  : loaded 2 times (x 82B)
Class com.google.common.cache.LocalCache$EntryFactory$3                               : loaded 2 times (x 83B)
Class com.google.common.base.Ticker$1                                                 : loaded 2 times (x 72B)
Class com.google.common.collect.ImmutableMapEntrySet$RegularEntrySet                  : loaded 2 times (x 151B)
Class com.google.common.collect.Maps$BiMapConverter                                   : loaded 2 times (x 90B)
Class build_b5oilpzty9hd1gfydd6ixtp39                                                 : loaded 2 times (x 180B)
Class com.google.common.collect.SetMultimap                                           : loaded 2 times (x 70B)
Class com.google.common.cache.LocalCache$EntryFactory$4                               : loaded 2 times (x 83B)
Class com.google.common.collect.ImmutableSet$Builder                                  : loaded 2 times (x 85B)
Class com.google.common.base.CharMatcher$InRange                                      : loaded 2 times (x 111B)
Class com.google.common.io.ByteStreams$1                                              : loaded 2 times (x 85B)
Class com.google.common.cache.LocalCache$EntryFactory$5                               : loaded 2 times (x 83B)
Class com.google.common.cache.LocalCache$EntryFactory$6                               : loaded 2 times (x 83B)
Class org.gradle.internal.installation.CurrentGradleInstallationLocator               : loaded 2 times (x 71B)
Class com.google.common.io.ByteSource$SlicedByteSource                                : loaded 2 times (x 85B)
Class com.google.common.collect.ImmutableMultimap$Builder                             : loaded 2 times (x 83B)
Class org.objectweb.asm.ClassReader                                                   : loaded 2 times (x 93B)
Class com.google.common.collect.Maps$KeySet                                           : loaded 2 times (x 137B)
Class com.google.common.cache.LocalCache$EntryFactory$7                               : loaded 2 times (x 83B)
Class com.google.common.collect.ImmutableSet$EmptySetBuilderImpl                      : loaded 2 times (x 76B)
Class com.google.common.collect.ImmutableList                                         : loaded 2 times (x 206B)
Class org.gradle.internal.service.DefaultServiceLocator                               : loaded 2 times (x 83B)
Class com.google.common.cache.LocalCache$SoftValueReference                           : loaded 2 times (x 97B)
Class com.google.common.collect.ImmutableMultimap$EntryCollection                     : loaded 2 times (x 127B)
Class com.google.common.collect.Maps$EntrySet                                         : loaded 2 times (x 136B)
Class com.google.common.cache.LocalCache$EntryFactory$8                               : loaded 2 times (x 83B)
Class com.google.common.collect.ImmutableSet$SetBuilderImpl                           : loaded 2 times (x 76B)
Class org.gradle.internal.installation.CurrentGradleInstallation                      : loaded 2 times (x 73B)
Class org.objectweb.asm.Opcodes                                                       : loaded 2 times (x 70B)
Class com.google.common.cache.CacheLoader$1                                           : loaded 2 times (x 75B)
Class com.google.common.collect.ImmutableList$SubList                                 : loaded 2 times (x 208B)
Class settings_7mjlx0kdgghx0gueypxf7remn$_run_closure1                                : loaded 2 times (x 139B)
Class org.gradle.util.internal.GUtil                                                  : loaded 2 times (x 71B)
Class com.google.common.io.ByteSource                                                 : loaded 2 times (x 84B)
Class com.google.common.util.concurrent.AbstractFuture$SetFuture                      : loaded 2 times (x 75B)
Class com.google.common.cache.AbstractCache$StatsCounter                              : loaded 2 times (x 70B)
Class com.google.common.io.LineBuffer                                                 : loaded 2 times (x 75B)
Class com.google.common.collect.MapMakerInternalMap$1                                 : loaded 2 times (x 83B)
Class org.objectweb.asm.Context                                                       : loaded 2 times (x 72B)
Class com.google.common.collect.Iterators$MergingIterator                             : loaded 2 times (x 81B)
Class com.google.common.collect.RegularImmutableSet                                   : loaded 2 times (x 148B)
Class org.gradle.internal.installation.GradleInstallation                             : loaded 2 times (x 75B)
Class [Lcom.google.common.hash.Hashing$ChecksumType;                                  : loaded 2 times (x 69B)
Class com.google.common.collect.Iterables                                             : loaded 2 times (x 71B)
Class com.google.common.base.Splitter$Strategy                                        : loaded 2 times (x 70B)
Class [Lorg.objectweb.asm.ConstantDynamic;                                            : loaded 2 times (x 69B)
Class com.google.common.collect.Lists$RandomAccessReverseList                         : loaded 2 times (x 200B)

---------------  S Y S T E M  ---------------

OS:
 Windows 11 , 64 bit Build 26100 (10.0.26100.8246)
OS uptime: 0 days 1:17 hours
Hyper-V role detected

CPU: total 16 (initial active 16) (8 cores per cpu, 2 threads per core) family 6 model 154 stepping 3 microcode 0x424, cx8, cmov, fxsr, ht, mmx, 3dnowpref, sse, sse2, sse3, ssse3, sse4.1, sse4.2, popcnt, lzcnt, tsc, tscinvbit, avx, avx2, aes, erms, clmul, bmi1, bmi2, adx, sha, fma, vzeroupper, clflush, clflushopt, clwb, hv, serialize, rdtscp, rdpid, fsrm, f16c, cet_ibt, cet_ss
Processor Information for the first 16 processors :
  Max Mhz: 2300, Current Mhz: 2300, Mhz Limit: 2300

Memory: 4k page, system-wide physical 16085M (735M free)
TotalPageFile size 24942M (AvailPageFile size 142M)
current process WorkingSet (physical memory assigned to process): 1171M, peak: 1177M
current process commit charge ("private bytes"): 1218M, peak: 1226M

vm_info: OpenJDK 64-Bit Server VM (21.0.10+-14961533-b1163.108) for windows-amd64 JRE (21.0.10+-14961533-b1163.108), built on 2026-03-02T19:58:50Z by "builder" with MS VC++ 16.10 / 16.11 (VS2019)

END.
